id,employee_id,course_id,status,score,completion_date,expiry_date,hours_completed,certificate_issued,notes
1,1,6,Completed,85.0,2026-04-12T05:04:38.143726,2027-04-12T05:04:38.143726,16.0,True,
2,1,9,Completed,90.0,2026-05-12T05:04:38.143782,2027-05-12T05:04:38.143782,4.0,True,
3,1,5,Expired,78.0,2025-07-26T05:04:38.143805,2026-07-26T05:04:38.143805,8.0,False,
4,2,1,Completed,89.1,2025-10-13T05:04:38.143914,2026-10-13T05:04:38.143914,16,True,
5,2,57,In Progress,,,,2.6,False,
6,2,8,In Progress,,,,5.2,False,
7,2,76,Not Started,,,,0.0,False,
8,2,84,Completed,80.6,2026-01-31T05:04:38.143980,2027-01-31T05:04:38.143980,4,True,
9,3,83,Completed,88.5,2025-06-26T05:04:38.144027,2026-06-26T05:04:38.144027,8,True,
10,3,7,In Progress,,,,25.6,False,
11,3,4,In Progress,,,,19.0,False,
12,3,80,Not Started,,,,0.0,False,
13,3,13,Completed,79.8,2025-08-13T05:04:38.144062,2026-08-13T05:04:38.144062,40,True,
14,3,77,In Progress,,,,16.3,False,
15,4,34,Not Started,,,,0.0,False,
16,4,31,In Progress,,,,15.0,False,
17,4,100,Not Started,,,,0.0,False,
18,4,12,Completed,77.3,2025-07-21T05:04:38.144108,2026-07-21T05:04:38.144108,32,True,
19,4,13,Not Started,,,,0.0,False,
20,4,97,Completed,95.6,2026-03-14T05:04:38.144133,2027-03-14T05:04:38.144133,8,True,
21,4,92,Expired,70.7,2025-11-22T05:04:38.144154,2025-11-12T05:04:38.144154,0.0,False,
22,4,29,Completed,74.6,2026-05-02T05:04:38.144176,2027-05-02T05:04:38.144176,8,True,
23,5,20,Completed,95.2,2025-05-06T05:04:38.144207,2026-05-06T05:04:38.144207,8,True,
24,5,14,Not Started,,,,0.0,False,
25,5,62,Expired,82.3,2026-06-23T05:04:38.144231,2026-06-13T05:04:38.144231,0.0,False,
26,5,33,Not Started,,,,0.0,False,
27,5,25,Not Started,,,,0.0,False,
28,5,92,Expired,87.9,2026-01-22T05:04:38.144258,2026-01-12T05:04:38.144258,0.0,False,
29,5,52,Not Started,,,,0.0,False,
30,5,4,Completed,90.8,2026-05-07T05:04:38.144281,2027-05-07T05:04:38.144281,40,True,
31,6,41,Not Started,,,,0.0,False,
32,6,14,Completed,81.3,2026-05-30T05:04:38.144312,2027-05-30T05:04:38.144312,40,True,
33,6,65,In Progress,,,,29.9,False,
34,6,42,Not Started,,,,0.0,False,
35,6,64,Completed,76.5,2026-06-28T05:04:38.144339,2027-06-28T05:04:38.144339,8,True,
36,7,94,In Progress,,,,2.0,False,
37,7,63,Completed,99.5,2026-01-29T05:04:38.144398,2027-01-29T05:04:38.144398,16,True,
38,7,85,Completed,70.8,2025-12-26T05:04:38.144423,2026-12-26T05:04:38.144423,40,True,
39,7,86,Completed,86.6,2025-12-14T05:04:38.144443,2026-12-14T05:04:38.144443,8,True,
40,8,44,Not Started,,,,0.0,False,
41,8,99,In Progress,,,,21.7,False,
42,8,76,In Progress,,,,11.8,False,
43,8,52,Expired,95.5,2025-05-28T05:04:38.144485,2025-05-18T05:04:38.144485,0.0,False,
44,8,91,Expired,70.4,2025-07-28T05:04:38.144506,2025-07-18T05:04:38.144506,0.0,False,
45,8,9,Not Started,,,,0.0,False,
46,8,24,Completed,88.8,2026-01-14T05:04:38.144530,2027-01-14T05:04:38.144530,40,True,
47,9,17,Expired,83.9,2025-05-08T05:04:38.144560,2025-04-28T05:04:38.144560,0.0,False,
48,9,16,Completed,68.5,2026-06-11T05:04:38.144582,2027-06-11T05:04:38.144582,16,True,
49,9,49,In Progress,,,,8.8,False,
50,9,62,Completed,89.9,2025-05-21T05:04:38.144606,2026-05-21T05:04:38.144606,40,True,
51,9,26,Not Started,,,,0.0,False,
52,9,31,Not Started,,,,0.0,False,
53,9,60,Expired,99.7,2025-12-28T05:04:38.144632,2025-12-18T05:04:38.144632,0.0,False,
54,9,12,Not Started,,,,0.0,False,
55,10,38,In Progress,,,,21.0,False,
56,10,4,In Progress,,,,27.6,False,
57,10,11,Expired,78.3,2026-03-02T05:04:38.144672,2026-02-20T05:04:38.144672,0.0,False,
58,10,40,In Progress,,,,3.5,False,
59,10,71,Expired,92.7,2026-05-25T05:04:38.144697,2026-05-15T05:04:38.144697,0.0,False,
60,10,70,Completed,66.2,2026-01-29T05:04:38.144718,2027-01-29T05:04:38.144718,16,True,
61,10,79,Completed,81.0,2025-12-02T05:04:38.144738,2026-12-02T05:04:38.144738,40,True,
62,10,3,In Progress,,,,26.3,False,
63,11,39,Not Started,,,,0.0,False,
64,11,29,Completed,83.5,2025-10-31T05:04:38.144775,2026-10-31T05:04:38.144775,8,True,
65,11,35,In Progress,,,,5.6,False,
66,11,62,Expired,82.1,2026-04-30T05:04:38.144891,2026-04-20T05:04:38.144891,0.0,False,
67,11,41,Expired,70.6,2026-03-24T05:04:38.144943,2026-03-14T05:04:38.144943,0.0,False,
68,11,90,Expired,81.5,2026-02-24T05:04:38.144971,2026-02-14T05:04:38.144971,0.0,False,
69,11,13,In Progress,,,,3.9,False,
70,12,92,Completed,69.0,2026-05-21T05:04:38.145026,2027-05-21T05:04:38.145026,24,True,
71,12,89,Expired,81.1,2025-08-14T05:04:38.145052,2025-08-04T05:04:38.145052,0.0,False,
72,12,55,In Progress,,,,31.5,False,
73,12,76,Expired,76.1,2026-04-27T05:04:38.145081,2026-04-17T05:04:38.145081,0.0,False,
74,12,45,Completed,67.4,2026-05-06T05:04:38.145104,2027-05-06T05:04:38.145104,8,True,
75,12,6,Expired,71.9,2025-07-28T05:04:38.145125,2025-07-18T05:04:38.145125,0.0,False,
76,13,83,Not Started,,,,0.0,False,
77,13,71,Not Started,,,,0.0,False,
78,13,1,Expired,88.1,2026-01-02T05:04:38.145166,2025-12-23T05:04:38.145166,0.0,False,
79,13,67,Not Started,,,,0.0,False,
80,13,72,Expired,75.0,2025-05-10T05:04:38.145191,2025-04-30T05:04:38.145191,0.0,False,
81,13,52,In Progress,,,,1.2,False,
82,13,99,Not Started,,,,0.0,False,
83,13,36,Expired,83.8,2026-02-17T05:04:38.145220,2026-02-07T05:04:38.145220,0.0,False,
84,14,83,Completed,68.3,2025-05-08T05:04:38.145250,2026-05-08T05:04:38.145250,8,True,
85,14,12,Expired,92.1,2026-04-14T05:04:38.145271,2026-04-04T05:04:38.145271,0.0,False,
86,14,69,Not Started,,,,0.0,False,
87,14,49,Completed,85.9,2025-08-20T05:04:38.145295,2026-08-20T05:04:38.145295,40,True,
88,14,60,Completed,99.0,2025-12-11T05:04:38.145317,2026-12-11T05:04:38.145317,40,True,
89,14,57,Completed,97.6,2026-03-07T05:04:38.145337,2027-03-07T05:04:38.145337,16,True,
90,14,97,Expired,70.1,2025-10-30T05:04:38.145357,2025-10-20T05:04:38.145357,0.0,False,
91,15,57,Expired,82.6,2025-09-25T05:04:38.145387,2025-09-15T05:04:38.145387,0.0,False,
92,15,11,Completed,91.7,2026-04-29T05:04:38.145408,2027-04-29T05:04:38.145408,40,True,
93,15,97,Completed,91.2,2025-06-10T05:04:38.145429,2026-06-10T05:04:38.145429,8,True,
94,15,77,Expired,92.0,2025-08-13T05:04:38.145453,2025-08-03T05:04:38.145453,0.0,False,
95,15,33,Not Started,,,,0.0,False,
96,15,100,Expired,69.2,2025-09-19T05:04:38.145476,2025-09-09T05:04:38.145476,0.0,False,
97,16,27,In Progress,,,,6.5,False,
98,16,77,Completed,92.4,2026-05-17T05:04:38.145513,2027-05-17T05:04:38.145513,24,True,
99,16,69,Not Started,,,,0.0,False,
100,16,81,Completed,86.3,2025-09-27T05:04:38.145537,2026-09-27T05:04:38.145537,8,True,
101,16,39,Completed,72.2,2026-06-04T05:04:38.145558,2027-06-04T05:04:38.145558,16,True,
102,16,59,Not Started,,,,0.0,False,
103,16,1,Completed,86.3,2026-05-05T05:04:38.145582,2027-05-05T05:04:38.145582,16,True,
104,17,16,In Progress,,,,15.7,False,
105,17,43,Not Started,,,,0.0,False,
106,17,22,Expired,81.3,2025-11-15T05:04:38.145617,2025-11-05T05:04:38.145617,0.0,False,
107,17,90,Not Started,,,,0.0,False,
108,17,42,Completed,86.0,2026-03-31T05:04:38.145642,2027-03-31T05:04:38.145642,24,True,
109,18,47,Expired,94.4,2026-03-21T05:04:38.145670,2026-03-11T05:04:38.145670,0.0,False,
110,18,55,In Progress,,,,11.7,False,
111,18,41,Completed,92.1,2025-06-28T05:04:38.145695,2026-06-28T05:04:38.145695,40,True,
112,18,21,Completed,83.7,2025-08-30T05:04:38.145716,2026-08-30T05:04:38.145716,4,True,
113,18,83,Expired,96.5,2025-08-02T05:04:38.145736,2025-07-23T05:04:38.145736,0.0,False,
114,19,7,Expired,85.8,2026-04-28T05:04:38.145766,2026-04-18T05:04:38.145766,0.0,False,
115,19,32,Completed,88.5,2026-04-19T05:04:38.145791,2027-04-19T05:04:38.145791,40,True,
116,19,55,In Progress,,,,39.0,False,
117,19,51,Not Started,,,,0.0,False,
118,19,73,In Progress,,,,16.0,False,
119,19,27,Expired,73.8,2025-09-18T05:04:38.145824,2025-09-08T05:04:38.145824,0.0,False,
120,19,72,Expired,93.6,2026-01-19T05:04:38.145847,2026-01-09T05:04:38.145847,0.0,False,
121,20,23,In Progress,,,,8.9,False,
122,20,81,Expired,87.3,2026-06-18T05:04:38.145883,2026-06-08T05:04:38.145883,0.0,False,
123,20,43,Expired,65.3,2025-12-31T05:04:38.145906,2025-12-21T05:04:38.145906,0.0,False,
124,20,28,Completed,94.6,2025-09-21T05:04:38.145928,2026-09-21T05:04:38.145928,4,True,
125,20,58,Expired,92.8,2025-12-14T05:04:38.145951,2025-12-04T05:04:38.145951,0.0,False,
126,20,25,Not Started,,,,0.0,False,
127,21,17,Not Started,,,,0.0,False,
128,21,51,Completed,73.0,2025-06-13T05:04:38.145986,2026-06-13T05:04:38.145986,8,True,
129,21,18,Not Started,,,,0.0,False,
130,21,41,In Progress,,,,1.7,False,
131,22,90,Not Started,,,,0.0,False,
132,22,68,In Progress,,,,38.3,False,
133,22,52,Completed,69.8,2026-01-23T05:04:38.146041,2027-01-23T05:04:38.146041,4,True,
134,22,10,Not Started,,,,0.0,False,
135,22,36,Completed,66.8,2026-05-27T05:04:38.146067,2027-05-27T05:04:38.146067,8,True,
136,22,48,Expired,88.6,2026-05-06T05:04:38.146090,2026-04-26T05:04:38.146090,0.0,False,
137,23,5,Completed,70.0,2025-07-05T05:04:38.146120,2026-07-05T05:04:38.146120,8,True,
138,23,3,Expired,68.6,2026-03-06T05:04:38.146143,2026-02-24T05:04:38.146143,0.0,False,
139,23,57,In Progress,,,,11.1,False,
140,23,36,Completed,94.9,2026-07-05T05:04:38.146170,2027-07-05T05:04:38.146170,8,True,
141,23,90,Completed,94.4,2026-05-10T05:04:38.146192,2027-05-10T05:04:38.146192,24,True,
142,24,95,Completed,89.2,2025-10-09T05:04:38.146224,2026-10-09T05:04:38.146224,8,True,
143,24,30,Expired,71.4,2026-07-18T05:04:38.146247,2026-07-08T05:04:38.146247,0.0,False,
144,24,78,Expired,76.4,2025-09-01T05:04:38.146270,2025-08-22T05:04:38.146270,0.0,False,
145,24,13,Completed,88.8,2026-03-10T05:04:38.146293,2027-03-10T05:04:38.146293,40,True,
146,24,98,Completed,79.2,2026-01-29T05:04:38.146316,2027-01-29T05:04:38.146316,16,True,
147,24,90,In Progress,,,,20.6,False,
148,25,58,Not Started,,,,0.0,False,
149,25,93,Completed,92.3,2025-08-30T05:04:38.146351,2026-08-30T05:04:38.146351,16,True,
150,25,56,Expired,94.0,2025-07-06T05:04:38.146374,2025-06-26T05:04:38.146374,0.0,False,
151,25,94,In Progress,,,,3.4,False,
152,26,44,Expired,93.9,2025-12-12T05:04:38.146408,2025-12-02T05:04:38.146408,0.0,False,
153,26,21,Not Started,,,,0.0,False,
154,26,36,Expired,70.8,2026-01-31T05:04:38.146435,2026-01-21T05:04:38.146435,0.0,False,
155,26,45,Expired,66.0,2025-12-02T05:04:38.146458,2025-11-22T05:04:38.146458,0.0,False,
156,26,38,Not Started,,,,0.0,False,
157,27,28,Not Started,,,,0.0,False,
158,27,45,Not Started,,,,0.0,False,
159,27,85,Completed,92.0,2025-08-31T05:04:38.146496,2026-08-31T05:04:38.146496,40,True,
160,27,100,Completed,85.4,2025-08-30T05:04:38.146519,2026-08-30T05:04:38.146519,8,True,
161,27,37,Not Started,,,,0.0,False,
162,28,6,Not Started,,,,0.0,False,
163,28,72,In Progress,,,,2.4,False,
164,28,66,Not Started,,,,0.0,False,
165,28,99,In Progress,,,,28.6,False,
166,28,55,In Progress,,,,32.6,False,
167,28,12,Not Started,,,,0.0,False,
168,28,43,Completed,81.4,2026-02-26T05:04:38.146597,2027-02-26T05:04:38.146597,4,True,
169,29,14,Not Started,,,,0.0,False,
170,29,19,Not Started,,,,0.0,False,
171,29,74,Expired,73.2,2026-06-09T05:04:38.146638,2026-05-30T05:04:38.146638,0.0,False,
172,29,94,Completed,88.9,2026-01-20T05:04:38.146662,2027-01-20T05:04:38.146662,4,True,
173,29,54,Completed,83.4,2025-09-08T05:04:38.146685,2026-09-08T05:04:38.146685,8,True,
174,30,50,Not Started,,,,0.0,False,
175,30,35,Completed,83.4,2025-05-21T05:04:38.146723,2026-05-21T05:04:38.146723,16,True,
176,30,32,In Progress,,,,12.8,False,
177,30,20,In Progress,,,,5.1,False,
178,30,43,Not Started,,,,0.0,False,
179,30,7,Expired,92.5,2025-09-09T05:04:38.146756,2025-08-30T05:04:38.146756,0.0,False,
180,30,66,Not Started,,,,0.0,False,
181,31,63,Expired,98.7,2025-12-25T05:04:38.146789,2025-12-15T05:04:38.146789,0.0,False,
182,31,75,Not Started,,,,0.0,False,
183,31,78,In Progress,,,,17.4,False,
184,31,96,Completed,83.5,2025-06-03T05:04:38.146822,2026-06-03T05:04:38.146822,4,True,
185,32,10,Completed,95.0,2025-05-03T05:04:38.146854,2026-05-03T05:04:38.146854,16,True,
186,32,82,In Progress,,,,6.6,False,
187,32,13,Expired,72.7,2026-07-15T05:04:38.146934,2026-07-05T05:04:38.146934,0.0,False,
188,32,75,Not Started,,,,0.0,False,
189,32,17,Completed,76.1,2026-03-29T05:04:38.146989,2027-03-29T05:04:38.146989,40,True,
190,32,42,Completed,82.6,2025-07-03T05:04:38.147003,2026-07-03T05:04:38.147003,24,True,
191,33,85,Expired,98.0,2026-07-15T05:04:38.147028,2026-07-05T05:04:38.147028,0.0,False,
192,33,50,Completed,73.5,2025-12-13T05:04:38.147040,2026-12-13T05:04:38.147040,16,True,
193,33,77,Not Started,,,,0.0,False,
194,33,35,In Progress,,,,10.1,False,
195,33,16,Completed,93.5,2026-03-20T05:04:38.147055,2027-03-20T05:04:38.147055,16,True,
196,33,70,Completed,71.5,2025-11-28T05:04:38.147065,2026-11-28T05:04:38.147065,16,True,
197,33,78,Not Started,,,,0.0,False,
198,33,53,Expired,78.3,2025-07-10T05:04:38.147077,2025-06-30T05:04:38.147077,0.0,False,
199,34,37,In Progress,,,,13.1,False,
200,34,58,Completed,84.8,2026-04-19T05:04:38.147095,2027-04-19T05:04:38.147095,24,True,
201,34,49,Expired,73.6,2025-08-10T05:04:38.147105,2025-07-31T05:04:38.147105,0.0,False,
202,34,38,In Progress,,,,2.6,False,
203,34,71,Completed,67.7,2025-10-11T05:04:38.147119,2026-10-11T05:04:38.147119,16,True,
204,34,23,In Progress,,,,17.3,False,
205,34,9,Completed,71.1,2026-07-20T05:04:38.147130,2027-07-20T05:04:38.147130,4,True,
206,35,48,In Progress,,,,5.9,False,
207,35,76,Expired,97.9,2026-05-21T05:04:38.147145,2026-05-11T05:04:38.147145,0.0,False,
208,35,59,Completed,94.8,2025-08-28T05:04:38.147155,2026-08-28T05:04:38.147155,24,True,
209,35,40,In Progress,,,,4.1,False,
210,35,94,Completed,77.6,2026-07-06T05:04:38.147167,2027-07-06T05:04:38.147167,4,True,
211,36,72,Not Started,,,,0.0,False,
212,36,99,Not Started,,,,0.0,False,
213,36,52,Not Started,,,,0.0,False,
214,36,88,In Progress,,,,11.7,False,
215,36,82,Completed,94.5,2025-11-20T05:04:38.147186,2026-11-20T05:04:38.147186,16,True,
216,36,26,In Progress,,,,3.6,False,
217,37,57,Not Started,,,,0.0,False,
218,37,53,Expired,91.4,2025-10-16T05:04:38.147202,2025-10-06T05:04:38.147202,0.0,False,
219,37,39,Completed,92.6,2025-04-26T05:04:38.147212,2026-04-26T05:04:38.147212,16,True,
220,37,58,Completed,84.9,2025-07-03T05:04:38.147222,2026-07-03T05:04:38.147222,24,True,
221,38,62,Completed,73.6,2025-09-24T05:04:38.147236,2026-09-24T05:04:38.147236,40,True,
222,38,1,Expired,65.5,2026-04-10T05:04:38.147246,2026-03-31T05:04:38.147246,0.0,False,
223,38,6,Completed,89.6,2025-04-13T05:04:38.147255,2026-04-13T05:04:38.147255,16,True,
224,38,60,Not Started,,,,0.0,False,
225,38,47,Not Started,,,,0.0,False,
226,38,90,Completed,68.3,2025-09-18T05:04:38.147268,2026-09-18T05:04:38.147268,24,True,
227,39,95,In Progress,,,,1.9,False,
228,39,71,Completed,69.9,2025-11-28T05:04:38.147287,2026-11-28T05:04:38.147287,16,True,
229,39,17,In Progress,,,,6.8,False,
230,39,42,Expired,74.2,2026-05-17T05:04:38.147298,2026-05-07T05:04:38.147298,0.0,False,
231,40,28,In Progress,,,,2.1,False,
232,40,49,Completed,80.8,2026-06-01T05:04:38.147313,2027-06-01T05:04:38.147313,40,True,
233,40,84,Not Started,,,,0.0,False,
234,40,70,In Progress,,,,0.7,False,
235,40,69,Not Started,,,,0.0,False,
236,40,31,In Progress,,,,9.2,False,
237,40,10,Completed,69.5,2026-05-28T05:04:38.147332,2027-05-28T05:04:38.147332,16,True,
238,41,88,In Progress,,,,1.5,False,
239,41,96,Expired,67.9,2026-07-13T05:04:38.147348,2026-07-03T05:04:38.147348,0.0,False,
240,41,66,Expired,89.5,2026-07-23T05:04:38.147357,2026-07-13T05:04:38.147357,0.0,False,
241,41,20,Expired,83.2,2026-04-09T05:04:38.147367,2026-03-30T05:04:38.147367,0.0,False,
242,41,8,Not Started,,,,0.0,False,
243,41,28,Expired,98.7,2026-03-02T05:04:38.147378,2026-02-20T05:04:38.147378,0.0,False,
244,41,17,In Progress,,,,31.7,False,
245,41,23,In Progress,,,,14.6,False,
246,42,35,Expired,72.4,2026-06-20T05:04:38.147394,2026-06-10T05:04:38.147394,0.0,False,
247,42,83,Expired,74.5,2026-05-16T05:04:38.147404,2026-05-06T05:04:38.147404,0.0,False,
248,42,96,Expired,95.5,2026-04-02T05:04:38.147414,2026-03-23T05:04:38.147414,0.0,False,
249,42,93,Not Started,,,,0.0,False,
250,42,58,Completed,65.4,2025-07-23T05:04:38.147425,2026-07-23T05:04:38.147425,24,True,
251,42,23,Expired,85.7,2026-06-30T05:04:38.147435,2026-06-20T05:04:38.147435,0.0,False,
252,43,84,Completed,83.0,2025-05-23T05:04:38.147447,2026-05-23T05:04:38.147447,4,True,
253,43,44,Not Started,,,,0.0,False,
254,43,98,Not Started,,,,0.0,False,
255,43,10,In Progress,,,,14.0,False,
256,44,34,Completed,82.5,2026-04-01T05:04:38.147464,2027-04-01T05:04:38.147464,24,True,
257,44,52,Expired,72.8,2026-04-25T05:04:38.147474,2026-04-15T05:04:38.147474,0.0,False,
258,44,40,Not Started,,,,0.0,False,
259,44,41,In Progress,,,,15.9,False,
260,44,89,In Progress,,,,7.3,False,
261,45,35,Expired,82.3,2025-10-22T05:04:38.147492,2025-10-12T05:04:38.147492,0.0,False,
262,45,80,In Progress,,,,15.4,False,
263,45,29,Not Started,,,,0.0,False,
264,45,43,Expired,97.1,2026-05-18T05:04:38.147505,2026-05-08T05:04:38.147505,0.0,False,
265,45,78,Completed,79.9,2025-04-23T05:04:38.147515,2026-04-23T05:04:38.147515,40,True,
266,45,56,Completed,94.7,2025-11-30T05:04:38.147524,2026-11-30T05:04:38.147524,40,True,
267,46,81,Completed,93.8,2025-06-07T05:04:38.147538,2026-06-07T05:04:38.147538,8,True,
268,46,100,Expired,76.6,2025-08-10T05:04:38.147548,2025-07-31T05:04:38.147548,0.0,False,
269,46,28,Not Started,,,,0.0,False,
270,46,19,In Progress,,,,3.3,False,
271,46,18,Not Started,,,,0.0,False,
272,46,82,In Progress,,,,13.8,False,
273,47,88,Not Started,,,,0.0,False,
274,47,59,Completed,83.8,2025-11-05T05:04:38.147569,2026-11-05T05:04:38.147569,24,True,
275,47,14,Completed,96.1,2026-05-13T05:04:38.147579,2027-05-13T05:04:38.147579,40,True,
276,47,83,Completed,87.6,2026-02-07T05:04:38.147589,2027-02-07T05:04:38.147589,8,True,
277,47,3,Completed,76.5,2026-03-15T05:04:38.147598,2027-03-15T05:04:38.147598,40,True,
278,47,73,Expired,74.4,2025-06-15T05:04:38.147607,2025-06-05T05:04:38.147607,0.0,False,
279,48,20,Not Started,,,,0.0,False,
280,48,43,Expired,77.6,2026-02-16T05:04:38.147622,2026-02-06T05:04:38.147622,0.0,False,
281,48,41,Completed,94.1,2025-07-06T05:04:38.147632,2026-07-06T05:04:38.147632,40,True,
282,48,54,Expired,66.0,2026-02-19T05:04:38.147642,2026-02-09T05:04:38.147642,0.0,False,
283,49,53,Completed,75.9,2025-09-14T05:04:38.147655,2026-09-14T05:04:38.147655,40,True,
284,49,99,Not Started,,,,0.0,False,
285,49,55,Not Started,,,,0.0,False,
286,49,84,In Progress,,,,3.1,False,
287,49,67,Not Started,,,,0.0,False,
288,50,83,Completed,71.7,2026-01-05T05:04:38.147674,2027-01-05T05:04:38.147674,8,True,
289,50,9,Completed,65.5,2026-02-13T05:04:38.147684,2027-02-13T05:04:38.147684,4,True,
290,50,90,Completed,83.4,2026-02-25T05:04:38.147693,2027-02-25T05:04:38.147693,24,True,
291,50,21,Expired,81.1,2025-05-18T05:04:38.147703,2025-05-08T05:04:38.147703,0.0,False,
292,50,49,In Progress,,,,16.7,False,
293,50,35,In Progress,,,,10.7,False,
294,50,39,In Progress,,,,10.8,False,
295,50,52,Expired,77.5,2025-09-09T05:04:38.147717,2025-08-30T05:04:38.147717,0.0,False,
296,51,71,Expired,73.7,2026-04-01T05:04:38.147730,2026-03-22T05:04:38.147730,0.0,False,
297,51,76,Not Started,,,,0.0,False,
298,51,96,Expired,76.9,2025-12-05T05:04:38.147741,2025-11-25T05:04:38.147741,0.0,False,
299,51,5,Expired,70.4,2025-06-28T05:04:38.147751,2025-06-18T05:04:38.147751,0.0,False,
300,51,39,In Progress,,,,13.4,False,
301,52,62,Completed,70.0,2026-01-15T05:04:38.147765,2027-01-15T05:04:38.147765,40,True,
302,52,8,Not Started,,,,0.0,False,
303,52,17,In Progress,,,,5.8,False,
304,52,43,In Progress,,,,3.0,False,
305,52,47,Expired,82.3,2026-05-04T05:04:38.147779,2026-04-24T05:04:38.147779,0.0,False,
306,53,10,Not Started,,,,0.0,False,
307,53,4,In Progress,,,,18.4,False,
308,53,52,Completed,67.8,2025-11-20T05:04:38.147794,2026-11-20T05:04:38.147794,4,True,
309,53,94,In Progress,,,,2.7,False,
310,53,39,In Progress,,,,5.6,False,
311,54,36,Not Started,,,,0.0,False,
312,54,1,In Progress,,,,1.4,False,
313,54,12,Expired,65.2,2025-04-08T05:04:38.147815,2025-03-29T05:04:38.147815,0.0,False,
314,54,94,In Progress,,,,3.6,False,
315,54,31,Expired,93.4,2025-07-13T05:04:38.147827,2025-07-03T05:04:38.147827,0.0,False,
316,54,68,Expired,92.1,2025-10-24T05:04:38.147836,2025-10-14T05:04:38.147836,0.0,False,
317,54,46,In Progress,,,,25.0,False,
318,54,73,Expired,85.8,2025-05-08T05:04:38.147848,2025-04-28T05:04:38.147848,0.0,False,
319,55,86,Completed,88.4,2026-05-25T05:04:38.147860,2027-05-25T05:04:38.147860,8,True,
320,55,68,Not Started,,,,0.0,False,
321,55,36,Completed,75.1,2025-08-29T05:04:38.147871,2026-08-29T05:04:38.147871,8,True,
322,55,17,Completed,99.0,2025-04-20T05:04:38.147881,2026-04-20T05:04:38.147881,40,True,
323,55,59,In Progress,,,,9.0,False,
324,56,29,Completed,72.7,2025-08-23T05:04:38.147895,2026-08-23T05:04:38.147895,8,True,
325,56,95,Completed,78.6,2025-04-11T05:04:38.147905,2026-04-11T05:04:38.147905,8,True,
326,56,77,In Progress,,,,9.1,False,
327,56,92,Not Started,,,,0.0,False,
328,56,46,Completed,79.8,2025-03-28T05:04:38.147917,2026-03-28T05:04:38.147917,40,True,
329,56,30,Completed,82.3,2026-01-05T05:04:38.147926,2027-01-05T05:04:38.147926,4,True,
330,57,44,Expired,95.9,2026-06-03T05:04:38.147939,2026-05-24T05:04:38.147939,0.0,False,
331,57,5,Expired,72.4,2026-01-23T05:04:38.147948,2026-01-13T05:04:38.147948,0.0,False,
332,57,42,In Progress,,,,16.9,False,
333,57,71,In Progress,,,,8.0,False,
334,57,41,Completed,98.7,2025-03-30T05:04:38.147961,2026-03-30T05:04:38.147961,40,True,
335,58,2,Not Started,,,,0.0,False,
336,58,79,In Progress,,,,9.3,False,
337,58,61,In Progress,,,,2.9,False,
338,58,63,Not Started,,,,0.0,False,
339,58,30,Completed,66.0,2026-05-08T05:04:38.147980,2027-05-08T05:04:38.147980,4,True,
340,59,67,Completed,74.8,2025-10-06T05:04:38.147994,2026-10-06T05:04:38.147994,24,True,
341,59,36,Not Started,,,,0.0,False,
342,59,12,Expired,99.4,2026-02-27T05:04:38.148005,2026-02-17T05:04:38.148005,0.0,False,
343,59,16,In Progress,,,,2.5,False,
344,59,61,Expired,80.2,2025-08-12T05:04:38.148016,2025-08-02T05:04:38.148016,0.0,False,
345,59,5,In Progress,,,,7.0,False,
346,59,2,In Progress,,,,6.0,False,
347,60,8,Not Started,,,,0.0,False,
348,60,95,Expired,97.5,2025-06-12T05:04:38.148033,2025-06-02T05:04:38.148033,0.0,False,
349,60,56,In Progress,,,,18.4,False,
350,60,11,Not Started,,,,0.0,False,
351,60,68,Completed,99.7,2026-01-05T05:04:38.148046,2027-01-05T05:04:38.148046,40,True,
352,60,7,In Progress,,,,1.0,False,
353,61,80,Expired,81.2,2026-02-19T05:04:38.148060,2026-02-09T05:04:38.148060,0.0,False,
354,61,36,Not Started,,,,0.0,False,
355,61,1,Not Started,,,,0.0,False,
356,61,45,Expired,92.4,2025-08-27T05:04:38.148073,2025-08-17T05:04:38.148073,0.0,False,
357,62,16,In Progress,,,,13.2,False,
358,62,48,Completed,98.1,2026-01-17T05:04:38.148089,2027-01-17T05:04:38.148089,8,True,
359,62,94,In Progress,,,,2.7,False,
360,62,72,Not Started,,,,0.0,False,
361,62,8,Not Started,,,,0.0,False,
362,62,1,Completed,74.7,2026-05-02T05:04:38.148102,2027-05-02T05:04:38.148102,16,True,
363,63,97,Expired,89.3,2026-07-10T05:04:38.148115,2026-06-30T05:04:38.148115,0.0,False,
364,63,15,Completed,73.4,2025-12-01T05:04:38.148125,2026-12-01T05:04:38.148125,40,True,
365,63,41,Expired,72.5,2026-04-24T05:04:38.148134,2026-04-14T05:04:38.148134,0.0,False,
366,63,74,Completed,84.4,2025-07-01T05:04:38.148144,2026-07-01T05:04:38.148144,40,True,
367,63,3,Not Started,,,,0.0,False,
368,63,91,Completed,92.3,2025-12-22T05:04:38.148155,2026-12-22T05:04:38.148155,8,True,
369,63,55,Expired,95.7,2026-02-15T05:04:38.148164,2026-02-05T05:04:38.148164,0.0,False,
370,64,7,In Progress,,,,17.3,False,
371,64,66,Expired,65.1,2026-01-13T05:04:38.148178,2026-01-03T05:04:38.148178,0.0,False,
372,64,19,Expired,74.8,2026-02-09T05:04:38.148188,2026-01-30T05:04:38.148188,0.0,False,
373,64,49,Expired,88.1,2025-12-09T05:04:38.148197,2025-11-29T05:04:38.148197,0.0,False,
374,64,32,Completed,92.3,2026-02-28T05:04:38.148207,2027-02-28T05:04:38.148207,40,True,
375,64,20,Not Started,,,,0.0,False,
376,64,72,Not Started,,,,0.0,False,
377,65,31,Not Started,,,,0.0,False,
378,65,90,Completed,69.2,2026-07-25T05:04:38.148224,2027-07-25T05:04:38.148224,24,True,
379,65,72,Completed,87.0,2025-04-30T05:04:38.148234,2026-04-30T05:04:38.148234,4,True,
380,65,16,In Progress,,,,12.0,False,
381,65,13,Expired,96.0,2025-06-26T05:04:38.148245,2025-06-16T05:04:38.148245,0.0,False,
382,65,43,In Progress,,,,1.8,False,
383,65,22,Expired,93.6,2026-02-05T05:04:38.148256,2026-01-26T05:04:38.148256,0.0,False,
384,65,100,Not Started,,,,0.0,False,
385,66,88,Completed,83.2,2025-05-06T05:04:38.148270,2026-05-06T05:04:38.148270,16,True,
386,66,24,Not Started,,,,0.0,False,
387,66,61,Expired,67.1,2026-03-04T05:04:38.148281,2026-02-22T05:04:38.148281,0.0,False,
388,66,36,Expired,85.1,2025-04-06T05:04:38.148290,2025-03-27T05:04:38.148290,0.0,False,
389,66,76,Not Started,,,,0.0,False,
390,67,24,Expired,76.3,2026-07-05T05:04:38.148305,2026-06-25T05:04:38.148305,0.0,False,
391,67,58,Not Started,,,,0.0,False,
392,67,41,Not Started,,,,0.0,False,
393,67,31,Not Started,,,,0.0,False,
394,67,93,Not Started,,,,0.0,False,
395,67,89,Completed,65.4,2026-01-11T05:04:38.148319,2027-01-11T05:04:38.148319,24,True,
396,68,4,Not Started,,,,0.0,False,
397,68,45,In Progress,,,,7.3,False,
398,68,84,In Progress,,,,0.7,False,
399,68,7,Completed,86.8,2026-01-11T05:04:38.148337,2027-01-11T05:04:38.148337,32,True,
400,68,10,Not Started,,,,0.0,False,
401,68,34,Not Started,,,,0.0,False,
402,68,48,In Progress,,,,3.9,False,
403,69,11,Expired,65.3,2025-09-26T05:04:38.148355,2025-09-16T05:04:38.148355,0.0,False,
404,69,35,Completed,94.8,2026-01-06T05:04:38.148364,2027-01-06T05:04:38.148364,16,True,
405,69,1,In Progress,,,,9.6,False,
406,69,40,In Progress,,,,1.7,False,
407,69,25,Not Started,,,,0.0,False,
408,69,33,Expired,83.2,2026-05-05T05:04:38.148378,2026-04-25T05:04:38.148378,0.0,False,
409,69,84,Expired,69.3,2026-07-13T05:04:38.148387,2026-07-03T05:04:38.148387,0.0,False,
410,70,44,Completed,92.7,2025-10-31T05:04:38.148400,2026-10-31T05:04:38.148400,4,True,
411,70,38,Completed,95.5,2025-08-04T05:04:38.148410,2026-08-04T05:04:38.148410,24,True,
412,70,2,In Progress,,,,21.7,False,
413,70,31,Not Started,,,,0.0,False,
414,70,66,Not Started,,,,0.0,False,
415,70,50,Expired,81.4,2025-10-24T05:04:38.148423,2025-10-14T05:04:38.148423,0.0,False,
416,71,42,In Progress,,,,20.1,False,
417,71,23,Expired,93.9,2026-01-27T05:04:38.148438,2026-01-17T05:04:38.148438,0.0,False,
418,71,2,Expired,73.4,2025-04-10T05:04:38.148448,2025-03-31T05:04:38.148448,0.0,False,
419,71,37,Not Started,,,,0.0,False,
420,71,65,Expired,96.9,2025-10-16T05:04:38.148459,2025-10-06T05:04:38.148459,0.0,False,
421,71,27,In Progress,,,,6.4,False,
422,71,95,Not Started,,,,0.0,False,
423,72,2,Not Started,,,,0.0,False,
424,72,72,In Progress,,,,2.7,False,
425,72,82,Expired,94.7,2026-05-15T05:04:38.148478,2026-05-05T05:04:38.148478,0.0,False,
426,72,79,In Progress,,,,11.6,False,
427,72,93,In Progress,,,,10.0,False,
428,73,78,Expired,74.9,2025-07-04T05:04:38.148494,2025-06-24T05:04:38.148494,0.0,False,
429,73,51,Completed,74.7,2025-09-20T05:04:38.148503,2026-09-20T05:04:38.148503,8,True,
430,73,4,Expired,78.2,2025-04-25T05:04:38.148513,2025-04-15T05:04:38.148513,0.0,False,
431,73,14,Completed,74.3,2026-06-18T05:04:38.148522,2027-06-18T05:04:38.148522,40,True,
432,73,82,Completed,83.1,2025-05-30T05:04:38.148532,2026-05-30T05:04:38.148532,16,True,
433,74,51,Not Started,,,,0.0,False,
434,74,3,Expired,70.4,2025-05-15T05:04:38.148545,2025-05-05T05:04:38.148545,0.0,False,
435,74,6,Expired,93.9,2026-06-17T05:04:38.148555,2026-06-07T05:04:38.148555,0.0,False,
436,74,5,Expired,79.7,2026-05-02T05:04:38.148564,2026-04-22T05:04:38.148564,0.0,False,
437,74,41,Completed,95.6,2026-07-28T05:04:38.148574,2027-07-28T05:04:38.148574,40,True,
438,75,76,In Progress,,,,5.3,False,
439,75,59,Expired,91.3,2025-03-31T05:04:38.148588,2025-03-21T05:04:38.148588,0.0,False,
440,75,48,Completed,69.9,2025-08-05T05:04:38.148597,2026-08-05T05:04:38.148597,8,True,
441,75,53,Not Started,,,,0.0,False,
442,75,55,Not Started,,,,0.0,False,
443,76,37,Completed,83.6,2026-04-14T05:04:38.148622,2027-04-14T05:04:38.148622,16,True,
444,76,90,In Progress,,,,17.7,False,
445,76,65,Completed,96.8,2025-12-21T05:04:38.148634,2026-12-21T05:04:38.148634,40,True,
446,76,29,Expired,81.2,2026-07-22T05:04:38.148643,2026-07-12T05:04:38.148643,0.0,False,
447,77,24,Not Started,,,,0.0,False,
448,77,19,Completed,79.9,2026-02-03T05:04:38.148659,2027-02-03T05:04:38.148659,8,True,
449,77,57,In Progress,,,,6.8,False,
450,77,25,Expired,76.8,2025-09-17T05:04:38.148670,2025-09-07T05:04:38.148670,0.0,False,
451,77,43,In Progress,,,,3.2,False,
452,77,30,In Progress,,,,1.2,False,
453,77,84,Not Started,,,,0.0,False,
454,77,38,Not Started,,,,0.0,False,
455,78,100,Expired,90.1,2025-05-27T05:04:38.148689,2025-05-17T05:04:38.148689,0.0,False,
456,78,31,Expired,88.3,2026-02-12T05:04:38.148699,2026-02-02T05:04:38.148699,0.0,False,
457,78,16,Completed,73.9,2025-09-08T05:04:38.148709,2026-09-08T05:04:38.148709,16,True,
458,78,98,Expired,97.2,2025-09-28T05:04:38.148720,2025-09-18T05:04:38.148720,0.0,False,
459,78,75,In Progress,,,,22.0,False,
460,78,82,Expired,77.8,2025-11-25T05:04:38.148731,2025-11-15T05:04:38.148731,0.0,False,
461,79,61,In Progress,,,,3.5,False,
462,79,4,Not Started,,,,0.0,False,
463,79,7,Completed,78.8,2025-05-19T05:04:38.148748,2026-05-19T05:04:38.148748,32,True,
464,79,55,Completed,67.3,2025-06-17T05:04:38.148758,2026-06-17T05:04:38.148758,40,True,
465,79,35,Not Started,,,,0.0,False,
466,79,37,Completed,99.8,2026-07-03T05:04:38.148768,2027-07-03T05:04:38.148768,16,True,
467,79,98,Not Started,,,,0.0,False,
468,80,64,Completed,97.8,2025-12-27T05:04:38.148783,2026-12-27T05:04:38.148783,8,True,
469,80,17,Expired,65.3,2025-07-05T05:04:38.148792,2025-06-25T05:04:38.148792,0.0,False,
470,80,82,In Progress,,,,11.9,False,
471,80,70,Not Started,,,,0.0,False,
472,80,21,In Progress,,,,2.0,False,
473,80,47,Expired,83.9,2026-03-18T05:04:38.148807,2026-03-08T05:04:38.148807,0.0,False,
474,81,68,Not Started,,,,0.0,False,
475,81,3,Completed,66.9,2026-06-06T05:04:38.148822,2027-06-06T05:04:38.148822,40,True,
476,81,79,Not Started,,,,0.0,False,
477,81,72,Not Started,,,,0.0,False,
478,81,71,In Progress,,,,1.7,False,
479,81,77,In Progress,,,,16.7,False,
480,81,36,Expired,98.9,2025-12-25T05:04:38.148837,2025-12-15T05:04:38.148837,0.0,False,
481,82,52,Expired,67.2,2026-06-08T05:04:38.148850,2026-05-29T05:04:38.148850,0.0,False,
482,82,7,Expired,92.8,2025-07-17T05:04:38.148859,2025-07-07T05:04:38.148859,0.0,False,
483,82,34,Expired,100.0,2026-05-03T05:04:38.148869,2026-04-23T05:04:38.148869,0.0,False,
484,82,75,Not Started,,,,0.0,False,
485,82,2,Expired,75.3,2025-05-12T05:04:38.148880,2025-05-02T05:04:38.148880,0.0,False,
486,83,72,Not Started,,,,0.0,False,
487,83,52,Completed,66.6,2025-11-18T05:04:38.148894,2026-11-18T05:04:38.148894,4,True,
488,83,62,Completed,67.8,2025-12-17T05:04:38.148904,2026-12-17T05:04:38.148904,40,True,
489,83,59,Completed,88.5,2026-05-05T05:04:38.148913,2027-05-05T05:04:38.148913,24,True,
490,84,8,Completed,75.3,2025-04-11T05:04:38.148926,2026-04-11T05:04:38.148926,8,True,
491,84,45,Expired,87.4,2025-04-01T05:04:38.148936,2025-03-22T05:04:38.148936,0.0,False,
492,84,62,In Progress,,,,29.6,False,
493,84,58,Not Started,,,,0.0,False,
494,84,34,In Progress,,,,9.6,False,
495,84,82,In Progress,,,,5.5,False,
496,84,74,Expired,76.2,2025-08-24T05:04:38.148951,2025-08-14T05:04:38.148951,0.0,False,
497,85,63,In Progress,,,,5.0,False,
498,85,65,In Progress,,,,23.8,False,
499,85,60,Expired,99.4,2026-07-07T05:04:38.148968,2026-06-27T05:04:38.148968,0.0,False,
500,85,18,Completed,75.8,2025-10-21T05:04:38.148977,2026-10-21T05:04:38.148977,24,True,
501,85,10,Not Started,,,,0.0,False,
502,85,14,In Progress,,,,18.9,False,
503,85,29,Completed,84.2,2026-01-12T05:04:38.148989,2027-01-12T05:04:38.148989,8,True,
504,85,55,Completed,85.0,2026-03-30T05:04:38.148999,2027-03-30T05:04:38.148999,40,True,
505,86,36,Completed,79.6,2025-05-22T05:04:38.149011,2026-05-22T05:04:38.149011,8,True,
506,86,72,In Progress,,,,0.7,False,
507,86,70,Completed,65.1,2025-08-14T05:04:38.149023,2026-08-14T05:04:38.149023,16,True,
508,86,19,Expired,79.6,2026-05-19T05:04:38.149032,2026-05-09T05:04:38.149032,0.0,False,
509,86,50,Completed,95.3,2025-10-14T05:04:38.149041,2026-10-14T05:04:38.149041,16,True,
510,87,93,Expired,69.1,2025-07-20T05:04:38.149053,2025-07-10T05:04:38.149053,0.0,False,
511,87,100,In Progress,,,,2.1,False,
512,87,50,Completed,94.7,2025-06-01T05:04:38.149065,2026-06-01T05:04:38.149065,16,True,
513,87,95,Expired,86.2,2025-10-02T05:04:38.149074,2025-09-22T05:04:38.149074,0.0,False,
514,88,96,Completed,94.1,2025-06-16T05:04:38.149086,2026-06-16T05:04:38.149086,4,True,
515,88,26,Completed,83.5,2026-01-30T05:04:38.149096,2027-01-30T05:04:38.149096,4,True,
516,88,81,Expired,81.3,2026-05-01T05:04:38.149105,2026-04-21T05:04:38.149105,0.0,False,
517,88,94,Completed,99.0,2025-10-15T05:04:38.149115,2026-10-15T05:04:38.149115,4,True,
518,88,87,Completed,98.7,2025-06-11T05:04:38.149124,2026-06-11T05:04:38.149124,16,True,
519,89,50,Completed,71.3,2026-05-31T05:04:38.149136,2027-05-31T05:04:38.149136,16,True,
520,89,81,Not Started,,,,0.0,False,
521,89,69,Expired,73.6,2026-04-20T05:04:38.149147,2026-04-10T05:04:38.149147,0.0,False,
522,89,7,Completed,76.8,2025-09-24T05:04:38.149157,2026-09-24T05:04:38.149157,32,True,
523,89,4,In Progress,,,,19.7,False,
524,90,24,Expired,84.5,2026-03-02T05:04:38.149173,2026-02-20T05:04:38.149173,0.0,False,
525,90,73,In Progress,,,,9.0,False,
526,90,45,Completed,95.2,2025-07-21T05:04:38.149185,2026-07-21T05:04:38.149185,8,True,
527,90,20,Completed,96.1,2025-10-30T05:04:38.149194,2026-10-30T05:04:38.149194,8,True,
528,90,37,In Progress,,,,4.9,False,
529,90,87,In Progress,,,,2.2,False,
530,90,94,In Progress,,,,1.0,False,
531,90,61,Completed,68.4,2026-05-22T05:04:38.149208,2027-05-22T05:04:38.149208,4,True,
532,91,26,Not Started,,,,0.0,False,
533,91,62,Expired,91.6,2026-04-24T05:04:38.149223,2026-04-14T05:04:38.149223,0.0,False,
534,91,16,Expired,78.8,2026-04-06T05:04:38.149232,2026-03-27T05:04:38.149232,0.0,False,
535,91,33,Not Started,,,,0.0,False,
536,91,23,In Progress,,,,14.3,False,
537,91,49,Not Started,,,,0.0,False,
538,91,40,Completed,67.7,2025-07-18T05:04:38.149246,2026-07-18T05:04:38.149246,8,True,
539,92,40,Not Started,,,,0.0,False,
540,92,84,In Progress,,,,2.1,False,
541,92,92,Not Started,,,,0.0,False,
542,92,50,Completed,73.9,2025-05-29T05:04:38.149263,2026-05-29T05:04:38.149263,16,True,
543,92,31,Completed,86.4,2025-12-28T05:04:38.149272,2026-12-28T05:04:38.149272,16,True,
544,93,10,Expired,67.6,2025-04-19T05:04:38.149284,2025-04-09T05:04:38.149284,0.0,False,
545,93,51,In Progress,,,,2.5,False,
546,93,22,Not Started,,,,0.0,False,
547,93,62,Not Started,,,,0.0,False,
548,94,31,Not Started,,,,0.0,False,
549,94,74,In Progress,,,,34.7,False,
550,94,57,Completed,99.0,2025-08-27T05:04:38.149305,2026-08-27T05:04:38.149305,16,True,
551,94,81,Not Started,,,,0.0,False,
552,94,42,Not Started,,,,0.0,False,
553,94,80,Not Started,,,,0.0,False,
554,94,93,Completed,79.7,2025-08-25T05:04:38.149318,2026-08-25T05:04:38.149318,16,True,
555,94,87,Expired,95.9,2025-04-18T05:04:38.149352,2025-04-08T05:04:38.149352,0.0,False,
556,95,71,In Progress,,,,11.0,False,
557,95,74,Expired,75.5,2025-11-03T05:04:38.149391,2025-10-24T05:04:38.149391,0.0,False,
558,95,31,Not Started,,,,0.0,False,
559,95,53,Expired,78.8,2025-09-22T05:04:38.149403,2025-09-12T05:04:38.149403,0.0,False,
560,96,35,Expired,77.1,2026-01-26T05:04:38.149416,2026-01-16T05:04:38.149416,0.0,False,
561,96,91,In Progress,,,,3.2,False,
562,96,59,Expired,98.5,2025-09-24T05:04:38.149428,2025-09-14T05:04:38.149428,0.0,False,
563,96,80,In Progress,,,,7.9,False,
564,96,29,Completed,66.0,2026-07-13T05:04:38.149439,2027-07-13T05:04:38.149439,8,True,
565,97,59,Expired,67.6,2026-04-27T05:04:38.149454,2026-04-17T05:04:38.149454,0.0,False,
566,97,22,Completed,82.2,2025-09-07T05:04:38.149464,2026-09-07T05:04:38.149464,8,True,
567,97,45,Expired,90.8,2025-05-18T05:04:38.149473,2025-05-08T05:04:38.149473,0.0,False,
568,97,52,Not Started,,,,0.0,False,
569,97,46,Completed,77.6,2025-12-02T05:04:38.149484,2026-12-02T05:04:38.149484,40,True,
570,97,94,In Progress,,,,3.6,False,
571,97,72,Not Started,,,,0.0,False,
572,98,5,Not Started,,,,0.0,False,
573,98,18,Completed,87.0,2026-01-28T05:04:38.149502,2027-01-28T05:04:38.149502,24,True,
574,98,35,In Progress,,,,6.6,False,
575,98,65,Expired,77.2,2026-01-23T05:04:38.149513,2026-01-13T05:04:38.149513,0.0,False,
576,98,28,In Progress,,,,2.7,False,
577,98,42,In Progress,,,,21.1,False,
578,98,77,Completed,96.0,2026-01-09T05:04:38.149526,2027-01-09T05:04:38.149526,24,True,
579,99,24,In Progress,,,,6.9,False,
580,99,74,Completed,77.1,2026-03-01T05:04:38.149542,2027-03-01T05:04:38.149542,40,True,
581,99,56,Expired,94.5,2025-08-05T05:04:38.149552,2025-07-26T05:04:38.149552,0.0,False,
582,99,58,In Progress,,,,22.2,False,
583,99,41,Completed,87.8,2026-07-07T05:04:38.149563,2027-07-07T05:04:38.149563,40,True,
584,100,44,In Progress,,,,1.4,False,
585,100,94,In Progress,,,,2.4,False,
586,100,67,Not Started,,,,0.0,False,
587,100,91,Completed,95.1,2025-04-25T05:04:38.149581,2026-04-25T05:04:38.149581,8,True,
588,100,86,In Progress,,,,4.1,False,
589,100,33,In Progress,,,,8.6,False,
590,100,41,In Progress,,,,6.0,False,
591,101,95,In Progress,,,,3.7,False,
592,101,88,In Progress,,,,10.2,False,
593,101,77,Not Started,,,,0.0,False,
594,101,33,In Progress,,,,9.5,False,
595,101,1,Expired,96.3,2026-07-04T05:04:38.149606,2026-06-24T05:04:38.149606,0.0,False,
596,101,40,Not Started,,,,0.0,False,
597,101,41,Not Started,,,,0.0,False,
598,101,24,Not Started,,,,0.0,False,
599,102,28,Completed,72.9,2026-04-05T05:04:38.149624,2027-04-05T05:04:38.149624,4,True,
600,102,62,In Progress,,,,6.3,False,
601,102,29,Completed,90.2,2025-11-10T05:04:38.149635,2026-11-10T05:04:38.149635,8,True,
602,102,95,Not Started,,,,0.0,False,
603,102,23,Not Started,,,,0.0,False,
604,103,90,Expired,65.8,2026-03-20T05:04:38.149650,2026-03-10T05:04:38.149650,0.0,False,
605,103,37,Expired,87.4,2026-04-22T05:04:38.149659,2026-04-12T05:04:38.149659,0.0,False,
606,103,86,Not Started,,,,0.0,False,
607,103,81,Not Started,,,,0.0,False,
608,103,24,Expired,83.5,2026-03-06T05:04:38.149672,2026-02-24T05:04:38.149672,0.0,False,
609,104,92,Not Started,,,,0.0,False,
610,104,17,Completed,77.3,2026-04-18T05:04:38.149687,2027-04-18T05:04:38.149687,40,True,
611,104,54,Completed,76.4,2026-07-28T05:04:38.149696,2027-07-28T05:04:38.149696,8,True,
612,104,15,Not Started,,,,0.0,False,
613,104,52,Completed,65.3,2025-08-10T05:04:38.149707,2026-08-10T05:04:38.149707,4,True,
614,104,57,In Progress,,,,6.5,False,
615,105,66,In Progress,,,,22.2,False,
616,105,22,Expired,79.0,2025-10-28T05:04:38.149724,2025-10-18T05:04:38.149724,0.0,False,
617,105,59,In Progress,,,,10.5,False,
618,105,31,Not Started,,,,0.0,False,
619,105,72,Expired,92.5,2026-06-24T05:04:38.149737,2026-06-14T05:04:38.149737,0.0,False,
620,105,6,Expired,94.6,2026-07-27T05:04:38.149746,2026-07-17T05:04:38.149746,0.0,False,
621,105,60,Expired,75.8,2026-04-25T05:04:38.149755,2026-04-15T05:04:38.149755,0.0,False,
622,105,11,Not Started,,,,0.0,False,
623,106,71,Completed,88.4,2025-08-26T05:04:38.149770,2026-08-26T05:04:38.149770,16,True,
624,106,41,Not Started,,,,0.0,False,
625,106,82,Completed,86.3,2025-11-28T05:04:38.149781,2026-11-28T05:04:38.149781,16,True,
626,106,84,In Progress,,,,0.9,False,
627,106,9,Not Started,,,,0.0,False,
628,106,56,Expired,83.7,2026-01-29T05:04:38.149794,2026-01-19T05:04:38.149794,0.0,False,
629,106,80,In Progress,,,,9.2,False,
630,106,72,Expired,98.4,2025-06-17T05:04:38.149805,2025-06-07T05:04:38.149805,0.0,False,
631,107,3,Expired,92.7,2025-06-03T05:04:38.149817,2025-05-24T05:04:38.149817,0.0,False,
632,107,65,In Progress,,,,25.7,False,
633,107,22,Completed,98.8,2025-08-30T05:04:38.149828,2026-08-30T05:04:38.149828,8,True,
634,107,100,Completed,80.6,2025-10-03T05:04:38.149838,2026-10-03T05:04:38.149838,8,True,
635,108,8,Expired,83.4,2026-07-19T05:04:38.149850,2026-07-09T05:04:38.149850,0.0,False,
636,108,66,In Progress,,,,35.6,False,
637,108,75,In Progress,,,,17.1,False,
638,108,44,Expired,66.3,2026-01-14T05:04:38.149863,2026-01-04T05:04:38.149863,0.0,False,
639,108,98,Expired,68.7,2026-06-19T05:04:38.149873,2026-06-09T05:04:38.149873,0.0,False,
640,109,10,Completed,79.2,2026-02-01T05:04:38.149886,2027-02-01T05:04:38.149886,16,True,
641,109,94,Expired,74.7,2025-09-22T05:04:38.149895,2025-09-12T05:04:38.149895,0.0,False,
642,109,90,Not Started,,,,0.0,False,
643,109,30,In Progress,,,,3.1,False,
644,109,51,Not Started,,,,0.0,False,
645,109,55,In Progress,,,,12.6,False,
646,109,41,In Progress,,,,19.5,False,
647,110,68,Expired,69.3,2026-01-03T05:04:38.149915,2025-12-24T05:04:38.149915,0.0,False,
648,110,72,Expired,79.9,2026-01-16T05:04:38.149925,2026-01-06T05:04:38.149925,0.0,False,
649,110,12,Expired,72.0,2026-07-23T05:04:38.149934,2026-07-13T05:04:38.149934,0.0,False,
650,110,65,Completed,68.8,2026-06-30T05:04:38.149944,2027-06-30T05:04:38.149944,40,True,
651,110,21,In Progress,,,,0.9,False,
652,111,84,Not Started,,,,0.0,False,
653,111,66,Expired,85.0,2026-07-24T05:04:38.149960,2026-07-14T05:04:38.149960,0.0,False,
654,111,17,Completed,82.7,2026-07-25T05:04:38.149969,2027-07-25T05:04:38.149969,40,True,
655,111,41,Expired,85.0,2025-05-05T05:04:38.149979,2025-04-25T05:04:38.149979,0.0,False,
656,111,90,Completed,84.6,2026-04-17T05:04:38.149988,2027-04-17T05:04:38.149988,24,True,
657,111,98,In Progress,,,,5.2,False,
658,111,26,Expired,74.9,2026-04-06T05:04:38.149999,2026-03-27T05:04:38.149999,0.0,False,
659,112,46,Not Started,,,,0.0,False,
660,112,49,Completed,95.4,2025-05-22T05:04:38.150013,2026-05-22T05:04:38.150013,40,True,
661,112,94,Completed,87.1,2026-01-20T05:04:38.150034,2027-01-20T05:04:38.150034,4,True,
662,112,63,Completed,71.6,2025-05-27T05:04:38.150079,2026-05-27T05:04:38.150079,16,True,
663,113,33,In Progress,,,,11.2,False,
664,113,88,In Progress,,,,3.9,False,
665,113,72,Completed,79.4,2025-06-01T05:04:38.150114,2026-06-01T05:04:38.150114,4,True,
666,113,39,Expired,79.8,2026-05-13T05:04:38.150128,2026-05-03T05:04:38.150128,0.0,False,
667,113,1,In Progress,,,,10.8,False,
668,113,85,Expired,91.0,2026-05-02T05:04:38.150143,2026-04-22T05:04:38.150143,0.0,False,
669,113,95,Completed,78.6,2026-02-28T05:04:38.150154,2027-02-28T05:04:38.150154,8,True,
670,113,89,Expired,86.7,2025-09-21T05:04:38.150166,2025-09-11T05:04:38.150166,0.0,False,
671,114,31,Not Started,,,,0.0,False,
672,114,71,Completed,93.3,2025-09-16T05:04:38.150184,2026-09-16T05:04:38.150184,16,True,
673,114,28,Completed,99.1,2025-05-06T05:04:38.150195,2026-05-06T05:04:38.150195,4,True,
674,114,61,In Progress,,,,2.0,False,
675,114,84,In Progress,,,,1.3,False,
676,114,65,In Progress,,,,31.8,False,
677,114,53,Completed,92.4,2026-07-09T05:04:38.150213,2027-07-09T05:04:38.150213,40,True,
678,115,65,Not Started,,,,0.0,False,
679,115,89,In Progress,,,,7.5,False,
680,115,33,Expired,74.3,2026-07-24T05:04:38.150231,2026-07-14T05:04:38.150231,0.0,False,
681,115,87,Expired,83.6,2026-02-25T05:04:38.150242,2026-02-15T05:04:38.150242,0.0,False,
682,115,43,Expired,95.6,2026-04-14T05:04:38.150254,2026-04-04T05:04:38.150254,0.0,False,
683,116,96,Completed,69.7,2026-01-25T05:04:38.150269,2027-01-25T05:04:38.150269,4,True,
684,116,97,Not Started,,,,0.0,False,
685,116,72,Not Started,,,,0.0,False,
686,116,9,Not Started,,,,0.0,False,
687,116,57,In Progress,,,,13.3,False,
688,116,23,Not Started,,,,0.0,False,
689,117,17,In Progress,,,,3.7,False,
690,117,45,Expired,79.2,2025-05-01T05:04:38.150293,2025-04-21T05:04:38.150293,0.0,False,
691,117,78,Completed,98.4,2025-11-19T05:04:38.150304,2026-11-19T05:04:38.150304,40,True,
692,117,26,Completed,90.8,2026-06-17T05:04:38.150315,2027-06-17T05:04:38.150315,4,True,
693,117,2,Not Started,,,,0.0,False,
694,117,44,Not Started,,,,0.0,False,
695,117,31,Completed,90.1,2026-03-02T05:04:38.150328,2027-03-02T05:04:38.150328,16,True,
696,117,55,In Progress,,,,16.0,False,
697,118,11,Completed,93.4,2026-07-01T05:04:38.150344,2027-07-01T05:04:38.150344,40,True,
698,118,27,Not Started,,,,0.0,False,
699,118,67,Completed,92.2,2025-08-10T05:04:38.150356,2026-08-10T05:04:38.150356,24,True,
700,118,59,Not Started,,,,0.0,False,
701,119,90,Not Started,,,,0.0,False,
702,119,24,In Progress,,,,39.4,False,
703,119,9,Not Started,,,,0.0,False,
704,119,38,Expired,84.1,2025-05-04T05:04:38.150377,2025-04-24T05:04:38.150377,0.0,False,
705,119,65,In Progress,,,,10.3,False,
706,119,76,In Progress,,,,3.8,False,
707,120,98,In Progress,,,,4.1,False,
708,120,79,Not Started,,,,0.0,False,
709,120,35,Completed,95.7,2026-02-22T05:04:38.150398,2027-02-22T05:04:38.150398,16,True,
710,120,85,Not Started,,,,0.0,False,
711,120,49,Expired,77.3,2025-10-31T05:04:38.150410,2025-10-21T05:04:38.150410,0.0,False,
712,120,5,Completed,72.4,2026-05-17T05:04:38.150421,2027-05-17T05:04:38.150421,8,True,
713,121,15,Not Started,,,,0.0,False,
714,121,5,Expired,75.0,2025-06-29T05:04:38.150437,2025-06-19T05:04:38.150437,0.0,False,
715,121,50,Expired,70.9,2025-12-13T05:04:38.150448,2025-12-03T05:04:38.150448,0.0,False,
716,121,94,Not Started,,,,0.0,False,
717,121,56,Not Started,,,,0.0,False,
718,121,95,In Progress,,,,3.6,False,
719,121,10,Completed,71.6,2025-05-07T05:04:38.150463,2026-05-07T05:04:38.150463,16,True,
720,122,13,Expired,72.7,2026-01-14T05:04:38.150477,2026-01-04T05:04:38.150477,0.0,False,
721,122,35,Completed,80.1,2026-02-23T05:04:38.150488,2027-02-23T05:04:38.150488,16,True,
722,122,51,Completed,83.9,2025-09-30T05:04:38.150498,2026-09-30T05:04:38.150498,8,True,
723,122,82,Expired,73.2,2026-06-04T05:04:38.150508,2026-05-25T05:04:38.150508,0.0,False,
724,122,52,Expired,80.7,2025-12-15T05:04:38.150518,2025-12-05T05:04:38.150518,0.0,False,
725,122,83,Not Started,,,,0.0,False,
726,122,81,Expired,70.0,2026-01-03T05:04:38.150530,2025-12-24T05:04:38.150530,0.0,False,
727,122,46,Completed,82.4,2025-12-22T05:04:38.150541,2026-12-22T05:04:38.150541,40,True,
728,123,19,In Progress,,,,5.2,False,
729,123,82,Not Started,,,,0.0,False,
730,123,96,Not Started,,,,0.0,False,
731,123,28,Expired,88.5,2026-06-30T05:04:38.150565,2026-06-20T05:04:38.150565,0.0,False,
732,123,42,Not Started,,,,0.0,False,
733,123,13,Completed,72.9,2026-02-19T05:04:38.150576,2027-02-19T05:04:38.150576,40,True,
734,123,53,In Progress,,,,19.8,False,
735,123,27,Completed,89.2,2026-06-17T05:04:38.150588,2027-06-17T05:04:38.150588,8,True,
736,124,16,Completed,72.8,2025-08-23T05:04:38.150603,2026-08-23T05:04:38.150603,16,True,
737,124,28,In Progress,,,,0.8,False,
738,124,96,Completed,82.5,2026-06-19T05:04:38.150615,2027-06-19T05:04:38.150615,4,True,
739,124,41,Completed,75.2,2026-04-24T05:04:38.150626,2027-04-24T05:04:38.150626,40,True,
740,124,32,Not Started,,,,0.0,False,
741,124,59,Completed,90.6,2026-06-22T05:04:38.150637,2027-06-22T05:04:38.150637,24,True,
742,124,62,In Progress,,,,4.2,False,
743,124,74,Expired,83.0,2025-10-31T05:04:38.150670,2025-10-21T05:04:38.150670,0.0,False,
744,125,42,In Progress,,,,10.7,False,
745,125,93,Completed,69.0,2025-05-26T05:04:38.150761,2026-05-26T05:04:38.150761,16,True,
746,125,38,Not Started,,,,0.0,False,
747,125,67,In Progress,,,,19.4,False,
748,125,6,Not Started,,,,0.0,False,
749,125,26,Expired,94.6,2026-05-24T05:04:38.150800,2026-05-14T05:04:38.150800,0.0,False,
750,126,10,Expired,73.1,2025-08-04T05:04:38.150833,2025-07-25T05:04:38.150833,0.0,False,
751,126,8,Expired,84.4,2025-07-04T05:04:38.150864,2025-06-24T05:04:38.150864,0.0,False,
752,126,37,In Progress,,,,9.7,False,
753,126,47,In Progress,,,,2.5,False,
754,126,98,Expired,71.8,2026-05-21T05:04:38.150895,2026-05-11T05:04:38.150895,0.0,False,
755,127,69,Expired,82.4,2026-04-05T05:04:38.150926,2026-03-26T05:04:38.150926,0.0,False,
756,127,53,Not Started,,,,0.0,False,
757,127,22,Not Started,,,,0.0,False,
758,127,97,Expired,85.2,2025-09-19T05:04:38.150955,2025-09-09T05:04:38.150955,0.0,False,
759,127,96,Completed,69.3,2026-04-07T05:04:38.150977,2027-04-07T05:04:38.150977,4,True,
760,127,19,In Progress,,,,1.8,False,
761,128,30,Expired,90.8,2025-11-03T05:04:38.151012,2025-10-24T05:04:38.151012,0.0,False,
762,128,40,In Progress,,,,1.2,False,
763,128,57,Not Started,,,,0.0,False,
764,128,80,Expired,92.4,2026-07-12T05:04:38.151044,2026-07-02T05:04:38.151044,0.0,False,
765,128,7,Completed,80.5,2026-01-09T05:04:38.151067,2027-01-09T05:04:38.151067,32,True,
766,128,54,In Progress,,,,3.5,False,
767,128,1,Expired,68.5,2025-10-09T05:04:38.151092,2025-09-29T05:04:38.151092,0.0,False,
768,128,11,Completed,65.5,2025-09-28T05:04:38.151114,2026-09-28T05:04:38.151114,40,True,
769,129,67,In Progress,,,,18.2,False,
770,129,100,Not Started,,,,0.0,False,
771,129,45,In Progress,,,,6.4,False,
772,129,26,Completed,93.0,2026-03-08T05:04:38.151157,2027-03-08T05:04:38.151157,4,True,
773,129,68,Expired,69.1,2025-09-27T05:04:38.151179,2025-09-17T05:04:38.151179,0.0,False,
774,130,79,In Progress,,,,20.6,False,
775,130,24,Not Started,,,,0.0,False,
776,130,21,Completed,72.6,2026-07-05T05:04:38.151218,2027-07-05T05:04:38.151218,4,True,
777,130,80,Completed,94.5,2025-12-16T05:04:38.151240,2026-12-16T05:04:38.151240,24,True,
778,130,12,Completed,96.9,2026-03-24T05:04:38.151261,2027-03-24T05:04:38.151261,32,True,
779,130,28,In Progress,,,,3.2,False,
780,130,50,Expired,84.5,2025-04-06T05:04:38.151288,2025-03-27T05:04:38.151288,0.0,False,
781,130,46,Completed,94.8,2026-05-22T05:04:38.151310,2027-05-22T05:04:38.151310,40,True,
782,131,68,Not Started,,,,0.0,False,
783,131,5,Completed,94.3,2026-01-22T05:04:38.151345,2027-01-22T05:04:38.151345,8,True,
784,131,28,Completed,79.9,2025-10-01T05:04:38.151367,2026-10-01T05:04:38.151367,4,True,
785,131,1,In Progress,,,,6.9,False,
786,131,31,Completed,97.2,2026-06-26T05:04:38.151394,2027-06-26T05:04:38.151394,16,True,
787,131,78,Expired,82.2,2026-06-10T05:04:38.151415,2026-05-31T05:04:38.151415,0.0,False,
788,131,32,In Progress,,,,3.2,False,
789,132,90,Expired,95.0,2025-12-23T05:04:38.151451,2025-12-13T05:04:38.151451,0.0,False,
790,132,76,Expired,95.5,2025-06-02T05:04:38.151476,2025-05-23T05:04:38.151476,0.0,False,
791,132,2,In Progress,,,,15.5,False,
792,132,55,In Progress,,,,13.0,False,
793,132,15,Expired,86.8,2026-03-15T05:04:38.151505,2026-03-05T05:04:38.151505,0.0,False,
794,132,40,In Progress,,,,5.8,False,
795,132,64,Not Started,,,,0.0,False,
796,132,97,Expired,84.7,2026-05-28T05:04:38.151533,2026-05-18T05:04:38.151533,0.0,False,
797,133,16,Not Started,,,,0.0,False,
798,133,51,Completed,82.0,2026-07-01T05:04:38.151565,2027-07-01T05:04:38.151565,8,True,
799,133,62,Not Started,,,,0.0,False,
800,133,30,Not Started,,,,0.0,False,
801,134,18,Completed,77.4,2026-03-17T05:04:38.151602,2027-03-17T05:04:38.151602,24,True,
802,134,67,Expired,67.0,2025-04-25T05:04:38.151624,2025-04-15T05:04:38.151624,0.0,False,
803,134,69,In Progress,,,,6.3,False,
804,134,88,Completed,97.2,2026-06-16T05:04:38.151650,2027-06-16T05:04:38.151650,16,True,
805,134,15,Not Started,,,,0.0,False,
806,134,30,Completed,81.5,2025-07-27T05:04:38.151675,2026-07-27T05:04:38.151675,4,True,
807,134,75,In Progress,,,,12.7,False,
808,134,35,Expired,87.4,2026-03-01T05:04:38.151718,2026-02-19T05:04:38.151718,0.0,False,
809,135,36,In Progress,,,,7.3,False,
810,135,50,In Progress,,,,12.6,False,
811,135,43,In Progress,,,,1.8,False,
812,135,11,Expired,87.1,2026-02-06T05:04:38.151766,2026-01-27T05:04:38.151766,0.0,False,
813,135,42,Expired,79.3,2026-06-13T05:04:38.151789,2026-06-03T05:04:38.151789,0.0,False,
814,135,51,Expired,87.0,2025-12-22T05:04:38.151810,2025-12-12T05:04:38.151810,0.0,False,
815,135,24,Not Started,,,,0.0,False,
816,136,19,Expired,73.3,2026-07-26T05:04:38.151845,2026-07-16T05:04:38.151845,0.0,False,
817,136,44,Not Started,,,,0.0,False,
818,136,69,In Progress,,,,0.6,False,
819,136,33,In Progress,,,,15.5,False,
820,136,89,Expired,76.8,2025-12-21T05:04:38.151876,2025-12-11T05:04:38.151876,0.0,False,
821,136,72,In Progress,,,,3.1,False,
822,136,31,In Progress,,,,9.3,False,
823,136,8,Expired,79.1,2025-11-16T05:04:38.151904,2025-11-06T05:04:38.151904,0.0,False,
824,137,34,In Progress,,,,18.3,False,
825,137,23,Not Started,,,,0.0,False,
826,137,80,Completed,91.8,2026-05-18T05:04:38.151942,2027-05-18T05:04:38.151942,24,True,
827,137,63,Not Started,,,,0.0,False,
828,137,40,In Progress,,,,2.7,False,
829,137,68,Completed,82.0,2025-11-02T05:04:38.151973,2026-11-02T05:04:38.151973,40,True,
830,137,20,In Progress,,,,2.9,False,
831,138,17,Not Started,,,,0.0,False,
832,138,39,Not Started,,,,0.0,False,
833,138,74,Completed,84.9,2026-06-24T05:04:38.152012,2027-06-24T05:04:38.152012,40,True,
834,138,36,Expired,99.4,2025-12-04T05:04:38.152034,2025-11-24T05:04:38.152034,0.0,False,
835,138,58,In Progress,,,,21.4,False,
836,138,66,Not Started,,,,0.0,False,
837,139,42,Completed,81.5,2025-12-19T05:04:38.152069,2026-12-19T05:04:38.152069,24,True,
838,139,15,Not Started,,,,0.0,False,
839,139,37,Completed,71.9,2026-01-12T05:04:38.152093,2027-01-12T05:04:38.152093,16,True,
840,139,84,Expired,71.1,2025-10-06T05:04:38.152116,2025-09-26T05:04:38.152116,0.0,False,
841,139,8,Expired,70.0,2026-02-24T05:04:38.152135,2026-02-14T05:04:38.152135,0.0,False,
842,140,24,In Progress,,,,28.7,False,
843,140,68,Not Started,,,,0.0,False,
844,140,69,In Progress,,,,4.5,False,
845,140,75,In Progress,,,,22.0,False,
846,140,41,In Progress,,,,8.9,False,
847,140,67,In Progress,,,,12.1,False,
848,141,7,Expired,83.5,2025-05-13T05:04:38.152193,2025-05-03T05:04:38.152193,0.0,False,
849,141,83,Expired,68.8,2025-09-17T05:04:38.152213,2025-09-07T05:04:38.152213,0.0,False,
850,141,90,Completed,97.6,2026-07-23T05:04:38.152233,2027-07-23T05:04:38.152233,24,True,
851,141,47,In Progress,,,,2.6,False,
852,141,50,Completed,98.5,2026-07-17T05:04:38.152255,2027-07-17T05:04:38.152255,16,True,
853,141,37,Completed,79.1,2026-07-31T05:04:38.152273,2027-07-31T05:04:38.152273,16,True,
854,141,44,Expired,79.1,2026-02-05T05:04:38.152306,2026-01-26T05:04:38.152306,0.0,False,
855,142,78,In Progress,,,,22.8,False,
856,142,75,Expired,76.1,2025-09-22T05:04:38.152340,2025-09-12T05:04:38.152340,0.0,False,
857,142,54,Expired,79.3,2025-07-30T05:04:38.152361,2025-07-20T05:04:38.152361,0.0,False,
858,142,34,Expired,97.9,2026-02-23T05:04:38.152381,2026-02-13T05:04:38.152381,0.0,False,
859,143,28,Expired,72.6,2026-07-21T05:04:38.152425,2026-07-11T05:04:38.152425,0.0,False,
860,143,40,Not Started,,,,0.0,False,
861,143,5,Not Started,,,,0.0,False,
862,143,67,Not Started,,,,0.0,False,
863,143,19,Not Started,,,,0.0,False,
864,143,74,In Progress,,,,36.7,False,
865,143,45,In Progress,,,,1.2,False,
866,144,15,Completed,70.8,2025-09-12T05:04:38.152483,2026-09-12T05:04:38.152483,40,True,
867,144,89,Expired,91.7,2025-12-02T05:04:38.152496,2025-11-22T05:04:38.152496,0.0,False,
868,144,16,Expired,84.4,2025-09-10T05:04:38.152695,2025-08-31T05:04:38.152695,0.0,False,
869,144,98,Completed,74.7,2025-07-08T05:04:38.152725,2026-07-08T05:04:38.152725,16,True,
870,144,58,Completed,99.7,2025-07-11T05:04:38.152763,2026-07-11T05:04:38.152763,24,True,
871,145,58,Expired,79.3,2026-04-05T05:04:38.152785,2026-03-26T05:04:38.152785,0.0,False,
872,145,50,In Progress,,,,11.1,False,
873,145,94,Completed,86.3,2026-06-27T05:04:38.152798,2027-06-27T05:04:38.152798,4,True,
874,145,73,Expired,83.5,2026-06-03T05:04:38.152808,2026-05-24T05:04:38.152808,0.0,False,
875,145,20,Completed,98.5,2026-07-14T05:04:38.152818,2027-07-14T05:04:38.152818,8,True,
876,146,30,Not Started,,,,0.0,False,
877,146,95,Not Started,,,,0.0,False,
878,146,72,Expired,69.7,2025-07-25T05:04:38.152834,2025-07-15T05:04:38.152834,0.0,False,
879,146,23,In Progress,,,,8.2,False,
880,146,34,Completed,71.7,2025-12-13T05:04:38.152846,2026-12-13T05:04:38.152846,24,True,
881,147,41,Completed,66.1,2025-09-21T05:04:38.152862,2026-09-21T05:04:38.152862,40,True,
882,147,42,Completed,98.5,2026-01-21T05:04:38.152872,2027-01-21T05:04:38.152872,24,True,
883,147,76,Expired,71.5,2026-03-24T05:04:38.152881,2026-03-14T05:04:38.152881,0.0,False,
884,147,95,Not Started,,,,0.0,False,
885,147,46,In Progress,,,,8.7,False,
886,147,51,Completed,94.1,2026-07-01T05:04:38.152899,2027-07-01T05:04:38.152899,8,True,
887,147,65,Not Started,,,,0.0,False,
888,147,54,Completed,97.9,2026-01-26T05:04:38.152911,2027-01-26T05:04:38.152911,8,True,
889,148,45,In Progress,,,,2.1,False,
890,148,52,Not Started,,,,0.0,False,
891,148,16,In Progress,,,,15.6,False,
892,148,70,Expired,99.3,2025-07-16T05:04:38.152929,2025-07-06T05:04:38.152929,0.0,False,
893,149,75,Expired,74.2,2026-02-04T05:04:38.152943,2026-01-25T05:04:38.152943,0.0,False,
894,149,34,In Progress,,,,12.4,False,
895,149,70,Not Started,,,,0.0,False,
896,149,50,Completed,83.4,2025-09-21T05:04:38.152956,2026-09-21T05:04:38.152956,16,True,
897,149,41,Expired,85.6,2026-03-15T05:04:38.152967,2026-03-05T05:04:38.152967,0.0,False,
898,149,94,Not Started,,,,0.0,False,
899,149,56,Not Started,,,,0.0,False,
900,150,91,Completed,98.2,2025-10-01T05:04:38.152983,2026-10-01T05:04:38.152983,8,True,
901,150,9,Completed,73.8,2026-04-21T05:04:38.152992,2027-04-21T05:04:38.152992,4,True,
902,150,26,In Progress,,,,0.7,False,
903,150,85,In Progress,,,,35.0,False,
904,150,89,In Progress,,,,16.4,False,
905,151,62,Not Started,,,,0.0,False,
906,151,73,Expired,65.3,2025-05-03T05:04:38.153011,2025-04-23T05:04:38.153011,0.0,False,
907,151,96,Expired,70.5,2025-11-09T05:04:38.153022,2025-10-30T05:04:38.153022,0.0,False,
908,151,74,Not Started,,,,0.0,False,
909,151,54,In Progress,,,,5.0,False,
910,152,96,In Progress,,,,2.5,False,
911,152,20,In Progress,,,,4.2,False,
912,152,26,Not Started,,,,0.0,False,
913,152,53,In Progress,,,,38.2,False,
914,153,18,Expired,98.0,2025-10-13T05:04:38.153050,2025-10-03T05:04:38.153050,0.0,False,
915,153,56,Completed,98.3,2025-12-12T05:04:38.153060,2026-12-12T05:04:38.153060,40,True,
916,153,2,Expired,72.9,2025-05-19T05:04:38.153069,2025-05-09T05:04:38.153069,0.0,False,
917,153,98,Not Started,,,,0.0,False,
918,153,1,Not Started,,,,0.0,False,
919,153,96,Expired,91.8,2026-03-02T05:04:38.153083,2026-02-20T05:04:38.153083,0.0,False,
920,154,83,Not Started,,,,0.0,False,
921,154,38,Not Started,,,,0.0,False,
922,154,68,Completed,97.7,2025-05-22T05:04:38.153100,2026-05-22T05:04:38.153100,40,True,
923,154,3,Expired,90.3,2026-06-22T05:04:38.153110,2026-06-12T05:04:38.153110,0.0,False,
924,154,19,Not Started,,,,0.0,False,
925,154,42,Not Started,,,,0.0,False,
926,154,74,Expired,96.2,2026-04-09T05:04:38.153123,2026-03-30T05:04:38.153123,0.0,False,
927,154,99,Expired,67.8,2026-02-17T05:04:38.153133,2026-02-07T05:04:38.153133,0.0,False,
928,155,34,Not Started,,,,0.0,False,
929,155,12,Not Started,,,,0.0,False,
930,155,98,Not Started,,,,0.0,False,
931,155,27,Completed,65.2,2026-03-12T05:04:38.153151,2027-03-12T05:04:38.153151,8,True,
932,155,35,Not Started,,,,0.0,False,
933,155,49,Not Started,,,,0.0,False,
934,156,76,Not Started,,,,0.0,False,
935,156,71,In Progress,,,,11.9,False,
936,156,52,Completed,93.1,2025-06-27T05:04:38.153190,2026-06-27T05:04:38.153190,4,True,
937,156,16,In Progress,,,,4.0,False,
938,156,47,Not Started,,,,0.0,False,
939,156,35,In Progress,,,,15.0,False,
940,156,79,Expired,94.0,2025-07-07T05:04:38.153209,2025-06-27T05:04:38.153209,0.0,False,
941,157,27,Not Started,,,,0.0,False,
942,157,80,Expired,96.6,2025-12-13T05:04:38.153226,2025-12-03T05:04:38.153226,0.0,False,
943,157,30,Completed,97.6,2026-01-13T05:04:38.153236,2027-01-13T05:04:38.153236,4,True,
944,157,63,Not Started,,,,0.0,False,
945,157,72,Completed,77.1,2026-05-10T05:04:38.153247,2027-05-10T05:04:38.153247,4,True,
946,157,42,Not Started,,,,0.0,False,
947,157,28,Expired,90.8,2025-06-27T05:04:38.153260,2025-06-17T05:04:38.153260,0.0,False,
948,157,50,Expired,71.2,2025-08-01T05:04:38.153271,2025-07-22T05:04:38.153271,0.0,False,
949,158,95,In Progress,,,,4.8,False,
950,158,12,Not Started,,,,0.0,False,
951,158,90,Not Started,,,,0.0,False,
952,158,56,Not Started,,,,0.0,False,
953,159,25,Expired,88.0,2025-04-08T05:04:38.153364,2025-03-29T05:04:38.153364,0.0,False,
954,159,74,Expired,76.4,2026-06-08T05:04:38.153385,2026-05-29T05:04:38.153385,0.0,False,
955,159,3,In Progress,,,,34.4,False,
956,159,71,Completed,98.9,2026-01-18T05:04:38.153401,2027-01-18T05:04:38.153401,16,True,
957,160,53,Expired,72.5,2026-05-02T05:04:38.153420,2026-04-22T05:04:38.153420,0.0,False,
958,160,20,In Progress,,,,1.2,False,
959,160,49,Not Started,,,,0.0,False,
960,160,83,Completed,77.9,2026-06-17T05:04:38.153436,2027-06-17T05:04:38.153436,8,True,
961,160,41,In Progress,,,,32.2,False,
962,160,90,Expired,96.1,2026-07-20T05:04:38.153450,2026-07-10T05:04:38.153450,0.0,False,
963,160,26,Completed,83.8,2026-05-06T05:04:38.153461,2027-05-06T05:04:38.153461,4,True,
964,161,73,In Progress,,,,21.8,False,
965,161,63,In Progress,,,,1.6,False,
966,161,11,In Progress,,,,17.1,False,
967,161,59,In Progress,,,,9.1,False,
968,161,54,Expired,94.0,2026-05-19T05:04:38.153488,2026-05-09T05:04:38.153488,0.0,False,
969,162,43,In Progress,,,,3.5,False,
970,162,98,Expired,90.8,2026-01-05T05:04:38.153506,2025-12-26T05:04:38.153506,0.0,False,
971,162,86,Expired,92.5,2025-04-24T05:04:38.153518,2025-04-14T05:04:38.153518,0.0,False,
972,162,89,Completed,94.9,2025-04-30T05:04:38.153531,2026-04-30T05:04:38.153531,24,True,
973,162,78,In Progress,,,,12.1,False,
974,163,32,Not Started,,,,0.0,False,
975,163,61,Completed,67.5,2025-09-16T05:04:38.153553,2026-09-16T05:04:38.153553,4,True,
976,163,30,Not Started,,,,0.0,False,
977,163,18,In Progress,,,,17.3,False,
978,163,23,Not Started,,,,0.0,False,
979,164,75,Completed,74.9,2026-03-17T05:04:38.153572,2027-03-17T05:04:38.153572,24,True,
980,164,79,In Progress,,,,36.9,False,
981,164,83,In Progress,,,,3.4,False,
982,164,77,Expired,88.7,2026-02-02T05:04:38.153587,2026-01-23T05:04:38.153587,0.0,False,
983,164,92,Completed,80.0,2025-05-11T05:04:38.153598,2026-05-11T05:04:38.153598,24,True,
984,165,65,Expired,83.1,2025-10-04T05:04:38.153614,2025-09-24T05:04:38.153614,0.0,False,
985,165,94,Completed,99.3,2025-04-24T05:04:38.153627,2026-04-24T05:04:38.153627,4,True,
986,165,44,Completed,99.1,2025-09-22T05:04:38.153637,2026-09-22T05:04:38.153637,4,True,
987,165,68,Not Started,,,,0.0,False,
988,165,92,Completed,98.0,2026-05-15T05:04:38.153650,2027-05-15T05:04:38.153650,24,True,
989,165,73,Completed,76.6,2025-04-08T05:04:38.153660,2026-04-08T05:04:38.153660,24,True,
990,165,36,Not Started,,,,0.0,False,
991,166,41,In Progress,,,,12.2,False,
992,166,6,Not Started,,,,0.0,False,
993,166,58,Expired,96.4,2026-07-28T05:04:38.153680,2026-07-18T05:04:38.153680,0.0,False,
994,166,66,Completed,76.9,2025-11-19T05:04:38.153691,2026-11-19T05:04:38.153691,40,True,
995,167,72,Not Started,,,,0.0,False,
996,167,98,In Progress,,,,14.3,False,
997,167,19,Expired,99.1,2025-05-27T05:04:38.153711,2025-05-17T05:04:38.153711,0.0,False,
998,167,6,Expired,91.7,2025-04-03T05:04:38.153722,2025-03-24T05:04:38.153722,0.0,False,
999,167,83,Not Started,,,,0.0,False,
1000,167,47,In Progress,,,,1.2,False,
1001,167,48,Expired,70.1,2026-06-26T05:04:38.153738,2026-06-16T05:04:38.153738,0.0,False,
1002,167,67,Expired,74.0,2025-10-10T05:04:38.153750,2025-09-30T05:04:38.153750,0.0,False,
1003,168,85,Not Started,,,,0.0,False,
1004,168,67,In Progress,,,,19.5,False,
1005,168,33,Not Started,,,,0.0,False,
1006,168,27,Not Started,,,,0.0,False,
1007,168,92,In Progress,,,,14.8,False,
1008,169,60,Completed,76.8,2025-09-27T05:04:38.153777,2026-09-27T05:04:38.153777,40,True,
1009,169,11,Completed,78.0,2025-08-13T05:04:38.153788,2026-08-13T05:04:38.153788,40,True,
1010,169,85,In Progress,,,,21.1,False,
1011,169,96,Completed,89.6,2025-08-01T05:04:38.153801,2026-08-01T05:04:38.153801,4,True,
1012,169,36,Expired,80.7,2026-06-18T05:04:38.153812,2026-06-08T05:04:38.153812,0.0,False,
1013,170,92,In Progress,,,,2.5,False,
1014,170,35,Completed,93.9,2025-12-03T05:04:38.153830,2026-12-03T05:04:38.153830,16,True,
1015,170,9,Completed,73.1,2025-06-24T05:04:38.153841,2026-06-24T05:04:38.153841,4,True,
1016,170,81,Not Started,,,,0.0,False,
1017,170,78,Completed,98.9,2026-06-02T05:04:38.153853,2027-06-02T05:04:38.153853,40,True,
1018,170,61,Completed,80.5,2025-08-01T05:04:38.153863,2026-08-01T05:04:38.153863,4,True,
1019,171,6,Expired,79.3,2025-07-13T05:04:38.153878,2025-07-03T05:04:38.153878,0.0,False,
1020,171,18,Not Started,,,,0.0,False,
1021,171,77,In Progress,,,,5.6,False,
1022,171,2,Not Started,,,,0.0,False,
1023,171,82,In Progress,,,,9.9,False,
1024,172,94,In Progress,,,,1.9,False,
1025,172,85,Not Started,,,,0.0,False,
1026,172,66,Completed,69.3,2025-08-23T05:04:38.153905,2026-08-23T05:04:38.153905,40,True,
1027,172,98,Expired,68.9,2026-03-13T05:04:38.153916,2026-03-03T05:04:38.153916,0.0,False,
1028,172,68,In Progress,,,,35.1,False,
1029,172,48,Completed,93.3,2025-05-06T05:04:38.153929,2026-05-06T05:04:38.153929,8,True,
1030,172,33,Completed,66.2,2025-09-27T05:04:38.153939,2026-09-27T05:04:38.153939,16,True,
1031,172,18,Expired,80.9,2026-07-04T05:04:38.153950,2026-06-24T05:04:38.153950,0.0,False,
1032,173,5,Completed,70.1,2025-05-27T05:04:38.153967,2026-05-27T05:04:38.153967,8,True,
1033,173,83,Not Started,,,,0.0,False,
1034,173,97,In Progress,,,,3.5,False,
1035,173,29,Not Started,,,,0.0,False,
1036,173,75,Expired,95.6,2026-06-05T05:04:38.153985,2026-05-26T05:04:38.153985,0.0,False,
1037,173,54,In Progress,,,,3.9,False,
1038,174,91,Completed,89.2,2025-09-11T05:04:38.154003,2026-09-11T05:04:38.154003,8,True,
1039,174,54,Not Started,,,,0.0,False,
1040,174,10,Not Started,,,,0.0,False,
1041,174,56,Not Started,,,,0.0,False,
1042,174,53,Expired,76.6,2026-07-29T05:04:38.154019,2026-07-19T05:04:38.154019,0.0,False,
1043,174,93,Expired,72.6,2025-06-18T05:04:38.154031,2025-06-08T05:04:38.154031,0.0,False,
1044,174,12,Completed,97.1,2025-08-25T05:04:38.154042,2026-08-25T05:04:38.154042,32,True,
1045,174,49,Completed,67.0,2025-07-28T05:04:38.154053,2026-07-28T05:04:38.154053,40,True,
1046,175,4,Expired,90.0,2025-11-11T05:04:38.154066,2025-11-01T05:04:38.154066,0.0,False,
1047,175,96,Not Started,,,,0.0,False,
1048,175,8,Not Started,,,,0.0,False,
1049,175,77,Expired,84.1,2025-04-02T05:04:38.154080,2025-03-23T05:04:38.154080,0.0,False,
1050,176,12,Expired,81.4,2025-12-23T05:04:38.154097,2025-12-13T05:04:38.154097,0.0,False,
1051,176,85,Not Started,,,,0.0,False,
1052,176,86,In Progress,,,,1.3,False,
1053,176,94,Not Started,,,,0.0,False,
1054,176,17,In Progress,,,,5.8,False,
1055,176,24,Expired,93.2,2026-04-12T05:04:38.154114,2026-04-02T05:04:38.154114,0.0,False,
1056,177,8,Not Started,,,,0.0,False,
1057,177,18,In Progress,,,,0.7,False,
1058,177,32,In Progress,,,,7.3,False,
1059,177,99,Not Started,,,,0.0,False,
1060,177,63,Expired,74.8,2026-02-18T05:04:38.154147,2026-02-08T05:04:38.154147,0.0,False,
1061,178,77,Completed,65.7,2026-01-11T05:04:38.154165,2027-01-11T05:04:38.154165,24,True,
1062,178,92,Expired,100.0,2025-05-14T05:04:38.154175,2025-05-04T05:04:38.154175,0.0,False,
1063,178,19,Expired,75.2,2025-04-05T05:04:38.154187,2025-03-26T05:04:38.154187,0.0,False,
1064,178,89,Not Started,,,,0.0,False,
1065,178,66,Completed,76.6,2025-09-19T05:04:38.154199,2026-09-19T05:04:38.154199,40,True,
1066,178,91,Completed,81.6,2026-04-20T05:04:38.154210,2027-04-20T05:04:38.154210,8,True,
1067,178,36,Completed,76.3,2025-09-08T05:04:38.154220,2026-09-08T05:04:38.154220,8,True,
1068,179,28,Expired,94.6,2026-01-07T05:04:38.154235,2025-12-28T05:04:38.154235,0.0,False,
1069,179,23,In Progress,,,,14.1,False,
1070,179,41,Completed,78.0,2025-12-27T05:04:38.154247,2026-12-27T05:04:38.154247,40,True,
1071,179,50,Not Started,,,,0.0,False,
1072,179,79,Not Started,,,,0.0,False,
1073,179,87,Not Started,,,,0.0,False,
1074,179,1,Completed,73.8,2026-03-17T05:04:38.154261,2027-03-17T05:04:38.154261,16,True,
1075,179,95,Not Started,,,,0.0,False,
1076,180,45,Completed,95.4,2026-06-28T05:04:38.154276,2027-06-28T05:04:38.154276,8,True,
1077,180,50,Expired,82.7,2025-11-23T05:04:38.154287,2025-11-13T05:04:38.154287,0.0,False,
1078,180,85,In Progress,,,,17.2,False,
1079,180,65,Completed,92.7,2025-11-19T05:04:38.154299,2026-11-19T05:04:38.154299,40,True,
1080,180,82,Completed,85.3,2025-06-15T05:04:38.154309,2026-06-15T05:04:38.154309,16,True,
1081,181,19,Not Started,,,,0.0,False,
1082,181,14,Not Started,,,,0.0,False,
1083,181,58,In Progress,,,,18.9,False,
1084,181,83,In Progress,,,,3.8,False,
1085,181,72,Completed,84.0,2026-03-12T05:04:38.154332,2027-03-12T05:04:38.154332,4,True,
1086,181,84,Not Started,,,,0.0,False,
1087,181,76,Expired,66.2,2025-04-02T05:04:38.154343,2025-03-23T05:04:38.154343,0.0,False,
1088,181,96,In Progress,,,,2.7,False,
1089,182,12,Expired,96.2,2025-05-16T05:04:38.154361,2025-05-06T05:04:38.154361,0.0,False,
1090,182,87,Completed,95.7,2026-07-23T05:04:38.154372,2027-07-23T05:04:38.154372,16,True,
1091,182,93,Completed,95.9,2025-04-29T05:04:38.154382,2026-04-29T05:04:38.154382,16,True,
1092,182,37,In Progress,,,,9.2,False,
1093,182,6,Completed,66.6,2025-10-12T05:04:38.154394,2026-10-12T05:04:38.154394,16,True,
1094,182,16,In Progress,,,,5.6,False,
1095,182,10,Completed,90.5,2025-11-03T05:04:38.154406,2026-11-03T05:04:38.154406,16,True,
1096,182,99,In Progress,,,,30.1,False,
1097,183,22,Completed,81.7,2025-04-07T05:04:38.154423,2026-04-07T05:04:38.154423,8,True,
1098,183,72,Not Started,,,,0.0,False,
1099,183,12,Expired,85.9,2025-05-31T05:04:38.154435,2025-05-21T05:04:38.154435,0.0,False,
1100,183,71,Expired,69.0,2025-06-26T05:04:38.154446,2025-06-16T05:04:38.154446,0.0,False,
1101,183,49,In Progress,,,,33.3,False,
1102,183,93,In Progress,,,,0.7,False,
1103,184,31,Completed,88.9,2025-07-25T05:04:38.154467,2026-07-25T05:04:38.154467,16,True,
1104,184,6,Not Started,,,,0.0,False,
1105,184,20,Not Started,,,,0.0,False,
1106,184,25,In Progress,,,,3.5,False,
1107,185,62,Completed,91.4,2026-04-25T05:04:38.154487,2027-04-25T05:04:38.154487,40,True,
1108,185,8,Not Started,,,,0.0,False,
1109,185,84,Expired,76.9,2025-04-19T05:04:38.154499,2025-04-09T05:04:38.154499,0.0,False,
1110,185,56,Completed,96.2,2025-06-18T05:04:38.154509,2026-06-18T05:04:38.154509,40,True,
1111,185,55,In Progress,,,,25.4,False,
1112,185,60,Expired,90.0,2026-06-16T05:04:38.154521,2026-06-06T05:04:38.154521,0.0,False,
1113,185,88,In Progress,,,,5.1,False,
1114,186,44,In Progress,,,,0.6,False,
1115,186,8,Expired,73.6,2025-04-26T05:04:38.154539,2025-04-16T05:04:38.154539,0.0,False,
1116,186,96,Not Started,,,,0.0,False,
1117,186,20,Expired,71.7,2025-09-10T05:04:38.154550,2025-08-31T05:04:38.154550,0.0,False,
1118,186,12,Expired,81.4,2025-11-11T05:04:38.154561,2025-11-01T05:04:38.154561,0.0,False,
1119,187,17,In Progress,,,,26.5,False,
1120,187,28,In Progress,,,,0.8,False,
1121,187,40,Not Started,,,,0.0,False,
1122,187,23,In Progress,,,,17.2,False,
1123,187,82,Completed,67.3,2025-07-18T05:04:38.154582,2026-07-18T05:04:38.154582,16,True,
1124,188,40,Not Started,,,,0.0,False,
1125,188,83,Completed,92.2,2026-03-14T05:04:38.154599,2027-03-14T05:04:38.154599,8,True,
1126,188,36,In Progress,,,,4.3,False,
1127,188,5,Not Started,,,,0.0,False,
1128,188,80,Not Started,,,,0.0,False,
1129,188,69,In Progress,,,,4.0,False,
1130,189,80,Not Started,,,,0.0,False,
1131,189,40,Completed,79.4,2025-08-11T05:04:38.154620,2026-08-11T05:04:38.154620,8,True,
1132,189,41,Expired,67.9,2026-05-10T05:04:38.154630,2026-04-30T05:04:38.154630,0.0,False,
1133,189,98,Completed,89.8,2026-02-11T05:04:38.154641,2027-02-11T05:04:38.154641,16,True,
1134,190,2,In Progress,,,,16.2,False,
1135,190,7,In Progress,,,,23.2,False,
1136,190,96,Completed,96.6,2025-05-14T05:04:38.154659,2026-05-14T05:04:38.154659,4,True,
1137,190,83,Expired,93.4,2026-06-19T05:04:38.154669,2026-06-09T05:04:38.154669,0.0,False,
1138,190,50,Not Started,,,,0.0,False,
1139,190,45,In Progress,,,,2.8,False,
1140,191,26,Expired,70.2,2025-04-23T05:04:38.154687,2025-04-13T05:04:38.154687,0.0,False,
1141,191,93,Expired,82.9,2026-01-22T05:04:38.154698,2026-01-12T05:04:38.154698,0.0,False,
1142,191,25,Not Started,,,,0.0,False,
1143,191,51,Expired,76.6,2025-07-26T05:04:38.154710,2025-07-16T05:04:38.154710,0.0,False,
1144,191,50,Expired,97.8,2026-07-23T05:04:38.154720,2026-07-13T05:04:38.154720,0.0,False,
1145,191,76,In Progress,,,,5.6,False,
1146,191,40,Completed,83.9,2025-06-09T05:04:38.154732,2026-06-09T05:04:38.154732,8,True,
1147,192,77,In Progress,,,,3.8,False,
1148,192,48,Completed,71.1,2026-04-23T05:04:38.154750,2027-04-23T05:04:38.154750,8,True,
1149,192,23,Completed,66.4,2025-05-20T05:04:38.154760,2026-05-20T05:04:38.154760,24,True,
1150,192,5,In Progress,,,,4.5,False,
1151,192,40,Completed,82.5,2025-06-13T05:04:38.154772,2026-06-13T05:04:38.154772,8,True,
1152,192,15,In Progress,,,,28.9,False,
1153,193,49,In Progress,,,,39.5,False,
1154,193,39,In Progress,,,,7.2,False,
1155,193,64,Expired,87.8,2025-08-06T05:04:38.154790,2025-07-27T05:04:38.154790,0.0,False,
1156,193,77,In Progress,,,,20.2,False,
1157,194,64,In Progress,,,,6.4,False,
1158,194,57,Not Started,,,,0.0,False,
1159,194,46,In Progress,,,,12.8,False,
1160,194,92,Completed,77.2,2026-01-08T05:04:38.154813,2027-01-08T05:04:38.154813,24,True,
1161,194,87,In Progress,,,,10.3,False,
1162,194,100,Completed,83.6,2025-06-14T05:04:38.154827,2026-06-14T05:04:38.154827,8,True,
1163,194,58,Completed,98.3,2026-04-30T05:04:38.154838,2027-04-30T05:04:38.154838,24,True,
1164,194,22,Completed,91.2,2026-05-13T05:04:38.154849,2027-05-13T05:04:38.154849,8,True,
1165,195,33,In Progress,,,,4.8,False,
1166,195,91,Completed,85.0,2025-05-06T05:04:38.154865,2026-05-06T05:04:38.154865,8,True,
1167,195,17,Completed,99.6,2025-05-29T05:04:38.154875,2026-05-29T05:04:38.154875,40,True,
1168,195,92,Not Started,,,,0.0,False,
1169,195,52,Not Started,,,,0.0,False,
1170,195,94,In Progress,,,,3.5,False,
1171,195,96,Not Started,,,,0.0,False,
1172,195,23,Not Started,,,,0.0,False,
1173,196,68,Completed,83.2,2026-02-14T05:04:38.154896,2027-02-14T05:04:38.154896,40,True,
1174,196,44,Expired,94.2,2026-04-25T05:04:38.154907,2026-04-15T05:04:38.154907,0.0,False,
1175,196,98,Not Started,,,,0.0,False,
1176,196,89,Expired,87.0,2026-03-19T05:04:38.154918,2026-03-09T05:04:38.154918,0.0,False,
1177,196,85,Expired,70.8,2026-02-17T05:04:38.154929,2026-02-07T05:04:38.154929,0.0,False,
1178,196,22,Not Started,,,,0.0,False,
1179,196,79,Not Started,,,,0.0,False,
1180,196,17,Expired,91.9,2026-06-16T05:04:38.154943,2026-06-06T05:04:38.154943,0.0,False,
1181,197,34,In Progress,,,,9.3,False,
1182,197,37,In Progress,,,,1.4,False,
1183,197,53,Expired,69.7,2025-11-10T05:04:38.154959,2025-10-31T05:04:38.154959,0.0,False,
1184,197,11,Expired,88.4,2025-04-14T05:04:38.154970,2025-04-04T05:04:38.154970,0.0,False,
1185,198,18,In Progress,,,,14.6,False,
1186,198,65,Completed,92.8,2025-04-27T05:04:38.154985,2026-04-27T05:04:38.154985,40,True,
1187,198,45,In Progress,,,,7.7,False,
1188,198,3,Not Started,,,,0.0,False,
1189,198,89,In Progress,,,,2.2,False,
1190,198,63,In Progress,,,,12.8,False,
1191,199,21,In Progress,,,,2.0,False,
1192,199,46,In Progress,,,,23.7,False,
1193,199,78,Not Started,,,,0.0,False,
1194,199,97,In Progress,,,,4.2,False,
1195,199,2,Not Started,,,,0.0,False,
1196,199,73,In Progress,,,,22.3,False,
1197,199,45,Completed,79.8,2026-02-28T05:04:38.155016,2027-02-28T05:04:38.155016,8,True,
1198,199,86,Completed,80.8,2026-01-07T05:04:38.155026,2027-01-07T05:04:38.155026,8,True,
1199,200,58,Expired,82.0,2026-01-06T05:04:38.155041,2025-12-27T05:04:38.155041,0.0,False,
1200,200,83,Completed,99.6,2026-03-10T05:04:38.155051,2027-03-10T05:04:38.155051,8,True,
1201,200,59,In Progress,,,,4.3,False,
1202,200,76,Not Started,,,,0.0,False,
1203,200,96,Expired,91.8,2025-12-30T05:04:38.155065,2025-12-20T05:04:38.155065,0.0,False,
1204,201,57,In Progress,,,,13.3,False,
1205,201,91,Completed,94.2,2026-04-24T05:04:38.155080,2027-04-24T05:04:38.155080,8,True,
1206,201,43,Expired,97.1,2026-02-12T05:04:38.155092,2026-02-02T05:04:38.155092,0.0,False,
1207,201,87,In Progress,,,,3.1,False,
1208,202,86,Completed,82.0,2025-12-31T05:04:38.155108,2026-12-31T05:04:38.155108,8,True,
1209,202,42,Not Started,,,,0.0,False,
1210,202,66,Expired,74.9,2025-08-31T05:04:38.155119,2025-08-21T05:04:38.155119,0.0,False,
1211,202,61,Not Started,,,,0.0,False,
1212,202,19,Expired,65.4,2025-04-10T05:04:38.155131,2025-03-31T05:04:38.155131,0.0,False,
1213,202,93,Not Started,,,,0.0,False,
1214,202,60,Completed,74.1,2026-02-27T05:04:38.155143,2027-02-27T05:04:38.155143,40,True,
1215,202,48,Expired,87.4,2026-04-06T05:04:38.155153,2026-03-27T05:04:38.155153,0.0,False,
1216,203,96,Completed,88.7,2025-10-11T05:04:38.155166,2026-10-11T05:04:38.155166,4,True,
1217,203,57,Completed,95.8,2026-07-17T05:04:38.155177,2027-07-17T05:04:38.155177,16,True,
1218,203,37,Completed,71.9,2025-05-21T05:04:38.155188,2026-05-21T05:04:38.155188,16,True,
1219,203,2,In Progress,,,,9.3,False,
1220,204,84,Completed,84.0,2025-09-22T05:04:38.155204,2026-09-22T05:04:38.155204,4,True,
1221,204,49,Completed,90.3,2025-07-25T05:04:38.155214,2026-07-25T05:04:38.155214,40,True,
1222,204,36,In Progress,,,,7.8,False,
1223,204,53,Completed,68.8,2025-11-30T05:04:38.155226,2026-11-30T05:04:38.155226,40,True,
1224,205,22,In Progress,,,,4.6,False,
1225,205,1,Completed,69.6,2026-03-01T05:04:38.155241,2027-03-01T05:04:38.155241,16,True,
1226,205,50,Completed,94.3,2025-11-02T05:04:38.155251,2026-11-02T05:04:38.155251,16,True,
1227,205,62,Expired,76.6,2025-05-17T05:04:38.155262,2025-05-07T05:04:38.155262,0.0,False,
1228,205,74,Expired,69.5,2026-01-31T05:04:38.155273,2026-01-21T05:04:38.155273,0.0,False,
1229,206,28,Not Started,,,,0.0,False,
1230,206,6,Completed,75.3,2026-04-06T05:04:38.155289,2027-04-06T05:04:38.155289,16,True,
1231,206,33,Completed,76.3,2025-06-18T05:04:38.155299,2026-06-18T05:04:38.155299,16,True,
1232,206,89,Expired,78.2,2025-06-20T05:04:38.155309,2025-06-10T05:04:38.155309,0.0,False,
1233,206,35,Completed,93.0,2025-04-22T05:04:38.155320,2026-04-22T05:04:38.155320,16,True,
1234,206,56,Completed,99.5,2025-07-17T05:04:38.155330,2026-07-17T05:04:38.155330,40,True,
1235,207,27,Not Started,,,,0.0,False,
1236,207,46,Completed,65.7,2026-01-19T05:04:38.155344,2027-01-19T05:04:38.155344,40,True,
1237,207,80,Completed,67.1,2025-09-28T05:04:38.155354,2026-09-28T05:04:38.155354,24,True,
1238,207,39,Not Started,,,,0.0,False,
1239,207,20,Completed,73.4,2026-05-12T05:04:38.155366,2027-05-12T05:04:38.155366,8,True,
1240,207,17,Expired,99.7,2025-07-25T05:04:38.155375,2025-07-15T05:04:38.155375,0.0,False,
1241,207,99,Expired,99.6,2026-02-11T05:04:38.155385,2026-02-01T05:04:38.155385,0.0,False,
1242,208,77,In Progress,,,,13.6,False,
1243,208,61,Not Started,,,,0.0,False,
1244,208,8,In Progress,,,,7.9,False,
1245,208,95,In Progress,,,,1.2,False,
1246,208,94,In Progress,,,,2.8,False,
1247,208,27,Completed,66.8,2026-03-28T05:04:38.155407,2027-03-28T05:04:38.155407,8,True,
1248,208,1,Not Started,,,,0.0,False,
1249,208,52,Expired,96.9,2025-09-26T05:04:38.155418,2025-09-16T05:04:38.155418,0.0,False,
1250,209,34,In Progress,,,,6.7,False,
1251,209,8,Not Started,,,,0.0,False,
1252,209,40,Expired,75.2,2026-07-06T05:04:38.155434,2026-06-26T05:04:38.155434,0.0,False,
1253,209,31,Completed,80.5,2026-06-03T05:04:38.155444,2027-06-03T05:04:38.155444,16,True,
1254,209,62,Expired,91.2,2025-04-11T05:04:38.155453,2025-04-01T05:04:38.155453,0.0,False,
1255,209,49,Completed,75.8,2025-08-18T05:04:38.155463,2026-08-18T05:04:38.155463,40,True,
1256,209,93,Not Started,,,,0.0,False,
1257,210,42,Completed,87.5,2026-05-14T05:04:38.155478,2027-05-14T05:04:38.155478,24,True,
1258,210,88,Completed,65.1,2025-03-31T05:04:38.155489,2026-03-31T05:04:38.155489,16,True,
1259,210,85,Expired,86.2,2025-04-07T05:04:38.155498,2025-03-28T05:04:38.155498,0.0,False,
1260,210,75,Expired,78.2,2025-04-03T05:04:38.155508,2025-03-24T05:04:38.155508,0.0,False,
1261,210,64,Expired,86.4,2026-04-06T05:04:38.155517,2026-03-27T05:04:38.155517,0.0,False,
1262,210,11,Completed,76.6,2026-07-21T05:04:38.155527,2027-07-21T05:04:38.155527,40,True,
1263,210,2,Not Started,,,,0.0,False,
1264,210,52,Not Started,,,,0.0,False,
1265,211,42,In Progress,,,,14.1,False,
1266,211,15,In Progress,,,,28.1,False,
1267,211,98,In Progress,,,,9.9,False,
1268,211,77,In Progress,,,,3.1,False,
1269,211,61,Not Started,,,,0.0,False,
1270,211,9,Expired,88.9,2025-04-03T05:04:38.155553,2025-03-24T05:04:38.155553,0.0,False,
1271,212,35,Completed,72.6,2025-04-10T05:04:38.155566,2026-04-10T05:04:38.155566,16,True,
1272,212,30,Expired,93.9,2026-05-03T05:04:38.155575,2026-04-23T05:04:38.155575,0.0,False,
1273,212,84,Not Started,,,,0.0,False,
1274,212,95,Expired,98.9,2025-10-11T05:04:38.155586,2025-10-01T05:04:38.155586,0.0,False,
1275,212,64,Expired,95.5,2025-06-18T05:04:38.155596,2025-06-08T05:04:38.155596,0.0,False,
1276,212,16,In Progress,,,,5.7,False,
1277,213,40,Completed,92.9,2026-04-21T05:04:38.155612,2027-04-21T05:04:38.155612,8,True,
1278,213,34,In Progress,,,,23.9,False,
1279,213,4,In Progress,,,,11.7,False,
1280,213,98,In Progress,,,,2.2,False,
1281,213,73,Not Started,,,,0.0,False,
1282,213,95,In Progress,,,,3.3,False,
1283,213,92,Expired,66.8,2025-08-15T05:04:38.155629,2025-08-05T05:04:38.155629,0.0,False,
1284,214,98,Completed,77.1,2025-12-07T05:04:38.155643,2026-12-07T05:04:38.155643,16,True,
1285,214,58,In Progress,,,,4.2,False,
1286,214,75,Not Started,,,,0.0,False,
1287,214,33,In Progress,,,,5.3,False,
1288,214,15,Expired,65.9,2025-04-08T05:04:38.155657,2025-03-29T05:04:38.155657,0.0,False,
1289,214,65,In Progress,,,,34.6,False,
1290,214,74,In Progress,,,,19.4,False,
1291,214,23,Completed,95.9,2025-05-16T05:04:38.155672,2026-05-16T05:04:38.155672,24,True,
1292,215,59,Completed,78.7,2025-08-04T05:04:38.155685,2026-08-04T05:04:38.155685,24,True,
1293,215,1,Not Started,,,,0.0,False,
1294,215,23,Expired,92.5,2025-05-28T05:04:38.155696,2025-05-18T05:04:38.155696,0.0,False,
1295,215,79,Completed,86.9,2026-03-26T05:04:38.155751,2027-03-26T05:04:38.155751,40,True,
1296,215,98,Completed,95.1,2025-09-03T05:04:38.155762,2026-09-03T05:04:38.155762,16,True,
1297,215,29,Expired,80.3,2026-07-29T05:04:38.155773,2026-07-19T05:04:38.155773,0.0,False,
1298,215,11,Completed,91.5,2025-07-30T05:04:38.155782,2026-07-30T05:04:38.155782,40,True,
1299,215,19,Not Started,,,,0.0,False,
1300,216,17,Not Started,,,,0.0,False,
1301,216,73,Expired,99.3,2025-05-06T05:04:38.155799,2025-04-26T05:04:38.155799,0.0,False,
1302,216,27,Expired,92.0,2026-01-10T05:04:38.155809,2025-12-31T05:04:38.155809,0.0,False,
1303,216,26,Expired,91.5,2026-06-16T05:04:38.155819,2026-06-06T05:04:38.155819,0.0,False,
1304,216,40,Completed,84.4,2025-08-27T05:04:38.155828,2026-08-27T05:04:38.155828,8,True,
1305,216,25,In Progress,,,,3.5,False,
1306,216,65,Expired,73.5,2026-05-14T05:04:38.155840,2026-05-04T05:04:38.155840,0.0,False,
1307,217,1,Expired,94.3,2025-04-10T05:04:38.155855,2025-03-31T05:04:38.155855,0.0,False,
1308,217,55,Not Started,,,,0.0,False,
1309,217,39,In Progress,,,,5.8,False,
1310,217,91,In Progress,,,,1.4,False,
1311,217,17,Completed,80.7,2026-06-22T05:04:38.155870,2027-06-22T05:04:38.155870,40,True,
1312,217,5,In Progress,,,,6.2,False,
1313,217,43,Expired,87.8,2025-09-26T05:04:38.155881,2025-09-16T05:04:38.155881,0.0,False,
1314,217,32,Expired,74.4,2025-05-21T05:04:38.155890,2025-05-11T05:04:38.155890,0.0,False,
1315,218,14,Completed,68.9,2025-07-10T05:04:38.155904,2026-07-10T05:04:38.155904,40,True,
1316,218,87,Completed,73.0,2025-04-02T05:04:38.155915,2026-04-02T05:04:38.155915,16,True,
1317,218,61,Completed,79.6,2026-03-13T05:04:38.155926,2027-03-13T05:04:38.155926,4,True,
1318,218,88,Not Started,,,,0.0,False,
1319,218,37,Not Started,,,,0.0,False,
1320,218,97,In Progress,,,,6.8,False,
1321,219,58,Not Started,,,,0.0,False,
1322,219,60,Completed,94.7,2025-08-27T05:04:38.155945,2026-08-27T05:04:38.155945,40,True,
1323,219,10,Completed,74.5,2025-09-29T05:04:38.155955,2026-09-29T05:04:38.155955,16,True,
1324,219,38,Not Started,,,,0.0,False,
1325,219,76,Not Started,,,,0.0,False,
1326,219,94,In Progress,,,,3.6,False,
1327,219,89,In Progress,,,,13.2,False,
1328,220,4,Expired,67.6,2026-06-20T05:04:38.155972,2026-06-10T05:04:38.155972,0.0,False,
1329,220,3,Not Started,,,,0.0,False,
1330,220,71,In Progress,,,,3.6,False,
1331,220,2,In Progress,,,,4.5,False,
1332,221,91,In Progress,,,,0.7,False,
1333,221,66,In Progress,,,,14.6,False,
1334,221,26,In Progress,,,,3.5,False,
1335,221,25,Completed,97.8,2025-07-05T05:04:38.155995,2026-07-05T05:04:38.155995,4,True,
1336,221,89,Expired,99.5,2025-07-26T05:04:38.156006,2025-07-16T05:04:38.156006,0.0,False,
1337,221,34,Not Started,,,,0.0,False,
1338,221,16,Expired,97.0,2026-06-02T05:04:38.156017,2026-05-23T05:04:38.156017,0.0,False,
1339,222,33,Expired,78.6,2025-05-22T05:04:38.156031,2025-05-12T05:04:38.156031,0.0,False,
1340,222,77,In Progress,,,,7.9,False,
1341,222,59,Expired,96.0,2025-06-24T05:04:38.156043,2025-06-14T05:04:38.156043,0.0,False,
1342,222,2,In Progress,,,,5.8,False,
1343,222,94,Expired,87.4,2026-05-04T05:04:38.156054,2026-04-24T05:04:38.156054,0.0,False,
1344,223,54,Not Started,,,,0.0,False,
1345,223,38,In Progress,,,,6.4,False,
1346,223,55,Completed,99.8,2025-07-26T05:04:38.156069,2026-07-26T05:04:38.156069,40,True,
1347,223,79,Expired,87.9,2026-06-01T05:04:38.156079,2026-05-22T05:04:38.156079,0.0,False,
1348,224,83,Completed,88.2,2026-02-27T05:04:38.156093,2027-02-27T05:04:38.156093,8,True,
1349,224,48,Expired,73.7,2025-11-08T05:04:38.156103,2025-10-29T05:04:38.156103,0.0,False,
1350,224,57,Expired,97.9,2026-06-16T05:04:38.156113,2026-06-06T05:04:38.156113,0.0,False,
1351,224,53,Not Started,,,,0.0,False,
1352,224,7,Not Started,,,,0.0,False,
1353,224,35,In Progress,,,,6.0,False,
1354,224,11,Not Started,,,,0.0,False,
1355,224,6,Completed,91.1,2025-07-14T05:04:38.156136,2026-07-14T05:04:38.156136,16,True,
1356,225,59,Not Started,,,,0.0,False,
1357,225,61,In Progress,,,,3.8,False,
1358,225,22,In Progress,,,,5.8,False,
1359,225,41,Not Started,,,,0.0,False,
1360,225,18,Not Started,,,,0.0,False,
1361,225,49,Not Started,,,,0.0,False,
1362,225,52,Completed,95.6,2025-12-02T05:04:38.156159,2026-12-02T05:04:38.156159,4,True,
1363,226,78,Expired,95.3,2025-06-12T05:04:38.156172,2025-06-02T05:04:38.156172,0.0,False,
1364,226,88,In Progress,,,,10.1,False,
1365,226,30,In Progress,,,,1.7,False,
1366,226,50,Not Started,,,,0.0,False,
1367,227,43,Not Started,,,,0.0,False,
1368,227,39,Expired,82.3,2025-04-17T05:04:38.156193,2025-04-07T05:04:38.156193,0.0,False,
1369,227,28,Completed,83.4,2026-02-10T05:04:38.156202,2027-02-10T05:04:38.156202,4,True,
1370,227,47,In Progress,,,,0.9,False,
1371,227,98,Not Started,,,,0.0,False,
1372,227,81,Completed,96.2,2025-04-20T05:04:38.156215,2026-04-20T05:04:38.156215,8,True,
1373,228,19,Completed,92.5,2025-10-14T05:04:38.156228,2026-10-14T05:04:38.156228,8,True,
1374,228,20,In Progress,,,,7.6,False,
1375,228,68,In Progress,,,,4.1,False,
1376,228,11,Not Started,,,,0.0,False,
1377,228,93,Completed,92.6,2025-10-13T05:04:38.156245,2026-10-13T05:04:38.156245,16,True,
1378,229,92,In Progress,,,,7.6,False,
1379,229,98,Expired,89.1,2026-04-25T05:04:38.156260,2026-04-15T05:04:38.156260,0.0,False,
1380,229,22,In Progress,,,,5.3,False,
1381,229,68,Completed,82.3,2026-06-10T05:04:38.156271,2027-06-10T05:04:38.156271,40,True,
1382,229,50,In Progress,,,,15.5,False,
1383,230,42,Not Started,,,,0.0,False,
1384,230,94,Completed,92.6,2025-04-17T05:04:38.156287,2026-04-17T05:04:38.156287,4,True,
1385,230,89,Expired,70.4,2026-05-20T05:04:38.156297,2026-05-10T05:04:38.156297,0.0,False,
1386,230,32,In Progress,,,,30.6,False,
1387,230,52,Not Started,,,,0.0,False,
1388,230,85,Expired,84.6,2025-12-24T05:04:38.156309,2025-12-14T05:04:38.156309,0.0,False,
1389,230,97,Completed,83.5,2026-04-28T05:04:38.156319,2027-04-28T05:04:38.156319,8,True,
1390,231,59,Completed,76.0,2025-12-23T05:04:38.156332,2026-12-23T05:04:38.156332,24,True,
1391,231,12,Completed,70.4,2025-08-05T05:04:38.156341,2026-08-05T05:04:38.156341,32,True,
1392,231,20,Completed,71.3,2026-01-09T05:04:38.156351,2027-01-09T05:04:38.156351,8,True,
1393,231,27,Not Started,,,,0.0,False,
1394,231,8,Not Started,,,,0.0,False,
1395,231,37,In Progress,,,,11.2,False,
1396,231,2,In Progress,,,,19.9,False,
1397,232,64,Completed,74.3,2026-06-02T05:04:38.156371,2027-06-02T05:04:38.156371,8,True,
1398,232,82,Completed,86.5,2026-05-04T05:04:38.156380,2027-05-04T05:04:38.156380,16,True,
1399,232,86,Expired,92.2,2025-07-01T05:04:38.156390,2025-06-21T05:04:38.156390,0.0,False,
1400,232,27,Expired,88.6,2026-02-22T05:04:38.156399,2026-02-12T05:04:38.156399,0.0,False,
1401,233,32,Completed,86.1,2025-07-20T05:04:38.156414,2026-07-20T05:04:38.156414,40,True,
1402,233,77,In Progress,,,,22.9,False,
1403,233,38,Expired,93.8,2025-07-04T05:04:38.156425,2025-06-24T05:04:38.156425,0.0,False,
1404,233,83,Completed,70.3,2025-10-23T05:04:38.156435,2026-10-23T05:04:38.156435,8,True,
1405,233,14,Not Started,,,,0.0,False,
1406,233,55,In Progress,,,,25.6,False,
1407,233,53,In Progress,,,,31.8,False,
1408,234,5,Not Started,,,,0.0,False,
1409,234,3,Not Started,,,,0.0,False,
1410,234,38,Completed,96.7,2026-03-08T05:04:38.156455,2027-03-08T05:04:38.156455,24,True,
1411,234,80,Completed,82.8,2025-04-28T05:04:38.156465,2026-04-28T05:04:38.156465,24,True,
1412,235,49,Completed,85.2,2026-06-12T05:04:38.156478,2027-06-12T05:04:38.156478,40,True,
1413,235,19,Not Started,,,,0.0,False,
1414,235,9,Not Started,,,,0.0,False,
1415,235,94,Not Started,,,,0.0,False,
1416,235,98,Completed,84.5,2026-02-11T05:04:38.156493,2027-02-11T05:04:38.156493,16,True,
1417,235,69,Completed,68.8,2026-06-23T05:04:38.156504,2027-06-23T05:04:38.156504,8,True,
1418,235,27,Completed,79.2,2025-10-21T05:04:38.156515,2026-10-21T05:04:38.156515,8,True,
1419,236,2,Completed,79.6,2026-03-18T05:04:38.156528,2027-03-18T05:04:38.156528,24,True,
1420,236,52,Expired,66.3,2026-01-29T05:04:38.156538,2026-01-19T05:04:38.156538,0.0,False,
1421,236,78,In Progress,,,,36.9,False,
1422,236,27,Completed,91.2,2026-05-30T05:04:38.156549,2027-05-30T05:04:38.156549,8,True,
1423,236,43,Expired,71.3,2026-06-20T05:04:38.156559,2026-06-10T05:04:38.156559,0.0,False,
1424,236,82,In Progress,,,,6.9,False,
1425,236,20,Expired,77.6,2025-04-13T05:04:38.156570,2025-04-03T05:04:38.156570,0.0,False,
1426,237,40,In Progress,,,,4.9,False,
1427,237,71,Not Started,,,,0.0,False,
1428,237,9,Not Started,,,,0.0,False,
1429,237,2,Expired,79.8,2026-06-25T05:04:38.156588,2026-06-15T05:04:38.156588,0.0,False,
1430,237,30,Not Started,,,,0.0,False,
1431,237,1,Expired,93.4,2026-01-13T05:04:38.156600,2026-01-03T05:04:38.156600,0.0,False,
1432,237,20,Expired,100.0,2025-06-10T05:04:38.156610,2025-05-31T05:04:38.156610,0.0,False,
1433,237,28,Completed,96.7,2026-07-10T05:04:38.156620,2027-07-10T05:04:38.156620,4,True,
1434,238,78,Expired,76.5,2026-07-24T05:04:38.156635,2026-07-14T05:04:38.156635,0.0,False,
1435,238,25,Completed,77.4,2026-01-13T05:04:38.156645,2027-01-13T05:04:38.156645,4,True,
1436,238,6,In Progress,,,,15.0,False,
1437,238,28,Completed,94.4,2025-10-04T05:04:38.156656,2026-10-04T05:04:38.156656,4,True,
1438,238,68,Expired,87.3,2026-04-30T05:04:38.156665,2026-04-20T05:04:38.156665,0.0,False,
1439,238,82,Not Started,,,,0.0,False,
1440,238,40,Not Started,,,,0.0,False,
1441,238,43,Completed,93.2,2025-10-04T05:04:38.156677,2026-10-04T05:04:38.156677,4,True,
1442,239,21,Expired,96.0,2025-07-25T05:04:38.156690,2025-07-15T05:04:38.156690,0.0,False,
1443,239,56,Not Started,,,,0.0,False,
1444,239,99,Not Started,,,,0.0,False,
1445,239,91,In Progress,,,,7.1,False,
1446,239,18,Completed,65.4,2025-06-13T05:04:38.156704,2026-06-13T05:04:38.156704,24,True,
1447,239,72,Completed,71.4,2025-06-15T05:04:38.156713,2026-06-15T05:04:38.156713,4,True,
1448,239,45,In Progress,,,,3.4,False,
1449,239,81,Completed,71.1,2025-04-07T05:04:38.156725,2026-04-07T05:04:38.156725,8,True,
1450,240,75,Not Started,,,,0.0,False,
1451,240,8,Not Started,,,,0.0,False,
1452,240,65,Completed,78.3,2025-09-29T05:04:38.156740,2026-09-29T05:04:38.156740,40,True,
1453,240,37,In Progress,,,,11.7,False,
1454,240,2,In Progress,,,,13.4,False,
1455,240,44,Not Started,,,,0.0,False,
1456,240,41,Completed,68.2,2026-01-24T05:04:38.156756,2027-01-24T05:04:38.156756,40,True,
1457,241,94,Completed,97.9,2026-07-31T05:04:38.156769,2027-07-31T05:04:38.156769,4,True,
1458,241,87,Completed,90.9,2026-03-23T05:04:38.156778,2027-03-23T05:04:38.156778,16,True,
1459,241,35,In Progress,,,,4.7,False,
1460,241,8,Expired,68.3,2025-07-06T05:04:38.156790,2025-06-26T05:04:38.156790,0.0,False,
1461,241,29,Completed,72.1,2026-07-23T05:04:38.156799,2027-07-23T05:04:38.156799,8,True,
1462,242,72,Completed,94.1,2025-09-14T05:04:38.156813,2026-09-14T05:04:38.156813,4,True,
1463,242,40,Expired,92.1,2025-12-25T05:04:38.156823,2025-12-15T05:04:38.156823,0.0,False,
1464,242,18,Not Started,,,,0.0,False,
1465,242,50,Completed,74.2,2025-09-21T05:04:38.156834,2026-09-21T05:04:38.156834,16,True,
1466,243,53,Expired,68.1,2026-03-04T05:04:38.156846,2026-02-22T05:04:38.156846,0.0,False,
1467,243,56,Expired,74.9,2026-01-24T05:04:38.156856,2026-01-14T05:04:38.156856,0.0,False,
1468,243,97,Expired,84.5,2025-12-03T05:04:38.156866,2025-11-23T05:04:38.156866,0.0,False,
1469,243,18,Completed,67.7,2026-04-18T05:04:38.156876,2027-04-18T05:04:38.156876,24,True,
1470,243,51,Not Started,,,,0.0,False,
1471,244,85,Not Started,,,,0.0,False,
1472,244,99,In Progress,,,,6.3,False,
1473,244,53,Completed,85.9,2025-09-02T05:04:38.156895,2026-09-02T05:04:38.156895,40,True,
1474,244,38,In Progress,,,,14.8,False,
1475,244,59,In Progress,,,,5.7,False,
1476,244,94,In Progress,,,,2.7,False,
1477,244,48,Not Started,,,,0.0,False,
1478,244,97,Completed,77.9,2025-09-16T05:04:38.156910,2026-09-16T05:04:38.156910,8,True,
1479,245,38,In Progress,,,,22.8,False,
1480,245,14,In Progress,,,,2.9,False,
1481,245,21,In Progress,,,,3.3,False,
1482,245,75,In Progress,,,,11.8,False,
1483,245,91,Completed,85.9,2025-10-07T05:04:38.156931,2026-10-07T05:04:38.156931,8,True,
1484,245,85,Not Started,,,,0.0,False,
1485,246,21,In Progress,,,,1.3,False,
1486,246,11,Not Started,,,,0.0,False,
1487,246,47,Expired,93.1,2025-07-04T05:04:38.156948,2025-06-24T05:04:38.156948,0.0,False,
1488,246,50,In Progress,,,,10.0,False,
1489,247,2,Completed,83.6,2025-06-24T05:04:38.156962,2026-06-24T05:04:38.156962,24,True,
1490,247,47,In Progress,,,,2.6,False,
1491,247,65,Not Started,,,,0.0,False,
1492,247,9,Completed,72.4,2025-07-25T05:04:38.156976,2026-07-25T05:04:38.156976,4,True,
1493,247,85,Expired,91.3,2025-10-04T05:04:38.156986,2025-09-24T05:04:38.156986,0.0,False,
1494,247,97,In Progress,,,,5.8,False,
1495,248,47,Completed,81.0,2025-10-30T05:04:38.157002,2026-10-30T05:04:38.157002,4,True,
1496,248,83,Expired,66.8,2026-02-16T05:04:38.157011,2026-02-06T05:04:38.157011,0.0,False,
1497,248,90,Expired,78.8,2025-07-26T05:04:38.157021,2025-07-16T05:04:38.157021,0.0,False,
1498,248,9,In Progress,,,,0.9,False,
1499,249,16,Expired,73.0,2026-05-03T05:04:38.157035,2026-04-23T05:04:38.157035,0.0,False,
1500,249,66,Completed,98.3,2025-04-22T05:04:38.157045,2026-04-22T05:04:38.157045,40,True,
1501,249,96,Completed,95.5,2025-06-26T05:04:38.157054,2026-06-26T05:04:38.157054,4,True,
1502,249,47,Expired,97.4,2026-01-26T05:04:38.157064,2026-01-16T05:04:38.157064,0.0,False,
1503,250,8,Completed,96.2,2025-06-20T05:04:38.157078,2026-06-20T05:04:38.157078,8,True,
1504,250,43,Expired,70.2,2025-11-16T05:04:38.157087,2025-11-06T05:04:38.157087,0.0,False,
1505,250,36,Completed,74.9,2026-07-25T05:04:38.157096,2027-07-25T05:04:38.157096,8,True,
1506,250,21,Not Started,,,,0.0,False,
1507,250,41,In Progress,,,,23.6,False,
1508,250,85,Not Started,,,,0.0,False,
1509,250,20,Not Started,,,,0.0,False,
1510,250,23,Not Started,,,,0.0,False,
1511,251,88,In Progress,,,,12.9,False,
1512,251,61,Completed,98.1,2025-11-11T05:04:38.157119,2026-11-11T05:04:38.157119,4,True,
1513,251,55,Expired,73.0,2026-07-04T05:04:38.157129,2026-06-24T05:04:38.157129,0.0,False,
1514,251,71,Not Started,,,,0.0,False,
1515,252,1,In Progress,,,,1.5,False,
1516,252,94,In Progress,,,,3.8,False,
1517,252,41,Completed,75.9,2026-02-08T05:04:38.157149,2027-02-08T05:04:38.157149,40,True,
1518,252,15,Completed,95.2,2026-02-08T05:04:38.157158,2027-02-08T05:04:38.157158,40,True,
1519,252,78,Expired,83.8,2025-11-12T05:04:38.157168,2025-11-02T05:04:38.157168,0.0,False,
1520,252,56,Not Started,,,,0.0,False,
1521,253,30,Completed,80.7,2026-04-09T05:04:38.157182,2027-04-09T05:04:38.157182,4,True,
1522,253,20,Expired,82.9,2025-04-14T05:04:38.157192,2025-04-04T05:04:38.157192,0.0,False,
1523,253,46,Not Started,,,,0.0,False,
1524,253,40,In Progress,,,,6.7,False,
1525,253,64,Completed,85.9,2026-07-29T05:04:38.157204,2027-07-29T05:04:38.157204,8,True,
1526,254,34,Expired,72.2,2025-09-23T05:04:38.157218,2025-09-13T05:04:38.157218,0.0,False,
1527,254,58,Expired,79.9,2026-05-15T05:04:38.157227,2026-05-05T05:04:38.157227,0.0,False,
1528,254,19,Completed,77.0,2026-03-21T05:04:38.157237,2027-03-21T05:04:38.157237,8,True,
1529,254,77,In Progress,,,,0.7,False,
1530,254,32,Completed,86.6,2025-06-26T05:04:38.157248,2026-06-26T05:04:38.157248,40,True,
1531,254,31,Not Started,,,,0.0,False,
1532,254,8,Expired,83.9,2026-05-24T05:04:38.157260,2026-05-14T05:04:38.157260,0.0,False,
1533,254,37,In Progress,,,,10.0,False,
1534,255,53,Not Started,,,,0.0,False,
1535,255,27,Expired,90.3,2025-08-11T05:04:38.157277,2025-08-01T05:04:38.157277,0.0,False,
1536,255,6,Expired,75.3,2025-12-07T05:04:38.157287,2025-11-27T05:04:38.157287,0.0,False,
1537,255,14,Completed,86.6,2025-07-25T05:04:38.157297,2026-07-25T05:04:38.157297,40,True,
1538,255,49,Expired,74.7,2025-06-27T05:04:38.157306,2025-06-17T05:04:38.157306,0.0,False,
1539,255,56,Completed,80.7,2025-04-01T05:04:38.157316,2026-04-01T05:04:38.157316,40,True,
1540,255,38,Completed,95.9,2026-02-21T05:04:38.157325,2027-02-21T05:04:38.157325,24,True,
1541,255,70,Completed,68.7,2025-08-08T05:04:38.157334,2026-08-08T05:04:38.157334,16,True,
1542,256,82,Not Started,,,,0.0,False,
1543,256,37,Completed,79.3,2026-05-25T05:04:38.157349,2027-05-25T05:04:38.157349,16,True,
1544,256,91,Completed,98.6,2025-10-28T05:04:38.157358,2026-10-28T05:04:38.157358,8,True,
1545,256,30,Completed,85.1,2025-07-17T05:04:38.157368,2026-07-17T05:04:38.157368,4,True,
1546,256,72,Completed,99.1,2025-11-14T05:04:38.157379,2026-11-14T05:04:38.157379,4,True,
1547,256,51,Expired,65.9,2025-12-02T05:04:38.157388,2025-11-22T05:04:38.157388,0.0,False,
1548,257,93,Not Started,,,,0.0,False,
1549,257,74,Not Started,,,,0.0,False,
1550,257,3,Completed,99.9,2025-08-15T05:04:38.157407,2026-08-15T05:04:38.157407,40,True,
1551,257,66,Completed,95.3,2025-09-04T05:04:38.157417,2026-09-04T05:04:38.157417,40,True,
1552,257,86,Completed,67.8,2025-03-29T05:04:38.157426,2026-03-29T05:04:38.157426,8,True,
1553,258,33,Not Started,,,,0.0,False,
1554,258,14,Completed,93.5,2025-08-31T05:04:38.157443,2026-08-31T05:04:38.157443,40,True,
1555,258,87,Not Started,,,,0.0,False,
1556,258,23,Expired,90.8,2026-06-25T05:04:38.157454,2026-06-15T05:04:38.157454,0.0,False,
1557,258,67,Expired,74.7,2026-07-05T05:04:38.157464,2026-06-25T05:04:38.157464,0.0,False,
1558,258,2,Completed,91.7,2026-04-02T05:04:38.157473,2027-04-02T05:04:38.157473,24,True,
1559,258,96,Completed,86.2,2025-08-03T05:04:38.157483,2026-08-03T05:04:38.157483,4,True,
1560,258,39,Completed,83.6,2026-06-20T05:04:38.157493,2027-06-20T05:04:38.157493,16,True,
1561,259,34,Not Started,,,,0.0,False,
1562,259,95,In Progress,,,,4.8,False,
1563,259,51,Not Started,,,,0.0,False,
1564,259,53,Not Started,,,,0.0,False,
1565,259,32,Expired,81.2,2026-07-24T05:04:38.157511,2026-07-14T05:04:38.157511,0.0,False,
1566,259,27,Expired,91.8,2025-05-07T05:04:38.157521,2025-04-27T05:04:38.157521,0.0,False,
1567,260,9,Completed,79.1,2025-04-26T05:04:38.157535,2026-04-26T05:04:38.157535,4,True,
1568,260,13,Completed,88.9,2025-12-23T05:04:38.157545,2026-12-23T05:04:38.157545,40,True,
1569,260,27,In Progress,,,,1.0,False,
1570,260,45,In Progress,,,,4.3,False,
1571,260,18,In Progress,,,,8.2,False,
1572,261,82,In Progress,,,,14.1,False,
1573,261,96,Not Started,,,,0.0,False,
1574,261,65,Completed,66.8,2025-12-19T05:04:38.157567,2026-12-19T05:04:38.157567,40,True,
1575,261,89,Expired,91.1,2026-02-25T05:04:38.157576,2026-02-15T05:04:38.157576,0.0,False,
1576,261,63,Completed,76.5,2025-08-01T05:04:38.157586,2026-08-01T05:04:38.157586,16,True,
1577,262,90,Completed,67.0,2026-04-02T05:04:38.157599,2027-04-02T05:04:38.157599,24,True,
1578,262,71,Expired,88.2,2026-02-25T05:04:38.157609,2026-02-15T05:04:38.157609,0.0,False,
1579,262,2,In Progress,,,,18.2,False,
1580,262,99,In Progress,,,,36.6,False,
1581,262,7,Completed,67.8,2025-06-29T05:04:38.157621,2026-06-29T05:04:38.157621,32,True,
1582,262,13,In Progress,,,,3.4,False,
1583,262,78,Expired,99.8,2025-08-11T05:04:38.157632,2025-08-01T05:04:38.157632,0.0,False,
1584,263,28,Completed,97.1,2025-09-11T05:04:38.157644,2026-09-11T05:04:38.157644,4,True,
1585,263,35,Expired,86.4,2026-02-13T05:04:38.157655,2026-02-03T05:04:38.157655,0.0,False,
1586,263,66,Expired,94.5,2026-04-07T05:04:38.157665,2026-03-28T05:04:38.157665,0.0,False,
1587,263,53,Expired,65.2,2025-12-04T05:04:38.157674,2025-11-24T05:04:38.157674,0.0,False,
1588,264,51,In Progress,,,,0.7,False,
1589,264,87,Expired,69.3,2025-08-13T05:04:38.157690,2025-08-03T05:04:38.157690,0.0,False,
1590,264,85,Not Started,,,,0.0,False,
1591,264,14,In Progress,,,,12.6,False,
1592,265,61,Not Started,,,,0.0,False,
1593,265,18,Expired,72.6,2025-08-09T05:04:38.157707,2025-07-30T05:04:38.157707,0.0,False,
1594,265,94,In Progress,,,,2.7,False,
1595,265,29,In Progress,,,,4.6,False,
1596,265,51,Expired,97.8,2026-02-10T05:04:38.157720,2026-01-31T05:04:38.157720,0.0,False,
1597,265,6,Expired,96.9,2026-04-27T05:04:38.157729,2026-04-17T05:04:38.157729,0.0,False,
1598,266,50,Completed,96.5,2025-09-26T05:04:38.157743,2026-09-26T05:04:38.157743,16,True,
1599,266,21,Not Started,,,,0.0,False,
1600,266,80,Completed,93.5,2025-06-09T05:04:38.157755,2026-06-09T05:04:38.157755,24,True,
1601,266,36,In Progress,,,,3.8,False,
1602,266,1,Expired,91.3,2026-07-03T05:04:38.157766,2026-06-23T05:04:38.157766,0.0,False,
1603,266,72,Completed,84.8,2025-12-18T05:04:38.157775,2026-12-18T05:04:38.157775,4,True,
1604,267,17,In Progress,,,,21.2,False,
1605,267,91,In Progress,,,,2.6,False,
1606,267,35,In Progress,,,,15.7,False,
1607,267,83,Not Started,,,,0.0,False,
1608,267,90,Expired,80.1,2025-10-30T05:04:38.157795,2025-10-20T05:04:38.157795,0.0,False,
1609,268,39,Completed,92.7,2025-07-12T05:04:38.157811,2026-07-12T05:04:38.157811,16,True,
1610,268,5,Completed,72.6,2025-05-28T05:04:38.157821,2026-05-28T05:04:38.157821,8,True,
1611,268,81,Completed,85.1,2026-04-01T05:04:38.157831,2027-04-01T05:04:38.157831,8,True,
1612,268,16,Expired,82.6,2025-06-18T05:04:38.157840,2025-06-08T05:04:38.157840,0.0,False,
1613,268,65,Completed,97.0,2025-12-20T05:04:38.157850,2026-12-20T05:04:38.157850,40,True,
1614,269,95,Not Started,,,,0.0,False,
1615,269,13,Expired,82.4,2026-04-08T05:04:38.157865,2026-03-29T05:04:38.157865,0.0,False,
1616,269,26,Completed,95.9,2026-05-07T05:04:38.157874,2027-05-07T05:04:38.157874,4,True,
1617,269,89,Expired,67.8,2025-10-03T05:04:38.157884,2025-09-23T05:04:38.157884,0.0,False,
1618,269,16,Expired,72.8,2026-07-21T05:04:38.157893,2026-07-11T05:04:38.157893,0.0,False,
1619,269,27,Expired,89.6,2025-04-28T05:04:38.157903,2025-04-18T05:04:38.157903,0.0,False,
1620,269,60,Completed,81.4,2025-10-31T05:04:38.157913,2026-10-31T05:04:38.157913,40,True,
1621,270,39,In Progress,,,,9.3,False,
1622,270,96,Not Started,,,,0.0,False,
1623,270,86,Expired,98.0,2025-04-25T05:04:38.157928,2025-04-15T05:04:38.157928,0.0,False,
1624,270,26,In Progress,,,,0.5,False,
1625,271,57,In Progress,,,,11.7,False,
1626,271,87,Expired,96.2,2025-12-17T05:04:38.157943,2025-12-07T05:04:38.157943,0.0,False,
1627,271,5,In Progress,,,,2.0,False,
1628,271,15,Completed,95.7,2025-07-13T05:04:38.157956,2026-07-13T05:04:38.157956,40,True,
1629,272,87,Expired,88.5,2026-02-25T05:04:38.157969,2026-02-15T05:04:38.157969,0.0,False,
1630,272,69,Not Started,,,,0.0,False,
1631,272,53,Expired,72.8,2025-05-15T05:04:38.157979,2025-05-05T05:04:38.157979,0.0,False,
1632,272,71,Expired,98.4,2026-06-05T05:04:38.157989,2026-05-26T05:04:38.157989,0.0,False,
1633,273,73,Expired,80.5,2025-05-17T05:04:38.158002,2025-05-07T05:04:38.158002,0.0,False,
1634,273,65,In Progress,,,,36.8,False,
1635,273,1,In Progress,,,,8.8,False,
1636,273,35,Not Started,,,,0.0,False,
1637,273,83,Expired,80.5,2025-07-28T05:04:38.158017,2025-07-18T05:04:38.158017,0.0,False,
1638,273,74,Expired,94.6,2025-06-09T05:04:38.158027,2025-05-30T05:04:38.158027,0.0,False,
1639,273,71,Not Started,,,,0.0,False,
1640,274,13,Completed,91.3,2026-04-27T05:04:38.158043,2027-04-27T05:04:38.158043,40,True,
1641,274,92,In Progress,,,,15.7,False,
1642,274,48,Expired,95.9,2025-07-30T05:04:38.158054,2025-07-20T05:04:38.158054,0.0,False,
1643,274,78,Completed,97.6,2025-05-12T05:04:38.158064,2026-05-12T05:04:38.158064,40,True,
1644,274,60,In Progress,,,,2.2,False,
1645,274,46,In Progress,,,,34.2,False,
1646,275,31,Expired,92.7,2026-06-11T05:04:38.158080,2026-06-01T05:04:38.158080,0.0,False,
1647,275,51,Not Started,,,,0.0,False,
1648,275,85,In Progress,,,,9.1,False,
1649,275,73,Not Started,,,,0.0,False,
1650,275,86,Completed,79.2,2025-11-01T05:04:38.158095,2026-11-01T05:04:38.158095,8,True,
1651,275,18,Completed,71.7,2025-09-01T05:04:38.158105,2026-09-01T05:04:38.158105,24,True,
1652,276,40,In Progress,,,,3.3,False,
1653,276,78,Completed,74.9,2026-02-18T05:04:38.158120,2027-02-18T05:04:38.158120,40,True,
1654,276,36,In Progress,,,,5.9,False,
1655,276,53,Expired,85.8,2025-07-04T05:04:38.158135,2025-06-24T05:04:38.158135,0.0,False,
1656,276,62,Expired,88.1,2025-09-16T05:04:38.158146,2025-09-06T05:04:38.158146,0.0,False,
1657,276,79,Expired,76.7,2025-06-04T05:04:38.158155,2025-05-25T05:04:38.158155,0.0,False,
1658,276,14,Completed,80.1,2025-09-25T05:04:38.158165,2026-09-25T05:04:38.158165,40,True,
1659,276,89,Not Started,,,,0.0,False,
1660,277,96,In Progress,,,,2.0,False,
1661,277,25,Not Started,,,,0.0,False,
1662,277,61,Expired,94.7,2026-03-24T05:04:38.158185,2026-03-14T05:04:38.158185,0.0,False,
1663,277,45,Completed,89.2,2026-04-05T05:04:38.158195,2027-04-05T05:04:38.158195,8,True,
1664,277,64,Not Started,,,,0.0,False,
1665,277,81,Completed,98.7,2026-04-22T05:04:38.158205,2027-04-22T05:04:38.158205,8,True,
1666,278,71,Not Started,,,,0.0,False,
1667,278,21,Not Started,,,,0.0,False,
1668,278,35,Expired,97.6,2026-04-09T05:04:38.158224,2026-03-30T05:04:38.158224,0.0,False,
1669,278,54,Expired,94.1,2026-03-02T05:04:38.158234,2026-02-20T05:04:38.158234,0.0,False,
1670,278,27,Expired,72.7,2026-07-14T05:04:38.158243,2026-07-04T05:04:38.158243,0.0,False,
1671,278,45,In Progress,,,,7.8,False,
1672,278,98,Completed,69.2,2026-01-30T05:04:38.158256,2027-01-30T05:04:38.158256,16,True,
1673,278,61,Expired,94.4,2025-11-30T05:04:38.158265,2025-11-20T05:04:38.158265,0.0,False,
1674,279,81,Completed,95.0,2025-07-05T05:04:38.158279,2026-07-05T05:04:38.158279,8,True,
1675,279,33,Expired,67.7,2025-11-19T05:04:38.158288,2025-11-09T05:04:38.158288,0.0,False,
1676,279,72,In Progress,,,,3.2,False,
1677,279,65,Completed,67.0,2025-10-05T05:04:38.158300,2026-10-05T05:04:38.158300,40,True,
1678,279,100,In Progress,,,,1.1,False,
1679,279,10,Completed,67.8,2026-07-24T05:04:38.158311,2027-07-24T05:04:38.158311,16,True,
1680,279,88,Expired,78.8,2026-06-08T05:04:38.158320,2026-05-29T05:04:38.158320,0.0,False,
1681,279,82,Completed,96.6,2026-02-19T05:04:38.158329,2027-02-19T05:04:38.158329,16,True,
1682,280,65,Completed,71.1,2026-01-01T05:04:38.158343,2027-01-01T05:04:38.158343,40,True,
1683,280,45,In Progress,,,,4.6,False,
1684,280,38,Expired,69.9,2025-04-30T05:04:38.158355,2025-04-20T05:04:38.158355,0.0,False,
1685,280,36,In Progress,,,,0.6,False,
1686,280,90,In Progress,,,,22.7,False,
1687,280,24,In Progress,,,,4.6,False,
1688,280,4,Completed,80.6,2026-01-12T05:04:38.158372,2027-01-12T05:04:38.158372,40,True,
1689,280,40,Expired,82.8,2025-05-10T05:04:38.158382,2025-04-30T05:04:38.158382,0.0,False,
1690,281,38,Completed,90.3,2025-04-21T05:04:38.158395,2026-04-21T05:04:38.158395,24,True,
1691,281,63,Completed,95.0,2026-06-28T05:04:38.158405,2027-06-28T05:04:38.158405,16,True,
1692,281,19,Completed,77.2,2026-01-21T05:04:38.158415,2027-01-21T05:04:38.158415,8,True,
1693,281,66,Not Started,,,,0.0,False,
1694,281,17,Completed,66.7,2025-09-03T05:04:38.158425,2026-09-03T05:04:38.158425,40,True,
1695,281,96,Expired,79.9,2025-09-17T05:04:38.158435,2025-09-07T05:04:38.158435,0.0,False,
1696,281,10,In Progress,,,,14.0,False,
1697,282,13,In Progress,,,,6.3,False,
1698,282,26,Completed,68.7,2025-08-11T05:04:38.158451,2026-08-11T05:04:38.158451,4,True,
1699,282,64,Not Started,,,,0.0,False,
1700,282,2,Not Started,,,,0.0,False,
1701,282,65,Completed,78.9,2025-05-09T05:04:38.158463,2026-05-09T05:04:38.158463,40,True,
1702,282,41,Expired,75.1,2025-11-12T05:04:38.158472,2025-11-02T05:04:38.158472,0.0,False,
1703,282,76,In Progress,,,,10.8,False,
1704,283,59,Completed,92.9,2025-08-06T05:04:38.158487,2026-08-06T05:04:38.158487,24,True,
1705,283,91,Not Started,,,,0.0,False,
1706,283,18,Not Started,,,,0.0,False,
1707,283,65,In Progress,,,,16.4,False,
1708,283,60,Expired,77.4,2025-04-21T05:04:38.158502,2025-04-11T05:04:38.158502,0.0,False,
1709,284,56,Completed,85.0,2026-07-29T05:04:38.158515,2027-07-29T05:04:38.158515,40,True,
1710,284,98,Completed,84.1,2025-10-05T05:04:38.158525,2026-10-05T05:04:38.158525,16,True,
1711,284,44,Expired,83.3,2025-07-22T05:04:38.158534,2025-07-12T05:04:38.158534,0.0,False,
1712,284,18,Not Started,,,,0.0,False,
1713,284,54,Expired,97.9,2026-06-15T05:04:38.158545,2026-06-05T05:04:38.158545,0.0,False,
1714,284,40,In Progress,,,,4.4,False,
1715,285,22,Not Started,,,,0.0,False,
1716,285,80,In Progress,,,,10.1,False,
1717,285,9,Not Started,,,,0.0,False,
1718,285,10,Expired,78.2,2026-04-30T05:04:38.158567,2026-04-20T05:04:38.158567,0.0,False,
1719,285,70,Expired,72.3,2025-12-26T05:04:38.158576,2025-12-16T05:04:38.158576,0.0,False,
1720,285,34,Not Started,,,,0.0,False,
1721,285,95,Completed,95.2,2025-12-06T05:04:38.158587,2026-12-06T05:04:38.158587,8,True,
1722,286,3,Not Started,,,,0.0,False,
1723,286,84,In Progress,,,,2.5,False,
1724,286,9,Not Started,,,,0.0,False,
1725,286,1,In Progress,,,,3.2,False,
1726,286,5,Expired,70.3,2025-04-24T05:04:38.158607,2025-04-14T05:04:38.158607,0.0,False,
1727,287,4,Expired,78.5,2026-01-12T05:04:38.158620,2026-01-02T05:04:38.158620,0.0,False,
1728,287,45,Completed,97.2,2025-07-02T05:04:38.158629,2026-07-02T05:04:38.158629,8,True,
1729,287,64,In Progress,,,,2.5,False,
1730,287,76,Expired,68.2,2025-08-07T05:04:38.158641,2025-07-28T05:04:38.158641,0.0,False,
1731,287,38,In Progress,,,,23.5,False,
1732,288,87,Completed,85.5,2025-12-16T05:04:38.158656,2026-12-16T05:04:38.158656,16,True,
1733,288,90,Completed,91.7,2025-05-10T05:04:38.158665,2026-05-10T05:04:38.158665,24,True,
1734,288,58,In Progress,,,,5.6,False,
1735,288,82,Expired,70.6,2026-04-12T05:04:38.158678,2026-04-02T05:04:38.158678,0.0,False,
1736,288,68,Not Started,,,,0.0,False,
1737,288,62,Not Started,,,,0.0,False,
1738,288,26,Expired,84.6,2025-04-10T05:04:38.158692,2025-03-31T05:04:38.158692,0.0,False,
1739,288,93,Completed,65.6,2025-12-08T05:04:38.158701,2026-12-08T05:04:38.158701,16,True,
1740,289,57,In Progress,,,,2.1,False,
1741,289,5,Expired,96.3,2025-05-15T05:04:38.158731,2025-05-05T05:04:38.158731,0.0,False,
1742,289,22,Completed,98.4,2025-11-11T05:04:38.158742,2026-11-11T05:04:38.158742,8,True,
1743,289,51,Expired,81.7,2026-04-29T05:04:38.158751,2026-04-19T05:04:38.158751,0.0,False,
1744,289,31,In Progress,,,,13.7,False,
1745,290,16,Completed,71.0,2025-05-20T05:04:38.158769,2026-05-20T05:04:38.158769,16,True,
1746,290,26,In Progress,,,,2.9,False,
1747,290,43,Completed,98.4,2025-11-24T05:04:38.158781,2026-11-24T05:04:38.158781,4,True,
1748,290,32,Completed,91.0,2025-06-02T05:04:38.158790,2026-06-02T05:04:38.158790,40,True,
1749,290,72,Not Started,,,,0.0,False,
1750,290,36,Not Started,,,,0.0,False,
1751,290,38,Completed,77.7,2025-05-23T05:04:38.158802,2026-05-23T05:04:38.158802,24,True,
1752,291,35,Expired,73.4,2026-01-07T05:04:38.158816,2025-12-28T05:04:38.158816,0.0,False,
1753,291,5,Not Started,,,,0.0,False,
1754,291,45,Expired,92.2,2025-10-08T05:04:38.158827,2025-09-28T05:04:38.158827,0.0,False,
1755,291,56,Not Started,,,,0.0,False,
1756,291,15,Not Started,,,,0.0,False,
1757,291,61,Expired,79.7,2025-09-06T05:04:38.158839,2025-08-27T05:04:38.158839,0.0,False,
1758,291,12,Not Started,,,,0.0,False,
1759,292,45,Completed,81.1,2026-03-02T05:04:38.158854,2027-03-02T05:04:38.158854,8,True,
1760,292,22,In Progress,,,,2.1,False,
1761,292,28,Expired,96.5,2025-10-16T05:04:38.158865,2025-10-06T05:04:38.158865,0.0,False,
1762,292,33,Completed,72.5,2025-06-15T05:04:38.158875,2026-06-15T05:04:38.158875,16,True,
1763,292,29,In Progress,,,,7.7,False,
1764,292,16,In Progress,,,,7.6,False,
1765,292,20,Expired,84.2,2026-06-01T05:04:38.158889,2026-05-22T05:04:38.158889,0.0,False,
1766,292,24,In Progress,,,,4.1,False,
1767,293,82,Expired,98.6,2026-05-17T05:04:38.158904,2026-05-07T05:04:38.158904,0.0,False,
1768,293,21,In Progress,,,,1.3,False,
1769,293,80,Expired,75.1,2026-02-12T05:04:38.158915,2026-02-02T05:04:38.158915,0.0,False,
1770,293,52,In Progress,,,,1.9,False,
1771,293,17,Not Started,,,,0.0,False,
1772,293,77,In Progress,,,,8.7,False,
1773,294,94,Completed,71.0,2025-10-21T05:04:38.158934,2026-10-21T05:04:38.158934,4,True,
1774,294,10,Expired,76.0,2026-03-20T05:04:38.158944,2026-03-10T05:04:38.158944,0.0,False,
1775,294,27,Expired,77.8,2025-07-04T05:04:38.158953,2025-06-24T05:04:38.158953,0.0,False,
1776,294,1,Expired,75.6,2026-03-13T05:04:38.158963,2026-03-03T05:04:38.158963,0.0,False,
1777,294,45,Completed,94.5,2025-10-09T05:04:38.158973,2026-10-09T05:04:38.158973,8,True,
1778,294,53,In Progress,,,,25.5,False,
1779,294,8,Not Started,,,,0.0,False,
1780,295,61,In Progress,,,,2.4,False,
1781,295,84,Not Started,,,,0.0,False,
1782,295,19,Not Started,,,,0.0,False,
1783,295,25,Not Started,,,,0.0,False,
1784,296,68,In Progress,,,,18.2,False,
1785,296,52,Not Started,,,,0.0,False,
1786,296,56,In Progress,,,,6.8,False,
1787,296,29,Expired,68.8,2025-04-15T05:04:38.159002,2025-04-05T05:04:38.159002,0.0,False,
1788,297,33,Not Started,,,,0.0,False,
1789,297,96,Expired,76.9,2025-06-14T05:04:38.159019,2025-06-04T05:04:38.159019,0.0,False,
1790,297,67,Expired,82.8,2025-06-17T05:04:38.159029,2025-06-07T05:04:38.159029,0.0,False,
1791,297,83,In Progress,,,,1.6,False,
1792,297,11,In Progress,,,,35.8,False,
1793,297,58,Not Started,,,,0.0,False,
1794,298,40,Completed,79.9,2026-07-06T05:04:38.159046,2027-07-06T05:04:38.159046,8,True,
1795,298,32,Completed,65.1,2025-05-21T05:04:38.159055,2026-05-21T05:04:38.159055,40,True,
1796,298,83,Completed,99.6,2026-04-16T05:04:38.159065,2027-04-16T05:04:38.159065,8,True,
1797,298,56,In Progress,,,,8.1,False,
1798,299,96,Completed,79.9,2026-07-20T05:04:38.159080,2027-07-20T05:04:38.159080,4,True,
1799,299,81,Expired,80.0,2026-03-19T05:04:38.159089,2026-03-09T05:04:38.159089,0.0,False,
1800,299,14,In Progress,,,,24.3,False,
1801,299,99,Expired,98.8,2025-09-06T05:04:38.159102,2025-08-27T05:04:38.159102,0.0,False,
1802,299,52,Completed,76.1,2025-08-28T05:04:38.159111,2026-08-28T05:04:38.159111,4,True,
1803,299,12,Completed,89.4,2026-04-04T05:04:38.159121,2027-04-04T05:04:38.159121,32,True,
1804,300,70,Not Started,,,,0.0,False,
1805,300,44,Completed,72.2,2026-01-17T05:04:38.159137,2027-01-17T05:04:38.159137,4,True,
1806,300,100,Not Started,,,,0.0,False,
1807,300,34,Expired,94.0,2025-09-05T05:04:38.159148,2025-08-26T05:04:38.159148,0.0,False,
1808,300,71,Not Started,,,,0.0,False,
1809,300,7,Not Started,,,,0.0,False,
1810,301,15,In Progress,,,,16.1,False,
1811,301,97,Completed,74.0,2026-03-07T05:04:38.159164,2027-03-07T05:04:38.159164,8,True,
1812,301,69,Not Started,,,,0.0,False,
1813,301,43,Not Started,,,,0.0,False,
1814,302,16,In Progress,,,,12.2,False,
1815,302,7,In Progress,,,,30.4,False,
1816,302,70,In Progress,,,,10.1,False,
1817,302,79,Not Started,,,,0.0,False,
1818,303,91,Expired,91.1,2025-07-09T05:04:38.159189,2025-06-29T05:04:38.159189,0.0,False,
1819,303,85,Completed,76.2,2025-09-27T05:04:38.159199,2026-09-27T05:04:38.159199,40,True,
1820,303,9,Not Started,,,,0.0,False,
1821,303,38,In Progress,,,,1.0,False,
1822,303,96,Completed,88.9,2026-06-14T05:04:38.159211,2027-06-14T05:04:38.159211,4,True,
1823,303,49,Expired,99.7,2026-07-19T05:04:38.159222,2026-07-09T05:04:38.159222,0.0,False,
1824,304,45,In Progress,,,,5.0,False,
1825,304,53,Completed,95.0,2025-09-30T05:04:38.159237,2026-09-30T05:04:38.159237,40,True,
1826,304,61,Expired,77.1,2026-07-27T05:04:38.159246,2026-07-17T05:04:38.159246,0.0,False,
1827,304,34,Completed,77.9,2026-05-08T05:04:38.159256,2027-05-08T05:04:38.159256,24,True,
1828,304,29,Completed,66.2,2025-11-18T05:04:38.159265,2026-11-18T05:04:38.159265,8,True,
1829,304,75,Completed,87.5,2026-04-26T05:04:38.159275,2027-04-26T05:04:38.159275,24,True,
1830,305,19,In Progress,,,,4.5,False,
1831,305,26,Expired,75.8,2025-07-11T05:04:38.159292,2025-07-01T05:04:38.159292,0.0,False,
1832,305,24,Expired,95.0,2025-06-25T05:04:38.159302,2025-06-15T05:04:38.159302,0.0,False,
1833,305,77,Completed,91.7,2025-04-22T05:04:38.159311,2026-04-22T05:04:38.159311,24,True,
1834,305,79,Completed,74.9,2026-01-02T05:04:38.159321,2027-01-02T05:04:38.159321,40,True,
1835,305,64,In Progress,,,,5.4,False,
1836,306,92,Not Started,,,,0.0,False,
1837,306,54,Expired,98.7,2026-03-27T05:04:38.159338,2026-03-17T05:04:38.159338,0.0,False,
1838,306,67,Not Started,,,,0.0,False,
1839,306,9,Expired,79.2,2025-07-19T05:04:38.159349,2025-07-09T05:04:38.159349,0.0,False,
1840,306,76,Completed,97.3,2025-12-17T05:04:38.159359,2026-12-17T05:04:38.159359,16,True,
1841,306,33,Expired,74.0,2025-06-06T05:04:38.159368,2025-05-27T05:04:38.159368,0.0,False,
1842,307,61,Expired,87.1,2026-03-20T05:04:38.159381,2026-03-10T05:04:38.159381,0.0,False,
1843,307,83,In Progress,,,,7.0,False,
1844,307,56,In Progress,,,,5.3,False,
1845,307,59,In Progress,,,,9.2,False,
1846,307,74,In Progress,,,,33.6,False,
1847,307,22,In Progress,,,,6.4,False,
1848,307,65,In Progress,,,,1.6,False,
1849,308,76,In Progress,,,,2.6,False,
1850,308,13,Expired,79.4,2026-06-29T05:04:38.159406,2026-06-19T05:04:38.159406,0.0,False,
1851,308,73,Completed,73.0,2025-11-09T05:04:38.159416,2026-11-09T05:04:38.159416,24,True,
1852,308,38,Completed,82.6,2026-07-28T05:04:38.159426,2027-07-28T05:04:38.159426,24,True,
1853,308,52,In Progress,,,,2.4,False,
1854,309,25,Expired,84.9,2025-04-28T05:04:38.159441,2025-04-18T05:04:38.159441,0.0,False,
1855,309,61,Not Started,,,,0.0,False,
1856,309,92,Expired,67.5,2025-10-22T05:04:38.159452,2025-10-12T05:04:38.159452,0.0,False,
1857,309,4,In Progress,,,,39.9,False,
1858,309,30,In Progress,,,,3.7,False,
1859,309,38,Completed,66.4,2026-05-30T05:04:38.159464,2027-05-30T05:04:38.159464,24,True,
1860,309,16,In Progress,,,,2.5,False,
1861,310,13,Expired,78.0,2025-06-09T05:04:38.159481,2025-05-30T05:04:38.159481,0.0,False,
1862,310,6,Expired,84.1,2025-09-18T05:04:38.159492,2025-09-08T05:04:38.159492,0.0,False,
1863,310,43,Completed,87.2,2026-06-06T05:04:38.159502,2027-06-06T05:04:38.159502,4,True,
1864,310,18,In Progress,,,,22.2,False,
1865,310,7,In Progress,,,,4.9,False,
1866,310,83,Completed,69.4,2025-08-03T05:04:38.159515,2026-08-03T05:04:38.159515,8,True,
1867,310,79,Not Started,,,,0.0,False,
1868,310,10,In Progress,,,,9.6,False,
1869,311,2,Completed,69.7,2025-08-18T05:04:38.159531,2026-08-18T05:04:38.159531,24,True,
1870,311,63,Expired,87.5,2026-03-05T05:04:38.159541,2026-02-23T05:04:38.159541,0.0,False,
1871,311,17,Not Started,,,,0.0,False,
1872,311,29,In Progress,,,,3.4,False,
1873,311,89,Not Started,,,,0.0,False,
1874,311,67,Not Started,,,,0.0,False,
1875,311,19,Completed,69.8,2025-05-26T05:04:38.159556,2026-05-26T05:04:38.159556,8,True,
1876,312,47,Not Started,,,,0.0,False,
1877,312,6,Expired,94.8,2025-12-29T05:04:38.159570,2025-12-19T05:04:38.159570,0.0,False,
1878,312,60,In Progress,,,,9.2,False,
1879,312,72,Not Started,,,,0.0,False,
1880,312,68,In Progress,,,,23.5,False,
1881,312,52,In Progress,,,,3.7,False,
1882,312,2,In Progress,,,,2.5,False,
1883,312,34,Not Started,,,,0.0,False,
1884,313,63,Not Started,,,,0.0,False,
1885,313,97,In Progress,,,,7.4,False,
1886,313,40,Not Started,,,,0.0,False,
1887,313,11,In Progress,,,,0.9,False,
1888,313,52,In Progress,,,,1.9,False,
1889,313,20,Not Started,,,,0.0,False,
1890,313,10,Completed,98.4,2026-03-05T05:04:38.159605,2027-03-05T05:04:38.159605,16,True,
1891,313,98,Expired,98.5,2025-11-01T05:04:38.159615,2025-10-22T05:04:38.159615,0.0,False,
1892,314,48,Not Started,,,,0.0,False,
1893,314,95,In Progress,,,,7.3,False,
1894,314,78,Not Started,,,,0.0,False,
1895,314,10,Expired,74.6,2026-04-27T05:04:38.159632,2026-04-17T05:04:38.159632,0.0,False,
1896,314,2,In Progress,,,,23.8,False,
1897,315,3,In Progress,,,,15.3,False,
1898,315,79,Expired,89.5,2025-03-30T05:04:38.159647,2025-03-20T05:04:38.159647,0.0,False,
1899,315,77,Not Started,,,,0.0,False,
1900,315,18,Not Started,,,,0.0,False,
1901,316,95,Completed,88.9,2026-01-29T05:04:38.159665,2027-01-29T05:04:38.159665,8,True,
1902,316,90,Expired,75.5,2025-06-18T05:04:38.159674,2025-06-08T05:04:38.159674,0.0,False,
1903,316,11,Expired,92.3,2025-12-06T05:04:38.159684,2025-11-26T05:04:38.159684,0.0,False,
1904,316,45,Not Started,,,,0.0,False,
1905,316,17,Expired,87.6,2025-10-18T05:04:38.159696,2025-10-08T05:04:38.159696,0.0,False,
1906,316,82,In Progress,,,,9.0,False,
1907,316,80,Not Started,,,,0.0,False,
1908,317,90,Completed,86.7,2025-08-29T05:04:38.159711,2026-08-29T05:04:38.159711,24,True,
1909,317,80,In Progress,,,,5.2,False,
1910,317,75,Not Started,,,,0.0,False,
1911,317,66,In Progress,,,,24.6,False,
1912,318,6,Not Started,,,,0.0,False,
1913,318,27,In Progress,,,,2.0,False,
1914,318,34,Expired,79.9,2025-11-14T05:04:38.159731,2025-11-04T05:04:38.159731,0.0,False,
1915,318,66,In Progress,,,,2.8,False,
1916,318,76,Not Started,,,,0.0,False,
1917,319,1,In Progress,,,,6.0,False,
1918,319,79,Not Started,,,,0.0,False,
1919,319,85,Not Started,,,,0.0,False,
1920,319,9,Expired,75.6,2026-03-16T05:04:38.159751,2026-03-06T05:04:38.159751,0.0,False,
1921,319,62,Expired,71.2,2025-06-06T05:04:38.159762,2025-05-27T05:04:38.159762,0.0,False,
1922,319,10,Not Started,,,,0.0,False,
1923,319,74,In Progress,,,,21.8,False,
1924,319,15,In Progress,,,,6.8,False,
1925,320,24,Completed,74.3,2025-11-08T05:04:38.159779,2026-11-08T05:04:38.159779,40,True,
1926,320,30,In Progress,,,,2.2,False,
1927,320,79,Not Started,,,,0.0,False,
1928,320,65,Not Started,,,,0.0,False,
1929,321,89,Completed,69.9,2025-07-05T05:04:38.159797,2026-07-05T05:04:38.159797,24,True,
1930,321,47,Not Started,,,,0.0,False,
1931,321,72,Not Started,,,,0.0,False,
1932,321,15,In Progress,,,,30.9,False,
1933,322,50,In Progress,,,,5.3,False,
1934,322,10,Not Started,,,,0.0,False,
1935,322,59,Expired,73.9,2025-10-02T05:04:38.159817,2025-09-22T05:04:38.159817,0.0,False,
1936,322,47,Completed,66.1,2025-07-24T05:04:38.159827,2026-07-24T05:04:38.159827,4,True,
1937,322,78,Completed,65.1,2025-12-12T05:04:38.159836,2026-12-12T05:04:38.159836,40,True,
1938,323,92,Expired,69.4,2025-08-28T05:04:38.159850,2025-08-18T05:04:38.159850,0.0,False,
1939,323,12,Completed,88.2,2025-05-06T05:04:38.159859,2026-05-06T05:04:38.159859,32,True,
1940,323,100,Not Started,,,,0.0,False,
1941,323,79,In Progress,,,,32.0,False,
1942,323,32,Not Started,,,,0.0,False,
1943,323,33,In Progress,,,,14.9,False,
1944,323,97,In Progress,,,,7.0,False,
1945,324,73,Not Started,,,,0.0,False,
1946,324,76,Not Started,,,,0.0,False,
1947,324,79,In Progress,,,,23.1,False,
1948,324,77,Expired,68.4,2026-07-31T05:04:38.159886,2026-07-21T05:04:38.159886,0.0,False,
1949,324,55,Not Started,,,,0.0,False,
1950,324,17,Completed,93.6,2025-04-21T05:04:38.159897,2026-04-21T05:04:38.159897,40,True,
1951,324,53,In Progress,,,,21.2,False,
1952,324,64,Expired,86.0,2025-04-26T05:04:38.159908,2025-04-16T05:04:38.159908,0.0,False,
1953,325,41,In Progress,,,,7.4,False,
1954,325,47,Not Started,,,,0.0,False,
1955,325,52,In Progress,,,,0.7,False,
1956,325,80,Expired,91.5,2025-09-25T05:04:38.159926,2025-09-15T05:04:38.159926,0.0,False,
1957,325,97,Completed,67.3,2025-12-28T05:04:38.159936,2026-12-28T05:04:38.159936,8,True,
1958,325,37,In Progress,,,,13.8,False,
1959,325,19,In Progress,,,,1.1,False,
1960,326,30,Completed,82.9,2025-12-30T05:04:38.159953,2026-12-30T05:04:38.159953,4,True,
1961,326,91,Completed,88.2,2026-01-21T05:04:38.159963,2027-01-21T05:04:38.159963,8,True,
1962,326,68,Completed,76.0,2025-09-10T05:04:38.159972,2026-09-10T05:04:38.159972,40,True,
1963,326,47,Not Started,,,,0.0,False,
1964,326,26,Expired,81.3,2025-09-25T05:04:38.159983,2025-09-15T05:04:38.159983,0.0,False,
1965,326,82,Not Started,,,,0.0,False,
1966,327,64,Completed,82.4,2026-07-16T05:04:38.159998,2027-07-16T05:04:38.159998,8,True,
1967,327,5,Completed,77.4,2026-02-10T05:04:38.160008,2027-02-10T05:04:38.160008,8,True,
1968,327,62,In Progress,,,,23.3,False,
1969,327,42,In Progress,,,,14.1,False,
1970,327,9,Completed,75.6,2025-07-17T05:04:38.160020,2026-07-17T05:04:38.160020,4,True,
1971,327,47,Expired,91.2,2025-11-12T05:04:38.160029,2025-11-02T05:04:38.160029,0.0,False,
1972,328,8,Completed,89.4,2026-06-18T05:04:38.160043,2027-06-18T05:04:38.160043,8,True,
1973,328,37,Not Started,,,,0.0,False,
1974,328,70,In Progress,,,,6.6,False,
1975,328,11,Expired,75.2,2026-05-30T05:04:38.160056,2026-05-20T05:04:38.160056,0.0,False,
1976,328,74,Expired,73.1,2025-06-10T05:04:38.160065,2025-05-31T05:04:38.160065,0.0,False,
1977,329,97,Completed,81.5,2025-05-05T05:04:38.160078,2026-05-05T05:04:38.160078,8,True,
1978,329,23,Completed,86.8,2025-12-14T05:04:38.160088,2026-12-14T05:04:38.160088,24,True,
1979,329,99,In Progress,,,,0.7,False,
1980,329,34,Expired,90.1,2025-10-07T05:04:38.160101,2025-09-27T05:04:38.160101,0.0,False,
1981,330,29,Completed,76.4,2025-07-20T05:04:38.160114,2026-07-20T05:04:38.160114,8,True,
1982,330,67,In Progress,,,,8.8,False,
1983,330,94,In Progress,,,,2.8,False,
1984,330,86,Completed,95.6,2025-10-27T05:04:38.160131,2026-10-27T05:04:38.160131,8,True,
1985,330,74,Completed,70.6,2026-02-02T05:04:38.160142,2027-02-02T05:04:38.160142,40,True,
1986,330,85,Not Started,,,,0.0,False,
1987,330,79,Expired,93.8,2025-07-16T05:04:38.160153,2025-07-06T05:04:38.160153,0.0,False,
1988,331,43,Completed,95.9,2026-01-08T05:04:38.160167,2027-01-08T05:04:38.160167,4,True,
1989,331,6,In Progress,,,,3.2,False,
1990,331,98,In Progress,,,,8.6,False,
1991,331,23,In Progress,,,,7.3,False,
1992,331,8,Completed,87.1,2026-03-23T05:04:38.160184,2027-03-23T05:04:38.160184,8,True,
1993,331,91,In Progress,,,,3.0,False,
1994,331,15,Completed,84.8,2025-05-25T05:04:38.160194,2026-05-25T05:04:38.160194,40,True,
1995,331,18,Not Started,,,,0.0,False,
1996,332,14,Expired,88.3,2026-07-03T05:04:38.160208,2026-06-23T05:04:38.160208,0.0,False,
1997,332,57,Not Started,,,,0.0,False,
1998,332,59,Expired,87.5,2025-07-09T05:04:38.160219,2025-06-29T05:04:38.160219,0.0,False,
1999,332,53,Not Started,,,,0.0,False,
2000,332,69,In Progress,,,,7.9,False,
2001,332,78,Completed,76.4,2026-02-17T05:04:38.160233,2027-02-17T05:04:38.160233,40,True,
2002,333,98,Not Started,,,,0.0,False,
2003,333,25,Not Started,,,,0.0,False,
2004,333,29,Not Started,,,,0.0,False,
2005,333,38,Completed,77.8,2025-11-03T05:04:38.160252,2026-11-03T05:04:38.160252,24,True,
2006,333,18,Expired,95.4,2026-05-29T05:04:38.160262,2026-05-19T05:04:38.160262,0.0,False,
2007,333,81,Not Started,,,,0.0,False,
2008,334,75,Not Started,,,,0.0,False,
2009,334,58,Expired,72.8,2025-07-04T05:04:38.160278,2025-06-24T05:04:38.160278,0.0,False,
2010,334,31,Not Started,,,,0.0,False,
2011,334,37,Completed,85.3,2026-05-04T05:04:38.160289,2027-05-04T05:04:38.160289,16,True,
2012,334,91,In Progress,,,,2.4,False,
2013,335,83,In Progress,,,,3.2,False,
2014,335,35,In Progress,,,,9.5,False,
2015,335,25,Completed,98.5,2025-11-08T05:04:38.160307,2026-11-08T05:04:38.160307,4,True,
2016,335,15,In Progress,,,,6.1,False,
2017,335,52,Completed,93.9,2026-06-30T05:04:38.160318,2027-06-30T05:04:38.160318,4,True,
2018,335,84,Not Started,,,,0.0,False,
2019,335,50,In Progress,,,,1.7,False,
2020,336,95,Expired,94.6,2026-06-19T05:04:38.160337,2026-06-09T05:04:38.160337,0.0,False,
2021,336,52,In Progress,,,,3.8,False,
2022,336,78,Completed,89.2,2025-08-03T05:04:38.160348,2026-08-03T05:04:38.160348,40,True,
2023,336,24,Expired,85.8,2026-06-14T05:04:38.160358,2026-06-04T05:04:38.160358,0.0,False,
2024,336,16,Expired,93.3,2026-03-02T05:04:38.160369,2026-02-20T05:04:38.160369,0.0,False,
2025,336,80,Expired,79.0,2025-07-05T05:04:38.160379,2025-06-25T05:04:38.160379,0.0,False,
2026,336,36,In Progress,,,,1.8,False,
2027,337,55,Expired,81.3,2025-10-09T05:04:38.160393,2025-09-29T05:04:38.160393,0.0,False,
2028,337,12,Expired,68.5,2025-10-25T05:04:38.160403,2025-10-15T05:04:38.160403,0.0,False,
2029,337,43,Completed,76.7,2025-09-25T05:04:38.160413,2026-09-25T05:04:38.160413,4,True,
2030,337,11,Completed,76.0,2026-02-18T05:04:38.160422,2027-02-18T05:04:38.160422,40,True,
2031,338,46,Not Started,,,,0.0,False,
2032,338,98,Not Started,,,,0.0,False,
2033,338,35,In Progress,,,,3.8,False,
2034,338,78,Expired,83.4,2026-05-02T05:04:38.160439,2026-04-22T05:04:38.160439,0.0,False,
2035,338,71,In Progress,,,,15.6,False,
2036,339,10,In Progress,,,,6.5,False,
2037,339,61,Expired,75.4,2025-04-15T05:04:38.160456,2025-04-05T05:04:38.160456,0.0,False,
2038,339,55,Not Started,,,,0.0,False,
2039,339,62,Expired,68.3,2025-12-23T05:04:38.160468,2025-12-13T05:04:38.160468,0.0,False,
2040,339,60,Not Started,,,,0.0,False,
2041,339,38,Expired,91.2,2026-06-18T05:04:38.160479,2026-06-08T05:04:38.160479,0.0,False,
2042,339,47,Not Started,,,,0.0,False,
2043,339,36,Expired,82.7,2025-04-02T05:04:38.160490,2025-03-23T05:04:38.160490,0.0,False,
2044,340,65,In Progress,,,,17.6,False,
2045,340,41,Not Started,,,,0.0,False,
2046,340,49,Completed,81.5,2025-11-15T05:04:38.160507,2026-11-15T05:04:38.160507,40,True,
2047,340,36,In Progress,,,,5.3,False,
2048,340,87,Expired,68.2,2026-07-20T05:04:38.160518,2026-07-10T05:04:38.160518,0.0,False,
2049,340,66,Not Started,,,,0.0,False,
2050,340,21,Expired,95.9,2025-07-27T05:04:38.160529,2025-07-17T05:04:38.160529,0.0,False,
2051,340,69,Expired,91.7,2025-10-31T05:04:38.160539,2025-10-21T05:04:38.160539,0.0,False,
2052,341,69,Expired,67.6,2026-06-15T05:04:38.160552,2026-06-05T05:04:38.160552,0.0,False,
2053,341,28,In Progress,,,,3.8,False,
2054,341,60,In Progress,,,,29.3,False,
2055,341,98,Expired,83.4,2026-04-25T05:04:38.160565,2026-04-15T05:04:38.160565,0.0,False,
2056,341,9,Expired,95.6,2026-01-16T05:04:38.160576,2026-01-06T05:04:38.160576,0.0,False,
2057,342,96,Not Started,,,,0.0,False,
2058,342,3,In Progress,,,,34.4,False,
2059,342,59,Not Started,,,,0.0,False,
2060,342,15,In Progress,,,,20.4,False,
2061,342,90,In Progress,,,,23.1,False,
2062,342,41,In Progress,,,,6.7,False,
2063,343,62,Completed,98.3,2026-02-02T05:04:38.160604,2027-02-02T05:04:38.160604,40,True,
2064,343,57,In Progress,,,,12.6,False,
2065,343,70,Not Started,,,,0.0,False,
2066,343,99,Expired,74.0,2025-07-24T05:04:38.160617,2025-07-14T05:04:38.160617,0.0,False,
2067,343,80,Completed,84.5,2025-04-01T05:04:38.160626,2026-04-01T05:04:38.160626,24,True,
2068,343,50,Not Started,,,,0.0,False,
2069,343,5,Expired,66.6,2026-07-24T05:04:38.160637,2026-07-14T05:04:38.160637,0.0,False,
2070,343,95,In Progress,,,,0.6,False,
2071,344,63,In Progress,,,,4.7,False,
2072,344,29,Expired,65.1,2025-12-10T05:04:38.160653,2025-11-30T05:04:38.160653,0.0,False,
2073,344,1,Expired,74.4,2026-02-01T05:04:38.160663,2026-01-22T05:04:38.160663,0.0,False,
2074,344,59,Expired,70.4,2026-06-29T05:04:38.160672,2026-06-19T05:04:38.160672,0.0,False,
2075,344,47,Expired,66.9,2025-05-03T05:04:38.160682,2025-04-23T05:04:38.160682,0.0,False,
2076,345,33,Expired,69.7,2025-12-21T05:04:38.160697,2025-12-11T05:04:38.160697,0.0,False,
2077,345,1,In Progress,,,,5.4,False,
2078,345,9,Expired,66.8,2025-10-01T05:04:38.160710,2025-09-21T05:04:38.160710,0.0,False,
2079,345,96,Completed,77.1,2025-12-13T05:04:38.160720,2026-12-13T05:04:38.160720,4,True,
2080,345,4,Not Started,,,,0.0,False,
2081,345,12,Not Started,,,,0.0,False,
2082,345,42,Completed,90.3,2026-02-25T05:04:38.160732,2027-02-25T05:04:38.160732,24,True,
2083,345,61,In Progress,,,,3.1,False,
2084,346,3,Not Started,,,,0.0,False,
2085,346,58,Expired,88.9,2025-07-15T05:04:38.160749,2025-07-05T05:04:38.160749,0.0,False,
2086,346,66,Completed,81.1,2025-04-21T05:04:38.160758,2026-04-21T05:04:38.160758,40,True,
2087,346,50,Not Started,,,,0.0,False,
2088,346,92,Expired,66.4,2025-07-07T05:04:38.160769,2025-06-27T05:04:38.160769,0.0,False,
2089,346,54,Completed,67.7,2026-04-17T05:04:38.160779,2027-04-17T05:04:38.160779,8,True,
2090,347,31,Completed,99.2,2026-05-15T05:04:38.160792,2027-05-15T05:04:38.160792,16,True,
2091,347,85,Not Started,,,,0.0,False,
2092,347,75,Completed,99.6,2026-07-09T05:04:38.160803,2027-07-09T05:04:38.160803,24,True,
2093,347,10,In Progress,,,,12.5,False,
2094,347,30,In Progress,,,,2.0,False,
2095,347,62,Completed,88.6,2026-05-01T05:04:38.160815,2027-05-01T05:04:38.160815,40,True,
2096,347,99,Not Started,,,,0.0,False,
2097,347,56,Completed,74.9,2025-04-27T05:04:38.160828,2026-04-27T05:04:38.160828,40,True,
2098,348,66,Completed,85.0,2026-05-11T05:04:38.160842,2027-05-11T05:04:38.160842,40,True,
2099,348,17,Not Started,,,,0.0,False,
2100,348,99,Completed,65.2,2026-01-04T05:04:38.160853,2027-01-04T05:04:38.160853,40,True,
2101,348,92,Not Started,,,,0.0,False,
2102,348,79,Not Started,,,,0.0,False,
2103,348,38,In Progress,,,,5.0,False,
2104,348,3,In Progress,,,,19.8,False,
2105,349,56,Not Started,,,,0.0,False,
2106,349,76,In Progress,,,,5.4,False,
2107,349,23,Not Started,,,,0.0,False,
2108,349,58,Expired,98.8,2025-05-19T05:04:38.160876,2025-05-09T05:04:38.160876,0.0,False,
2109,349,14,Completed,82.6,2025-06-22T05:04:38.160886,2026-06-22T05:04:38.160886,40,True,
2110,349,49,Expired,73.6,2026-07-08T05:04:38.160895,2026-06-28T05:04:38.160895,0.0,False,
2111,349,18,Completed,72.7,2025-06-07T05:04:38.160905,2026-06-07T05:04:38.160905,24,True,
2112,349,38,Expired,73.7,2026-05-09T05:04:38.160914,2026-04-29T05:04:38.160914,0.0,False,
2113,350,43,Completed,88.1,2025-11-05T05:04:38.160927,2026-11-05T05:04:38.160927,4,True,
2114,350,56,In Progress,,,,10.7,False,
2115,350,49,Expired,80.4,2026-05-16T05:04:38.160939,2026-05-06T05:04:38.160939,0.0,False,
2116,350,44,Not Started,,,,0.0,False,
2117,351,42,Expired,74.8,2025-10-16T05:04:38.160958,2025-10-06T05:04:38.160958,0.0,False,
2118,351,27,Expired,71.0,2026-04-04T05:04:38.160967,2026-03-25T05:04:38.160967,0.0,False,
2119,351,59,Completed,78.9,2025-05-07T05:04:38.160977,2026-05-07T05:04:38.160977,24,True,
2120,351,38,Completed,74.3,2025-03-28T05:04:38.160986,2026-03-28T05:04:38.160986,24,True,
2121,351,75,Completed,89.8,2026-01-30T05:04:38.160996,2027-01-30T05:04:38.160996,24,True,
2122,351,81,Not Started,,,,0.0,False,
2123,351,47,Expired,89.3,2026-03-14T05:04:38.161008,2026-03-04T05:04:38.161008,0.0,False,
2124,352,77,Expired,66.4,2026-07-13T05:04:38.161022,2026-07-03T05:04:38.161022,0.0,False,
2125,352,69,Completed,86.3,2025-09-26T05:04:38.161032,2026-09-26T05:04:38.161032,8,True,
2126,352,27,Completed,72.1,2026-03-02T05:04:38.161041,2027-03-02T05:04:38.161041,8,True,
2127,352,48,In Progress,,,,5.3,False,
2128,352,29,Expired,92.9,2026-05-10T05:04:38.161052,2026-04-30T05:04:38.161052,0.0,False,
2129,352,88,Completed,85.8,2025-10-15T05:04:38.161062,2026-10-15T05:04:38.161062,16,True,
2130,352,18,Expired,72.9,2025-05-12T05:04:38.161071,2025-05-02T05:04:38.161071,0.0,False,
2131,353,57,In Progress,,,,9.2,False,
2132,353,64,Not Started,,,,0.0,False,
2133,353,4,In Progress,,,,14.6,False,
2134,353,38,Not Started,,,,0.0,False,
2135,353,91,Not Started,,,,0.0,False,
2136,353,43,Not Started,,,,0.0,False,
2137,353,19,Not Started,,,,0.0,False,
2138,354,84,Not Started,,,,0.0,False,
2139,354,29,Not Started,,,,0.0,False,
2140,354,18,Not Started,,,,0.0,False,
2141,354,80,Completed,80.2,2025-03-30T05:04:38.161102,2026-03-30T05:04:38.161102,24,True,
2142,354,74,Not Started,,,,0.0,False,
2143,355,44,In Progress,,,,0.7,False,
2144,355,40,Expired,96.7,2026-03-28T05:04:38.161118,2026-03-18T05:04:38.161118,0.0,False,
2145,355,93,In Progress,,,,6.4,False,
2146,355,76,Expired,98.7,2026-01-31T05:04:38.161130,2026-01-21T05:04:38.161130,0.0,False,
2147,355,62,In Progress,,,,39.4,False,
2148,355,95,In Progress,,,,5.7,False,
2149,356,9,In Progress,,,,3.0,False,
2150,356,75,Not Started,,,,0.0,False,
2151,356,17,In Progress,,,,34.1,False,
2152,356,97,In Progress,,,,7.0,False,
2153,356,74,Completed,91.1,2026-02-26T05:04:38.161151,2027-02-26T05:04:38.161151,40,True,
2154,357,68,Expired,74.8,2025-06-10T05:04:38.161164,2025-05-31T05:04:38.161164,0.0,False,
2155,357,19,Not Started,,,,0.0,False,
2156,357,89,In Progress,,,,20.2,False,
2157,357,41,Completed,91.0,2025-10-31T05:04:38.161178,2026-10-31T05:04:38.161178,40,True,
2158,358,22,In Progress,,,,5.6,False,
2159,358,47,In Progress,,,,2.3,False,
2160,358,36,Expired,65.7,2025-07-13T05:04:38.161193,2025-07-03T05:04:38.161193,0.0,False,
2161,358,67,Not Started,,,,0.0,False,
2162,358,49,Completed,83.2,2025-06-17T05:04:38.161204,2026-06-17T05:04:38.161204,40,True,
2163,359,20,In Progress,,,,4.8,False,
2164,359,36,Expired,83.7,2025-04-29T05:04:38.161219,2025-04-19T05:04:38.161219,0.0,False,
2165,359,78,In Progress,,,,29.9,False,
2166,359,54,Expired,78.1,2025-11-18T05:04:38.161231,2025-11-08T05:04:38.161231,0.0,False,
2167,359,25,In Progress,,,,3.1,False,
2168,359,99,In Progress,,,,33.7,False,
2169,359,34,Expired,97.4,2025-05-17T05:04:38.161244,2025-05-07T05:04:38.161244,0.0,False,
2170,359,63,Completed,70.4,2026-04-16T05:04:38.161253,2027-04-16T05:04:38.161253,16,True,
2171,360,19,Completed,84.7,2026-03-11T05:04:38.161267,2027-03-11T05:04:38.161267,8,True,
2172,360,6,Completed,88.2,2025-07-19T05:04:38.161278,2026-07-19T05:04:38.161278,16,True,
2173,360,7,Not Started,,,,0.0,False,
2174,360,54,Expired,88.2,2025-08-13T05:04:38.161291,2025-08-03T05:04:38.161291,0.0,False,
2175,360,68,In Progress,,,,3.5,False,
2176,360,89,Not Started,,,,0.0,False,
2177,361,65,Expired,91.6,2026-02-14T05:04:38.161306,2026-02-04T05:04:38.161306,0.0,False,
2178,361,25,In Progress,,,,3.5,False,
2179,361,20,In Progress,,,,5.3,False,
2180,361,76,Not Started,,,,0.0,False,
2181,362,22,Expired,86.2,2026-06-12T05:04:38.161323,2026-06-02T05:04:38.161323,0.0,False,
2182,362,3,Not Started,,,,0.0,False,
2183,362,23,Completed,65.3,2026-01-03T05:04:38.161336,2027-01-03T05:04:38.161336,24,True,
2184,362,62,Not Started,,,,0.0,False,
2185,362,92,Not Started,,,,0.0,False,
2186,363,79,Expired,67.9,2025-10-31T05:04:38.161352,2025-10-21T05:04:38.161352,0.0,False,
2187,363,48,Expired,85.2,2026-01-28T05:04:38.161362,2026-01-18T05:04:38.161362,0.0,False,
2188,363,58,Not Started,,,,0.0,False,
2189,363,27,Not Started,,,,0.0,False,
2190,363,68,Completed,84.7,2025-11-18T05:04:38.161375,2026-11-18T05:04:38.161375,40,True,
2191,364,31,In Progress,,,,2.5,False,
2192,364,24,Completed,99.5,2025-04-10T05:04:38.161389,2026-04-10T05:04:38.161389,40,True,
2193,364,45,In Progress,,,,1.2,False,
2194,364,15,Expired,88.4,2026-05-25T05:04:38.161402,2026-05-15T05:04:38.161402,0.0,False,
2195,364,79,Expired,78.4,2025-06-03T05:04:38.161412,2025-05-24T05:04:38.161412,0.0,False,
2196,365,53,Completed,96.1,2025-06-13T05:04:38.161426,2026-06-13T05:04:38.161426,40,True,
2197,365,61,In Progress,,,,3.2,False,
2198,365,84,Expired,95.8,2026-02-08T05:04:38.161437,2026-01-29T05:04:38.161437,0.0,False,
2199,365,20,In Progress,,,,4.6,False,
2200,365,89,Expired,91.5,2025-11-01T05:04:38.161448,2025-10-22T05:04:38.161448,0.0,False,
2201,365,28,Not Started,,,,0.0,False,
2202,365,95,Not Started,,,,0.0,False,
2203,365,100,Expired,77.1,2026-07-06T05:04:38.161461,2026-06-26T05:04:38.161461,0.0,False,
2204,366,66,Not Started,,,,0.0,False,
2205,366,93,Completed,79.4,2025-09-15T05:04:38.161475,2026-09-15T05:04:38.161475,16,True,
2206,366,32,Not Started,,,,0.0,False,
2207,366,36,Expired,85.3,2026-04-04T05:04:38.161486,2026-03-25T05:04:38.161486,0.0,False,
2208,367,83,Not Started,,,,0.0,False,
2209,367,93,Completed,66.5,2026-01-31T05:04:38.161501,2027-01-31T05:04:38.161501,16,True,
2210,367,88,Not Started,,,,0.0,False,
2211,367,38,Completed,90.9,2026-07-26T05:04:38.161512,2027-07-26T05:04:38.161512,24,True,
2212,367,66,In Progress,,,,10.3,False,
2213,367,27,Not Started,,,,0.0,False,
2214,367,76,Completed,84.2,2025-08-08T05:04:38.161525,2026-08-08T05:04:38.161525,16,True,
2215,367,17,In Progress,,,,33.8,False,
2216,368,97,Expired,96.1,2025-09-04T05:04:38.161540,2025-08-25T05:04:38.161540,0.0,False,
2217,368,46,Not Started,,,,0.0,False,
2218,368,58,Completed,85.3,2026-05-14T05:04:38.161552,2027-05-14T05:04:38.161552,24,True,
2219,368,40,Not Started,,,,0.0,False,
2220,368,20,In Progress,,,,7.7,False,
2221,368,54,Not Started,,,,0.0,False,
2222,369,86,Completed,70.8,2025-07-28T05:04:38.161568,2026-07-28T05:04:38.161568,8,True,
2223,369,87,In Progress,,,,12.9,False,
2224,369,65,Expired,72.4,2025-07-06T05:04:38.161579,2025-06-26T05:04:38.161579,0.0,False,
2225,369,17,Expired,72.1,2025-09-24T05:04:38.161589,2025-09-14T05:04:38.161589,0.0,False,
2226,370,42,In Progress,,,,4.7,False,
2227,370,49,Expired,79.0,2025-06-04T05:04:38.161605,2025-05-25T05:04:38.161605,0.0,False,
2228,370,55,Completed,99.7,2026-03-07T05:04:38.161616,2027-03-07T05:04:38.161616,40,True,
2229,370,84,In Progress,,,,2.0,False,
2230,370,18,Completed,72.7,2026-06-13T05:04:38.161627,2027-06-13T05:04:38.161627,24,True,
2231,370,8,In Progress,,,,4.4,False,
2232,370,33,In Progress,,,,15.9,False,
2233,371,17,In Progress,,,,31.4,False,
2234,371,94,In Progress,,,,1.6,False,
2235,371,91,Completed,65.1,2025-10-03T05:04:38.161647,2026-10-03T05:04:38.161647,8,True,
2236,371,66,Completed,98.5,2026-04-01T05:04:38.161657,2027-04-01T05:04:38.161657,40,True,
2237,372,88,Not Started,,,,0.0,False,
2238,372,81,Completed,69.7,2025-03-29T05:04:38.161673,2026-03-29T05:04:38.161673,8,True,
2239,372,48,Not Started,,,,0.0,False,
2240,372,43,Expired,99.6,2025-12-03T05:04:38.161684,2025-11-23T05:04:38.161684,0.0,False,
2241,372,82,In Progress,,,,6.5,False,
2242,372,49,Not Started,,,,0.0,False,
2243,372,99,In Progress,,,,7.8,False,
2244,372,5,In Progress,,,,2.0,False,
2245,373,78,Completed,97.7,2026-02-23T05:04:38.161706,2027-02-23T05:04:38.161706,40,True,
2246,373,53,Not Started,,,,0.0,False,
2247,373,95,In Progress,,,,2.9,False,
2248,373,46,In Progress,,,,18.9,False,
2249,373,3,Completed,69.5,2025-10-24T05:04:38.161721,2026-10-24T05:04:38.161721,40,True,
2250,373,63,In Progress,,,,4.0,False,
2251,373,25,In Progress,,,,1.9,False,
2252,374,18,In Progress,,,,12.2,False,
2253,374,67,Completed,65.5,2026-05-15T05:04:38.161740,2027-05-15T05:04:38.161740,24,True,
2254,374,97,Completed,98.4,2025-05-02T05:04:38.161750,2026-05-02T05:04:38.161750,8,True,
2255,374,96,Completed,84.2,2026-03-26T05:04:38.161760,2027-03-26T05:04:38.161760,4,True,
2256,374,80,Completed,84.2,2026-05-26T05:04:38.161769,2027-05-26T05:04:38.161769,24,True,
2257,374,14,Not Started,,,,0.0,False,
2258,375,61,Completed,67.7,2026-05-14T05:04:38.161784,2027-05-14T05:04:38.161784,4,True,
2259,375,75,Expired,96.3,2025-09-24T05:04:38.161793,2025-09-14T05:04:38.161793,0.0,False,
2260,375,30,In Progress,,,,0.6,False,
2261,375,42,Completed,92.8,2025-10-15T05:04:38.161805,2026-10-15T05:04:38.161805,24,True,
2262,375,58,Expired,77.0,2026-04-28T05:04:38.161814,2026-04-18T05:04:38.161814,0.0,False,
2263,375,93,In Progress,,,,8.6,False,
2264,375,10,In Progress,,,,14.5,False,
2265,375,33,In Progress,,,,3.5,False,
2266,376,85,Completed,85.5,2025-11-24T05:04:38.161832,2026-11-24T05:04:38.161832,40,True,
2267,376,5,In Progress,,,,1.0,False,
2268,376,99,In Progress,,,,16.8,False,
2269,376,43,Expired,65.5,2025-04-21T05:04:38.161845,2025-04-11T05:04:38.161845,0.0,False,
2270,376,18,Completed,99.2,2025-11-18T05:04:38.161854,2026-11-18T05:04:38.161854,24,True,
2271,376,28,Not Started,,,,0.0,False,
2272,376,66,In Progress,,,,14.5,False,
2273,376,8,Completed,95.6,2026-02-20T05:04:38.161868,2027-02-20T05:04:38.161868,8,True,
2274,377,65,Not Started,,,,0.0,False,
2275,377,33,Completed,80.6,2026-06-11T05:04:38.161888,2027-06-11T05:04:38.161888,16,True,
2276,377,56,Not Started,,,,0.0,False,
2277,377,9,Not Started,,,,0.0,False,
2278,377,35,Completed,98.9,2026-06-15T05:04:38.161901,2027-06-15T05:04:38.161901,16,True,
2279,377,44,Completed,66.3,2026-01-01T05:04:38.161910,2027-01-01T05:04:38.161910,4,True,
2280,377,60,Expired,91.0,2025-06-13T05:04:38.161920,2025-06-03T05:04:38.161920,0.0,False,
2281,378,87,In Progress,,,,14.7,False,
2282,378,68,Not Started,,,,0.0,False,
2283,378,37,Completed,70.0,2026-04-29T05:04:38.161937,2027-04-29T05:04:38.161937,16,True,
2284,378,45,Not Started,,,,0.0,False,
2285,378,86,Not Started,,,,0.0,False,
2286,378,29,In Progress,,,,5.7,False,
2287,379,11,Not Started,,,,0.0,False,
2288,379,79,In Progress,,,,24.6,False,
2289,379,88,Completed,67.2,2026-04-28T05:04:38.161957,2027-04-28T05:04:38.161957,16,True,
2290,379,90,In Progress,,,,8.2,False,
2291,379,3,In Progress,,,,30.2,False,
2292,380,42,Completed,95.5,2025-05-20T05:04:38.161976,2026-05-20T05:04:38.161976,24,True,
2293,380,47,Expired,88.3,2025-09-09T05:04:38.161985,2025-08-30T05:04:38.161985,0.0,False,
2294,380,43,Expired,85.5,2026-04-12T05:04:38.161995,2026-04-02T05:04:38.161995,0.0,False,
2295,380,99,Expired,74.0,2026-03-25T05:04:38.162005,2026-03-15T05:04:38.162005,0.0,False,
2296,380,15,Completed,84.4,2025-08-10T05:04:38.162016,2026-08-10T05:04:38.162016,40,True,
2297,381,81,Not Started,,,,0.0,False,
2298,381,99,In Progress,,,,12.6,False,
2299,381,68,Not Started,,,,0.0,False,
2300,381,100,In Progress,,,,4.4,False,
2301,382,88,In Progress,,,,13.1,False,
2302,382,71,Expired,91.5,2025-06-13T05:04:38.162040,2025-06-03T05:04:38.162040,0.0,False,
2303,382,8,Not Started,,,,0.0,False,
2304,382,4,In Progress,,,,12.9,False,
2305,382,79,Not Started,,,,0.0,False,
2306,383,17,Completed,71.3,2025-12-05T05:04:38.162057,2026-12-05T05:04:38.162057,40,True,
2307,383,35,Expired,88.2,2025-12-27T05:04:38.162067,2025-12-17T05:04:38.162067,0.0,False,
2308,383,11,In Progress,,,,2.3,False,
2309,383,77,In Progress,,,,6.4,False,
2310,383,39,Not Started,,,,0.0,False,
2311,384,4,Not Started,,,,0.0,False,
2312,384,81,Expired,99.7,2025-10-31T05:04:38.162087,2025-10-21T05:04:38.162087,0.0,False,
2313,384,72,Completed,78.5,2025-09-28T05:04:38.162097,2026-09-28T05:04:38.162097,4,True,
2314,384,8,Completed,75.4,2025-10-03T05:04:38.162107,2026-10-03T05:04:38.162107,8,True,
2315,385,100,Expired,97.6,2025-06-02T05:04:38.162119,2025-05-23T05:04:38.162119,0.0,False,
2316,385,80,Completed,84.3,2025-04-02T05:04:38.162129,2026-04-02T05:04:38.162129,24,True,
2317,385,14,Completed,78.7,2026-06-26T05:04:38.162138,2027-06-26T05:04:38.162138,40,True,
2318,385,7,Not Started,,,,0.0,False,
2319,386,64,Completed,70.6,2026-02-04T05:04:38.162152,2027-02-04T05:04:38.162152,8,True,
2320,386,6,Expired,74.1,2025-08-15T05:04:38.162162,2025-08-05T05:04:38.162162,0.0,False,
2321,386,85,In Progress,,,,19.2,False,
2322,386,58,In Progress,,,,1.0,False,
2323,386,60,Expired,80.6,2025-09-11T05:04:38.162175,2025-09-01T05:04:38.162175,0.0,False,
2324,386,19,In Progress,,,,7.1,False,
2325,386,9,In Progress,,,,2.1,False,
2326,387,47,Completed,88.6,2026-04-08T05:04:38.162191,2027-04-08T05:04:38.162191,4,True,
2327,387,83,Not Started,,,,0.0,False,
2328,387,42,Expired,99.6,2025-12-04T05:04:38.162202,2025-11-24T05:04:38.162202,0.0,False,
2329,387,51,Not Started,,,,0.0,False,
2330,387,70,Expired,92.7,2025-07-08T05:04:38.162214,2025-06-28T05:04:38.162214,0.0,False,
2331,387,49,Completed,73.6,2025-10-29T05:04:38.162224,2026-10-29T05:04:38.162224,40,True,
2332,388,79,Completed,71.3,2025-11-28T05:04:38.162238,2026-11-28T05:04:38.162238,40,True,
2333,388,41,In Progress,,,,6.4,False,
2334,388,70,Not Started,,,,0.0,False,
2335,388,78,Expired,94.9,2025-06-20T05:04:38.162251,2025-06-10T05:04:38.162251,0.0,False,
2336,388,72,In Progress,,,,1.6,False,
2337,388,95,Completed,88.5,2025-06-11T05:04:38.162262,2026-06-11T05:04:38.162262,8,True,
2338,388,22,Completed,90.3,2026-06-23T05:04:38.162271,2027-06-23T05:04:38.162271,8,True,
2339,388,27,Completed,98.2,2026-03-02T05:04:38.162281,2027-03-02T05:04:38.162281,8,True,
2340,389,10,In Progress,,,,7.7,False,
2341,389,4,Not Started,,,,0.0,False,
2342,389,51,Not Started,,,,0.0,False,
2343,389,2,Completed,87.8,2025-04-14T05:04:38.162297,2026-04-14T05:04:38.162297,24,True,
2344,390,3,In Progress,,,,20.9,False,
2345,390,14,Expired,76.1,2025-09-07T05:04:38.162311,2025-08-28T05:04:38.162311,0.0,False,
2346,390,27,Not Started,,,,0.0,False,
2347,390,42,In Progress,,,,10.4,False,
2348,391,22,Not Started,,,,0.0,False,
2349,391,77,Not Started,,,,0.0,False,
2350,391,54,Not Started,,,,0.0,False,
2351,391,12,Not Started,,,,0.0,False,
2352,391,27,Expired,98.8,2025-04-11T05:04:38.162335,2025-04-01T05:04:38.162335,0.0,False,
2353,391,88,Expired,92.4,2026-03-10T05:04:38.162345,2026-02-28T05:04:38.162345,0.0,False,
2354,392,57,Expired,94.7,2025-04-08T05:04:38.162360,2025-03-29T05:04:38.162360,0.0,False,
2355,392,70,Expired,67.0,2026-01-03T05:04:38.162370,2025-12-24T05:04:38.162370,0.0,False,
2356,392,18,Expired,77.9,2025-05-15T05:04:38.162379,2025-05-05T05:04:38.162379,0.0,False,
2357,392,6,In Progress,,,,11.5,False,
2358,392,15,Completed,79.2,2025-09-25T05:04:38.162390,2026-09-25T05:04:38.162390,40,True,
2359,392,26,Completed,81.8,2025-06-01T05:04:38.162400,2026-06-01T05:04:38.162400,4,True,
2360,392,67,Not Started,,,,0.0,False,
2361,393,40,Completed,75.6,2026-01-18T05:04:38.162414,2027-01-18T05:04:38.162414,8,True,
2362,393,49,Not Started,,,,0.0,False,
2363,393,96,Expired,69.6,2025-06-21T05:04:38.162425,2025-06-11T05:04:38.162425,0.0,False,
2364,393,86,Completed,92.1,2025-10-02T05:04:38.162435,2026-10-02T05:04:38.162435,8,True,
2365,393,73,In Progress,,,,18.9,False,
2366,393,30,Expired,82.7,2026-06-13T05:04:38.162446,2026-06-03T05:04:38.162446,0.0,False,
2367,394,89,Not Started,,,,0.0,False,
2368,394,79,Not Started,,,,0.0,False,
2369,394,92,Completed,84.5,2026-02-01T05:04:38.162462,2027-02-01T05:04:38.162462,24,True,
2370,394,74,Completed,93.3,2026-05-21T05:04:38.162472,2027-05-21T05:04:38.162472,40,True,
2371,394,2,In Progress,,,,12.8,False,
2372,395,8,In Progress,,,,3.9,False,
2373,395,33,In Progress,,,,2.9,False,
2374,395,9,Completed,71.0,2025-08-28T05:04:38.162490,2026-08-28T05:04:38.162490,4,True,
2375,395,31,Not Started,,,,0.0,False,
2376,396,32,Expired,86.6,2025-11-29T05:04:38.162505,2025-11-19T05:04:38.162505,0.0,False,
2377,396,15,Completed,70.0,2026-06-23T05:04:38.162515,2027-06-23T05:04:38.162515,40,True,
2378,396,5,In Progress,,,,6.3,False,
2379,396,35,Completed,91.0,2025-08-27T05:04:38.162526,2026-08-27T05:04:38.162526,16,True,
2380,396,97,Not Started,,,,0.0,False,
2381,396,98,Not Started,,,,0.0,False,
2382,396,94,Not Started,,,,0.0,False,
2383,396,84,Expired,98.7,2025-04-12T05:04:38.162539,2025-04-02T05:04:38.162539,0.0,False,
2384,397,43,In Progress,,,,3.0,False,
2385,397,26,Not Started,,,,0.0,False,
2386,397,39,Completed,77.3,2025-07-17T05:04:38.162555,2026-07-17T05:04:38.162555,16,True,
2387,397,79,Not Started,,,,0.0,False,
2388,397,48,Not Started,,,,0.0,False,
2389,397,92,In Progress,,,,8.4,False,
2390,397,62,Completed,73.7,2026-04-05T05:04:38.162570,2027-04-05T05:04:38.162570,40,True,
2391,398,90,In Progress,,,,16.6,False,
2392,398,38,Completed,66.7,2025-12-20T05:04:38.162584,2026-12-20T05:04:38.162584,24,True,
2393,398,65,Completed,99.0,2025-08-22T05:04:38.162593,2026-08-22T05:04:38.162593,40,True,
2394,398,11,Completed,94.3,2025-06-24T05:04:38.162602,2026-06-24T05:04:38.162602,40,True,
2395,398,18,Expired,83.6,2025-05-06T05:04:38.162612,2025-04-26T05:04:38.162612,0.0,False,
2396,399,95,Completed,75.8,2025-09-19T05:04:38.162625,2026-09-19T05:04:38.162625,8,True,
2397,399,54,Completed,91.3,2025-12-04T05:04:38.162635,2026-12-04T05:04:38.162635,8,True,
2398,399,17,Completed,84.7,2025-06-11T05:04:38.162644,2026-06-11T05:04:38.162644,40,True,
2399,399,6,Completed,91.4,2025-08-08T05:04:38.162655,2026-08-08T05:04:38.162655,16,True,
2400,399,21,In Progress,,,,2.0,False,
2401,399,3,Not Started,,,,0.0,False,
2402,400,71,Completed,65.9,2025-10-14T05:04:38.162671,2026-10-14T05:04:38.162671,16,True,
2403,400,97,Completed,94.0,2025-10-10T05:04:38.162680,2026-10-10T05:04:38.162680,8,True,
2404,400,2,Not Started,,,,0.0,False,
2405,400,10,Completed,76.4,2026-06-04T05:04:38.162691,2027-06-04T05:04:38.162691,16,True,
2406,400,14,In Progress,,,,30.9,False,
2407,401,99,Not Started,,,,0.0,False,
2408,401,64,Not Started,,,,0.0,False,
2409,401,18,Expired,96.6,2026-01-27T05:04:38.162710,2026-01-17T05:04:38.162710,0.0,False,
2410,401,25,Completed,90.9,2025-11-24T05:04:38.162720,2026-11-24T05:04:38.162720,4,True,
2411,402,73,In Progress,,,,19.9,False,
2412,402,53,In Progress,,,,11.9,False,
2413,402,19,In Progress,,,,6.1,False,
2414,402,64,Not Started,,,,0.0,False,
2415,402,54,Expired,80.7,2026-04-10T05:04:38.162739,2026-03-31T05:04:38.162739,0.0,False,
2416,403,72,In Progress,,,,3.5,False,
2417,403,56,Expired,99.1,2026-07-09T05:04:38.162754,2026-06-29T05:04:38.162754,0.0,False,
2418,403,94,Expired,93.7,2025-11-28T05:04:38.162763,2025-11-18T05:04:38.162763,0.0,False,
2419,403,50,Expired,67.4,2025-12-14T05:04:38.162773,2025-12-04T05:04:38.162773,0.0,False,
2420,403,68,Not Started,,,,0.0,False,
2421,404,28,Not Started,,,,0.0,False,
2422,404,85,Not Started,,,,0.0,False,
2423,404,64,Expired,74.4,2025-08-22T05:04:38.162790,2025-08-12T05:04:38.162790,0.0,False,
2424,404,56,In Progress,,,,7.6,False,
2425,404,30,In Progress,,,,2.5,False,
2426,404,43,Completed,95.7,2025-12-20T05:04:38.162803,2026-12-20T05:04:38.162803,4,True,
2427,404,58,Completed,69.3,2026-01-24T05:04:38.162813,2027-01-24T05:04:38.162813,24,True,
2428,404,2,Expired,76.2,2026-02-02T05:04:38.162824,2026-01-23T05:04:38.162824,0.0,False,
2429,405,3,In Progress,,,,5.4,False,
2430,405,80,In Progress,,,,19.8,False,
2431,405,75,Not Started,,,,0.0,False,
2432,405,65,In Progress,,,,23.2,False,
2433,406,23,In Progress,,,,16.5,False,
2434,406,88,Completed,87.6,2025-07-31T05:04:38.162847,2026-07-31T05:04:38.162847,16,True,
2435,406,16,Completed,83.5,2025-08-29T05:04:38.162857,2026-08-29T05:04:38.162857,16,True,
2436,406,73,Completed,92.9,2026-07-10T05:04:38.162866,2027-07-10T05:04:38.162866,24,True,
2437,407,78,Expired,68.3,2025-03-29T05:04:38.162881,2025-03-19T05:04:38.162881,0.0,False,
2438,407,27,Completed,94.1,2025-09-04T05:04:38.162891,2026-09-04T05:04:38.162891,8,True,
2439,407,31,Expired,84.3,2025-06-06T05:04:38.162901,2025-05-27T05:04:38.162901,0.0,False,
2440,407,79,Not Started,,,,0.0,False,
2441,407,66,Expired,79.5,2026-04-11T05:04:38.162912,2026-04-01T05:04:38.162912,0.0,False,
2442,407,10,Not Started,,,,0.0,False,
2443,407,73,Expired,94.7,2025-06-22T05:04:38.162923,2025-06-12T05:04:38.162923,0.0,False,
2444,408,9,In Progress,,,,1.4,False,
2445,408,92,Not Started,,,,0.0,False,
2446,408,22,Expired,65.5,2026-04-10T05:04:38.162939,2026-03-31T05:04:38.162939,0.0,False,
2447,408,55,In Progress,,,,10.9,False,
2448,409,48,In Progress,,,,1.3,False,
2449,409,47,Not Started,,,,0.0,False,
2450,409,35,Expired,83.4,2025-06-15T05:04:38.162959,2025-06-05T05:04:38.162959,0.0,False,
2451,409,16,Completed,87.5,2025-07-19T05:04:38.162969,2026-07-19T05:04:38.162969,16,True,
2452,409,92,Expired,70.5,2026-02-18T05:04:38.162980,2026-02-08T05:04:38.162980,0.0,False,
2453,409,99,In Progress,,,,16.6,False,
2454,409,66,Completed,69.5,2025-04-11T05:04:38.162991,2026-04-11T05:04:38.162991,40,True,
2455,409,11,Expired,69.9,2025-09-06T05:04:38.163001,2025-08-27T05:04:38.163001,0.0,False,
2456,410,76,In Progress,,,,8.8,False,
2457,410,32,Not Started,,,,0.0,False,
2458,410,16,Not Started,,,,0.0,False,
2459,410,96,Completed,74.7,2025-09-15T05:04:38.163018,2026-09-15T05:04:38.163018,4,True,
2460,410,70,Expired,78.6,2025-07-12T05:04:38.163028,2025-07-02T05:04:38.163028,0.0,False,
2461,411,21,Completed,91.1,2026-01-11T05:04:38.163043,2027-01-11T05:04:38.163043,4,True,
2462,411,31,Expired,85.3,2026-06-18T05:04:38.163053,2026-06-08T05:04:38.163053,0.0,False,
2463,411,22,In Progress,,,,6.8,False,
2464,411,7,Completed,67.9,2025-12-11T05:04:38.163064,2026-12-11T05:04:38.163064,32,True,
2465,412,100,In Progress,,,,3.0,False,
2466,412,11,Not Started,,,,0.0,False,
2467,412,18,Expired,69.6,2026-01-21T05:04:38.163081,2026-01-11T05:04:38.163081,0.0,False,
2468,412,53,Not Started,,,,0.0,False,
2469,412,61,Completed,83.8,2025-10-24T05:04:38.163092,2026-10-24T05:04:38.163092,4,True,
2470,412,71,Not Started,,,,0.0,False,
2471,412,20,Completed,73.6,2026-01-07T05:04:38.163103,2027-01-07T05:04:38.163103,8,True,
2472,413,7,Not Started,,,,0.0,False,
2473,413,32,Completed,81.4,2025-10-11T05:04:38.163118,2026-10-11T05:04:38.163118,40,True,
2474,413,92,In Progress,,,,0.9,False,
2475,413,11,Not Started,,,,0.0,False,
2476,413,41,Not Started,,,,0.0,False,
2477,413,27,Expired,66.7,2026-03-10T05:04:38.163132,2026-02-28T05:04:38.163132,0.0,False,
2478,413,84,Not Started,,,,0.0,False,
2479,413,73,Not Started,,,,0.0,False,
2480,414,37,Not Started,,,,0.0,False,
2481,414,70,In Progress,,,,2.0,False,
2482,414,76,Completed,68.0,2026-02-11T05:04:38.163150,2027-02-11T05:04:38.163150,16,True,
2483,414,40,Not Started,,,,0.0,False,
2484,414,64,In Progress,,,,6.5,False,
2485,415,92,Completed,73.1,2026-04-05T05:04:38.163166,2027-04-05T05:04:38.163166,24,True,
2486,415,73,In Progress,,,,0.7,False,
2487,415,82,In Progress,,,,2.4,False,
2488,415,26,Not Started,,,,0.0,False,
2489,415,99,Expired,87.7,2025-03-31T05:04:38.163182,2025-03-21T05:04:38.163182,0.0,False,
2490,415,80,Not Started,,,,0.0,False,
2491,416,51,Not Started,,,,0.0,False,
2492,416,13,Completed,89.5,2025-08-19T05:04:38.163198,2026-08-19T05:04:38.163198,40,True,
2493,416,5,Expired,77.1,2026-06-09T05:04:38.163208,2026-05-30T05:04:38.163208,0.0,False,
2494,416,7,Not Started,,,,0.0,False,
2495,416,36,In Progress,,,,2.4,False,
2496,416,23,Completed,87.3,2025-07-18T05:04:38.163220,2026-07-18T05:04:38.163220,24,True,
2497,417,57,Completed,89.9,2025-12-29T05:04:38.163232,2026-12-29T05:04:38.163232,16,True,
2498,417,21,Expired,72.7,2025-10-08T05:04:38.163242,2025-09-28T05:04:38.163242,0.0,False,
2499,417,26,In Progress,,,,0.8,False,
2500,417,32,In Progress,,,,27.0,False,
2501,417,65,Not Started,,,,0.0,False,
2502,418,57,In Progress,,,,1.0,False,
2503,418,61,Completed,85.8,2025-11-17T05:04:38.163262,2026-11-17T05:04:38.163262,4,True,
2504,418,28,Not Started,,,,0.0,False,
2505,418,66,In Progress,,,,30.4,False,
2506,418,83,Not Started,,,,0.0,False,
2507,419,21,Completed,76.0,2025-08-25T05:04:38.163282,2026-08-25T05:04:38.163282,4,True,
2508,419,22,In Progress,,,,4.6,False,
2509,419,93,In Progress,,,,13.7,False,
2510,419,99,Expired,91.7,2026-04-07T05:04:38.163295,2026-03-28T05:04:38.163295,0.0,False,
2511,419,59,Not Started,,,,0.0,False,
2512,419,70,Not Started,,,,0.0,False,
2513,419,7,Completed,81.0,2026-02-06T05:04:38.163307,2027-02-06T05:04:38.163307,32,True,
2514,420,1,Completed,92.2,2026-05-29T05:04:38.163322,2027-05-29T05:04:38.163322,16,True,
2515,420,39,Completed,73.4,2026-06-02T05:04:38.163332,2027-06-02T05:04:38.163332,16,True,
2516,420,4,Not Started,,,,0.0,False,
2517,420,75,Not Started,,,,0.0,False,
2518,420,95,Not Started,,,,0.0,False,
2519,420,15,Expired,76.3,2026-04-03T05:04:38.163346,2026-03-24T05:04:38.163346,0.0,False,
2520,420,48,Completed,71.4,2026-04-07T05:04:38.163356,2027-04-07T05:04:38.163356,8,True,
2521,420,74,Not Started,,,,0.0,False,
2522,421,82,In Progress,,,,0.8,False,
2523,421,90,Completed,86.8,2026-07-19T05:04:38.163374,2027-07-19T05:04:38.163374,24,True,
2524,421,5,Not Started,,,,0.0,False,
2525,421,15,Not Started,,,,0.0,False,
2526,421,1,In Progress,,,,1.5,False,
2527,421,94,Expired,88.7,2025-08-13T05:04:38.163390,2025-08-03T05:04:38.163390,0.0,False,
2528,421,60,Not Started,,,,0.0,False,
2529,422,58,In Progress,,,,19.3,False,
2530,422,89,Not Started,,,,0.0,False,
2531,422,60,In Progress,,,,26.6,False,
2532,422,34,In Progress,,,,9.7,False,
2533,422,47,Not Started,,,,0.0,False,
2534,422,19,Completed,98.2,2026-01-23T05:04:38.163412,2027-01-23T05:04:38.163412,8,True,
2535,423,79,In Progress,,,,2.6,False,
2536,423,17,In Progress,,,,21.7,False,
2537,423,78,In Progress,,,,10.5,False,
2538,423,30,Not Started,,,,0.0,False,
2539,424,54,Expired,76.4,2025-10-28T05:04:38.163435,2025-10-18T05:04:38.163435,0.0,False,
2540,424,15,Expired,94.8,2025-05-05T05:04:38.163445,2025-04-25T05:04:38.163445,0.0,False,
2541,424,49,Not Started,,,,0.0,False,
2542,424,81,Completed,73.6,2026-07-26T05:04:38.163456,2027-07-26T05:04:38.163456,8,True,
2543,424,78,Completed,67.0,2026-07-23T05:04:38.163466,2027-07-23T05:04:38.163466,40,True,
2544,424,50,Expired,99.4,2026-01-03T05:04:38.163476,2025-12-24T05:04:38.163476,0.0,False,
2545,424,56,In Progress,,,,19.8,False,
2546,425,13,Expired,76.5,2026-05-11T05:04:38.163492,2026-05-01T05:04:38.163492,0.0,False,
2547,425,94,Expired,67.5,2026-07-23T05:04:38.163502,2026-07-13T05:04:38.163502,0.0,False,
2548,425,2,Not Started,,,,0.0,False,
2549,425,78,Not Started,,,,0.0,False,
2550,426,29,Not Started,,,,0.0,False,
2551,426,16,Completed,81.5,2026-07-25T05:04:38.163519,2027-07-25T05:04:38.163519,16,True,
2552,426,70,In Progress,,,,13.0,False,
2553,426,68,Expired,91.0,2025-04-13T05:04:38.163531,2025-04-03T05:04:38.163531,0.0,False,
2554,426,45,Completed,77.7,2026-02-13T05:04:38.163649,2027-02-13T05:04:38.163649,8,True,
2555,427,53,Not Started,,,,0.0,False,
2556,427,20,In Progress,,,,1.0,False,
2557,427,42,Completed,90.6,2025-07-24T05:04:38.163751,2026-07-24T05:04:38.163751,24,True,
2558,427,78,Completed,79.2,2025-07-13T05:04:38.163766,2026-07-13T05:04:38.163766,40,True,
2559,427,19,In Progress,,,,3.3,False,
2560,427,60,Expired,68.8,2026-07-21T05:04:38.163781,2026-07-11T05:04:38.163781,0.0,False,
2561,428,26,In Progress,,,,3.5,False,
2562,428,36,Expired,86.5,2026-05-21T05:04:38.163804,2026-05-11T05:04:38.163804,0.0,False,
2563,428,8,Not Started,,,,0.0,False,
2564,428,15,Expired,71.9,2026-01-23T05:04:38.163823,2026-01-13T05:04:38.163823,0.0,False,
2565,428,16,Not Started,,,,0.0,False,
2566,428,23,In Progress,,,,0.8,False,
2567,429,50,Expired,96.8,2025-05-16T05:04:38.163843,2025-05-06T05:04:38.163843,0.0,False,
2568,429,46,Not Started,,,,0.0,False,
2569,429,48,In Progress,,,,7.2,False,
2570,429,90,Completed,100.0,2025-12-01T05:04:38.163858,2026-12-01T05:04:38.163858,24,True,
2571,430,54,In Progress,,,,6.3,False,
2572,430,94,Expired,95.6,2026-05-27T05:04:38.163876,2026-05-17T05:04:38.163876,0.0,False,
2573,430,84,In Progress,,,,3.6,False,
2574,430,30,Completed,85.0,2025-04-01T05:04:38.163889,2026-04-01T05:04:38.163889,4,True,
2575,430,10,Completed,84.6,2026-04-10T05:04:38.163900,2027-04-10T05:04:38.163900,16,True,
2576,430,95,Not Started,,,,0.0,False,
2577,431,25,Expired,96.2,2025-06-03T05:04:38.163919,2025-05-24T05:04:38.163919,0.0,False,
2578,431,5,Expired,69.2,2026-02-14T05:04:38.163931,2026-02-04T05:04:38.163931,0.0,False,
2579,431,31,Expired,73.0,2026-07-27T05:04:38.163943,2026-07-17T05:04:38.163943,0.0,False,
2580,431,89,Completed,67.7,2026-06-18T05:04:38.163954,2027-06-18T05:04:38.163954,24,True,
2581,431,85,Completed,66.8,2026-01-21T05:04:38.163965,2027-01-21T05:04:38.163965,40,True,
2582,432,83,In Progress,,,,5.0,False,
2583,432,50,Completed,71.2,2026-05-27T05:04:38.163981,2027-05-27T05:04:38.163981,16,True,
2584,432,64,Expired,85.4,2025-04-12T05:04:38.163993,2025-04-02T05:04:38.163993,0.0,False,
2585,432,18,In Progress,,,,4.9,False,
2586,433,5,Not Started,,,,0.0,False,
2587,433,18,Not Started,,,,0.0,False,
2588,433,16,In Progress,,,,12.1,False,
2589,433,76,Not Started,,,,0.0,False,
2590,433,99,Not Started,,,,0.0,False,
2591,434,8,Completed,68.1,2025-11-17T05:04:38.164020,2026-11-17T05:04:38.164020,8,True,
2592,434,16,Completed,78.7,2026-04-25T05:04:38.164031,2027-04-25T05:04:38.164031,16,True,
2593,434,86,Not Started,,,,0.0,False,
2594,434,2,In Progress,,,,10.4,False,
2595,434,19,Completed,83.0,2026-02-23T05:04:38.164045,2027-02-23T05:04:38.164045,8,True,
2596,435,42,Completed,66.1,2026-06-05T05:04:38.164059,2027-06-05T05:04:38.164059,24,True,
2597,435,31,Not Started,,,,0.0,False,
2598,435,65,In Progress,,,,2.8,False,
2599,435,51,Not Started,,,,0.0,False,
2600,435,52,Not Started,,,,0.0,False,
2601,436,72,Not Started,,,,0.0,False,
2602,436,88,In Progress,,,,3.4,False,
2603,436,67,Not Started,,,,0.0,False,
2604,436,87,Not Started,,,,0.0,False,
2605,436,19,Expired,85.6,2025-04-09T05:04:38.164089,2025-03-30T05:04:38.164089,0.0,False,
2606,436,59,Not Started,,,,0.0,False,
2607,436,11,Expired,86.3,2025-04-22T05:04:38.164101,2025-04-12T05:04:38.164101,0.0,False,
2608,436,80,Expired,69.9,2026-03-30T05:04:38.164111,2026-03-20T05:04:38.164111,0.0,False,
2609,437,20,In Progress,,,,0.7,False,
2610,437,66,Not Started,,,,0.0,False,
2611,437,27,Completed,65.7,2026-01-07T05:04:38.164130,2027-01-07T05:04:38.164130,8,True,
2612,437,54,Expired,65.2,2025-09-22T05:04:38.164141,2025-09-12T05:04:38.164141,0.0,False,
2613,437,72,Expired,95.7,2025-05-13T05:04:38.164152,2025-05-03T05:04:38.164152,0.0,False,
2614,437,48,Expired,82.7,2025-10-09T05:04:38.164162,2025-09-29T05:04:38.164162,0.0,False,
2615,437,83,In Progress,,,,7.5,False,
2616,437,80,Not Started,,,,0.0,False,
2617,438,23,Completed,89.8,2026-06-15T05:04:38.164180,2027-06-15T05:04:38.164180,24,True,
2618,438,73,Completed,93.7,2025-09-21T05:04:38.164190,2026-09-21T05:04:38.164190,24,True,
2619,438,42,Expired,81.0,2025-04-15T05:04:38.164201,2025-04-05T05:04:38.164201,0.0,False,
2620,438,7,Expired,68.1,2025-07-20T05:04:38.164211,2025-07-10T05:04:38.164211,0.0,False,
2621,438,45,Not Started,,,,0.0,False,
2622,439,42,Expired,87.4,2026-02-15T05:04:38.164227,2026-02-05T05:04:38.164227,0.0,False,
2623,439,36,Expired,96.1,2026-01-07T05:04:38.164239,2025-12-28T05:04:38.164239,0.0,False,
2624,439,58,In Progress,,,,5.6,False,
2625,439,25,Expired,66.7,2026-03-26T05:04:38.164251,2026-03-16T05:04:38.164251,0.0,False,
2626,439,38,Completed,95.5,2026-03-09T05:04:38.164264,2027-03-09T05:04:38.164264,24,True,
2627,440,92,In Progress,,,,15.7,False,
2628,440,28,Not Started,,,,0.0,False,
2629,440,2,Expired,97.6,2025-05-20T05:04:38.164283,2025-05-10T05:04:38.164283,0.0,False,
2630,440,37,Not Started,,,,0.0,False,
2631,440,12,Not Started,,,,0.0,False,
2632,441,49,Completed,66.4,2025-09-13T05:04:38.164300,2026-09-13T05:04:38.164300,40,True,
2633,441,62,In Progress,,,,22.5,False,
2634,441,38,Not Started,,,,0.0,False,
2635,441,50,Not Started,,,,0.0,False,
2636,441,77,Completed,72.8,2025-10-08T05:04:38.164317,2026-10-08T05:04:38.164317,24,True,
2637,441,36,Completed,85.9,2025-08-09T05:04:38.164328,2026-08-09T05:04:38.164328,8,True,
2638,441,31,Completed,86.5,2025-12-20T05:04:38.164338,2026-12-20T05:04:38.164338,16,True,
2639,441,39,Completed,75.4,2026-04-11T05:04:38.164348,2027-04-11T05:04:38.164348,16,True,
2640,442,82,Expired,76.0,2025-05-04T05:04:38.164362,2025-04-24T05:04:38.164362,0.0,False,
2641,442,38,Expired,85.7,2025-10-15T05:04:38.164372,2025-10-05T05:04:38.164372,0.0,False,
2642,442,17,Completed,79.8,2025-04-17T05:04:38.164386,2026-04-17T05:04:38.164386,40,True,
2643,442,3,In Progress,,,,39.2,False,
2644,443,60,In Progress,,,,34.0,False,
2645,443,23,In Progress,,,,14.8,False,
2646,443,90,Completed,83.3,2026-01-04T05:04:38.164406,2027-01-04T05:04:38.164406,24,True,
2647,443,40,In Progress,,,,6.3,False,
2648,443,74,In Progress,,,,8.8,False,
2649,443,51,Expired,71.0,2025-12-15T05:04:38.164420,2025-12-05T05:04:38.164420,0.0,False,
2650,443,48,In Progress,,,,2.0,False,
2651,444,44,Not Started,,,,0.0,False,
2652,444,37,Not Started,,,,0.0,False,
2653,444,79,Not Started,,,,0.0,False,
2654,444,91,Completed,87.6,2025-09-16T05:04:38.164441,2026-09-16T05:04:38.164441,8,True,
2655,444,17,Completed,74.6,2026-03-04T05:04:38.164452,2027-03-04T05:04:38.164452,40,True,
2656,444,97,Completed,94.2,2026-07-09T05:04:38.164462,2027-07-09T05:04:38.164462,8,True,
2657,444,68,Expired,69.7,2025-05-18T05:04:38.164473,2025-05-08T05:04:38.164473,0.0,False,
2658,444,45,Completed,68.1,2025-07-04T05:04:38.164483,2026-07-04T05:04:38.164483,8,True,
2659,445,37,Not Started,,,,0.0,False,
2660,445,3,Expired,80.7,2026-02-06T05:04:38.164499,2026-01-27T05:04:38.164499,0.0,False,
2661,445,33,Completed,98.8,2025-11-23T05:04:38.164511,2026-11-23T05:04:38.164511,16,True,
2662,445,35,Expired,74.3,2025-11-06T05:04:38.164523,2025-10-27T05:04:38.164523,0.0,False,
2663,445,70,In Progress,,,,4.1,False,
2664,445,66,Not Started,,,,0.0,False,
2665,445,24,Expired,93.2,2026-05-23T05:04:38.164537,2026-05-13T05:04:38.164537,0.0,False,
2666,445,20,In Progress,,,,1.4,False,
2667,446,63,Expired,91.0,2025-04-02T05:04:38.164552,2025-03-23T05:04:38.164552,0.0,False,
2668,446,45,Expired,73.0,2025-09-29T05:04:38.164563,2025-09-19T05:04:38.164563,0.0,False,
2669,446,32,Completed,77.6,2025-12-12T05:04:38.164573,2026-12-12T05:04:38.164573,40,True,
2670,446,69,Not Started,,,,0.0,False,
2671,446,78,Not Started,,,,0.0,False,
2672,447,30,In Progress,,,,2.4,False,
2673,447,55,In Progress,,,,27.8,False,
2674,447,37,In Progress,,,,12.7,False,
2675,447,17,Not Started,,,,0.0,False,
2676,447,76,Not Started,,,,0.0,False,
2677,447,1,Not Started,,,,0.0,False,
2678,448,30,Completed,67.2,2026-01-24T05:04:38.164603,2027-01-24T05:04:38.164603,4,True,
2679,448,11,In Progress,,,,37.7,False,
2680,448,28,Expired,65.3,2026-07-18T05:04:38.164617,2026-07-08T05:04:38.164617,0.0,False,
2681,448,48,Expired,74.3,2026-04-18T05:04:38.164629,2026-04-08T05:04:38.164629,0.0,False,
2682,448,57,Completed,65.8,2025-05-16T05:04:38.164640,2026-05-16T05:04:38.164640,16,True,
2683,449,78,Expired,75.6,2026-02-06T05:04:38.164654,2026-01-27T05:04:38.164654,0.0,False,
2684,449,95,Not Started,,,,0.0,False,
2685,449,38,In Progress,,,,4.4,False,
2686,449,55,Not Started,,,,0.0,False,
2687,449,8,Expired,85.8,2025-11-24T05:04:38.164669,2025-11-14T05:04:38.164669,0.0,False,
2688,449,45,In Progress,,,,5.6,False,
2689,450,31,Completed,71.4,2026-06-01T05:04:38.164684,2027-06-01T05:04:38.164684,16,True,
2690,450,59,Completed,80.8,2026-01-31T05:04:38.164694,2027-01-31T05:04:38.164694,24,True,
2691,450,98,Expired,68.5,2026-03-22T05:04:38.164706,2026-03-12T05:04:38.164706,0.0,False,
2692,450,29,Expired,73.5,2025-10-06T05:04:38.164716,2025-09-26T05:04:38.164716,0.0,False,
2693,451,30,Not Started,,,,0.0,False,
2694,451,8,Completed,66.0,2025-10-03T05:04:38.164734,2026-10-03T05:04:38.164734,8,True,
2695,451,6,Not Started,,,,0.0,False,
2696,451,51,In Progress,,,,5.1,False,
2697,451,31,In Progress,,,,7.5,False,
2698,451,19,Completed,89.6,2026-06-21T05:04:38.164749,2027-06-21T05:04:38.164749,8,True,
2699,451,78,Expired,72.9,2025-04-28T05:04:38.164759,2025-04-18T05:04:38.164759,0.0,False,
2700,451,49,In Progress,,,,18.1,False,
2701,452,27,Expired,81.9,2025-07-07T05:04:38.164776,2025-06-27T05:04:38.164776,0.0,False,
2702,452,29,Expired,86.7,2025-08-15T05:04:38.164787,2025-08-05T05:04:38.164787,0.0,False,
2703,452,21,Not Started,,,,0.0,False,
2704,452,95,Expired,71.2,2026-06-01T05:04:38.164799,2026-05-22T05:04:38.164799,0.0,False,
2705,452,84,Completed,98.0,2025-04-03T05:04:38.164809,2026-04-03T05:04:38.164809,4,True,
2706,452,100,Expired,79.3,2026-06-26T05:04:38.164819,2026-06-16T05:04:38.164819,0.0,False,
2707,452,43,Not Started,,,,0.0,False,
2708,453,31,In Progress,,,,13.0,False,
2709,453,75,In Progress,,,,18.6,False,
2710,453,9,Not Started,,,,0.0,False,
2711,453,81,Not Started,,,,0.0,False,
2712,453,44,Not Started,,,,0.0,False,
2713,453,48,In Progress,,,,1.4,False,
2714,453,38,Not Started,,,,0.0,False,
2715,453,11,Expired,93.1,2026-01-05T05:04:38.164845,2025-12-26T05:04:38.164845,0.0,False,
2716,454,44,Expired,97.6,2025-12-24T05:04:38.164859,2025-12-14T05:04:38.164859,0.0,False,
2717,454,72,Not Started,,,,0.0,False,
2718,454,13,Completed,79.5,2026-03-05T05:04:38.164871,2027-03-05T05:04:38.164871,40,True,
2719,454,57,Completed,78.1,2026-05-02T05:04:38.164881,2027-05-02T05:04:38.164881,16,True,
2720,454,94,In Progress,,,,3.5,False,
2721,454,70,Not Started,,,,0.0,False,
2722,455,97,Not Started,,,,0.0,False,
2723,455,39,Not Started,,,,0.0,False,
2724,455,40,Not Started,,,,0.0,False,
2725,455,18,Not Started,,,,0.0,False,
2726,455,71,Completed,68.3,2025-11-05T05:04:38.164905,2026-11-05T05:04:38.164905,16,True,
2727,455,67,Not Started,,,,0.0,False,
2728,456,4,Expired,75.5,2026-03-03T05:04:38.164921,2026-02-21T05:04:38.164921,0.0,False,
2729,456,89,Expired,99.6,2025-11-16T05:04:38.164932,2025-11-06T05:04:38.164932,0.0,False,
2730,456,8,Not Started,,,,0.0,False,
2731,456,88,Expired,85.1,2026-05-09T05:04:38.164943,2026-04-29T05:04:38.164943,0.0,False,
2732,456,95,Completed,76.9,2026-02-26T05:04:38.164953,2027-02-26T05:04:38.164953,8,True,
2733,456,63,Completed,84.5,2026-07-30T05:04:38.164965,2027-07-30T05:04:38.164965,16,True,
2734,456,34,Completed,75.4,2026-05-30T05:04:38.164975,2027-05-30T05:04:38.164975,24,True,
2735,456,58,In Progress,,,,17.6,False,
2736,457,85,Completed,70.9,2026-05-26T05:04:38.164991,2027-05-26T05:04:38.164991,40,True,
2737,457,56,Not Started,,,,0.0,False,
2738,457,28,Not Started,,,,0.0,False,
2739,457,49,Completed,73.0,2026-04-19T05:04:38.165005,2027-04-19T05:04:38.165005,40,True,
2740,457,3,In Progress,,,,30.2,False,
2741,457,60,Not Started,,,,0.0,False,
2742,457,4,Expired,85.6,2025-08-23T05:04:38.165019,2025-08-13T05:04:38.165019,0.0,False,
2743,457,20,Not Started,,,,0.0,False,
2744,458,74,Expired,66.8,2026-06-20T05:04:38.165035,2026-06-10T05:04:38.165035,0.0,False,
2745,458,35,In Progress,,,,12.0,False,
2746,458,55,Completed,73.9,2025-04-02T05:04:38.165047,2026-04-02T05:04:38.165047,40,True,
2747,458,31,Expired,68.9,2026-03-08T05:04:38.165057,2026-02-26T05:04:38.165057,0.0,False,
2748,458,100,Not Started,,,,0.0,False,
2749,458,49,Not Started,,,,0.0,False,
2750,458,7,Expired,77.5,2026-06-19T05:04:38.165072,2026-06-09T05:04:38.165072,0.0,False,
2751,459,28,In Progress,,,,0.7,False,
2752,459,53,Expired,95.9,2025-06-15T05:04:38.165088,2025-06-05T05:04:38.165088,0.0,False,
2753,459,15,Not Started,,,,0.0,False,
2754,459,19,Expired,74.2,2025-08-14T05:04:38.165100,2025-08-04T05:04:38.165100,0.0,False,
2755,459,72,Expired,96.4,2026-02-24T05:04:38.165111,2026-02-14T05:04:38.165111,0.0,False,
2756,459,43,In Progress,,,,1.6,False,
2757,459,26,Not Started,,,,0.0,False,
2758,459,34,Expired,95.5,2026-06-01T05:04:38.165125,2026-05-22T05:04:38.165125,0.0,False,
2759,460,89,Completed,80.7,2025-07-27T05:04:38.165139,2026-07-27T05:04:38.165139,24,True,
2760,460,72,Expired,70.0,2026-02-13T05:04:38.165149,2026-02-03T05:04:38.165149,0.0,False,
2761,460,70,Expired,66.0,2026-06-19T05:04:38.165159,2026-06-09T05:04:38.165159,0.0,False,
2762,460,98,Completed,99.1,2025-12-28T05:04:38.165168,2026-12-28T05:04:38.165168,16,True,
2763,461,92,Expired,89.6,2026-07-17T05:04:38.165180,2026-07-07T05:04:38.165180,0.0,False,
2764,461,47,Not Started,,,,0.0,False,
2765,461,26,In Progress,,,,2.9,False,
2766,461,49,In Progress,,,,30.1,False,
2767,462,34,Expired,75.9,2025-08-25T05:04:38.165198,2025-08-15T05:04:38.165198,0.0,False,
2768,462,31,In Progress,,,,10.3,False,
2769,462,66,Not Started,,,,0.0,False,
2770,462,43,Not Started,,,,0.0,False,
2771,462,39,Completed,92.3,2025-08-16T05:04:38.165212,2026-08-16T05:04:38.165212,16,True,
2772,463,48,Not Started,,,,0.0,False,
2773,463,59,Completed,80.6,2025-11-17T05:04:38.165227,2026-11-17T05:04:38.165227,24,True,
2774,463,39,Completed,89.7,2025-07-24T05:04:38.165236,2026-07-24T05:04:38.165236,16,True,
2775,463,82,Not Started,,,,0.0,False,
2776,463,73,Not Started,,,,0.0,False,
2777,463,89,Completed,77.0,2026-03-12T05:04:38.165249,2027-03-12T05:04:38.165249,24,True,
2778,464,66,Not Started,,,,0.0,False,
2779,464,47,In Progress,,,,0.5,False,
2780,464,97,In Progress,,,,1.5,False,
2781,464,46,In Progress,,,,3.0,False,
2782,464,26,In Progress,,,,2.0,False,
2783,465,77,Expired,84.0,2025-06-08T05:04:38.165274,2025-05-29T05:04:38.165274,0.0,False,
2784,465,61,Completed,68.0,2025-07-06T05:04:38.165284,2026-07-06T05:04:38.165284,4,True,
2785,465,84,Completed,99.9,2025-10-05T05:04:38.165294,2026-10-05T05:04:38.165294,4,True,
2786,465,7,Expired,78.6,2025-08-13T05:04:38.165306,2025-08-03T05:04:38.165306,0.0,False,
2787,465,16,Completed,74.5,2025-11-25T05:04:38.165316,2026-11-25T05:04:38.165316,16,True,
2788,465,6,Completed,92.9,2026-05-08T05:04:38.165326,2027-05-08T05:04:38.165326,16,True,
2789,465,2,Completed,84.6,2025-11-09T05:04:38.165335,2026-11-09T05:04:38.165335,24,True,
2790,466,95,In Progress,,,,6.9,False,
2791,466,97,In Progress,,,,7.5,False,
2792,466,52,Not Started,,,,0.0,False,
2793,466,7,Expired,77.5,2025-04-09T05:04:38.165354,2025-03-30T05:04:38.165354,0.0,False,
2794,466,75,Not Started,,,,0.0,False,
2795,466,1,Expired,84.7,2025-09-06T05:04:38.165366,2025-08-27T05:04:38.165366,0.0,False,
2796,467,94,Completed,66.5,2026-02-15T05:04:38.165379,2027-02-15T05:04:38.165379,4,True,
2797,467,54,Completed,66.4,2025-08-27T05:04:38.165389,2026-08-27T05:04:38.165389,8,True,
2798,467,57,Expired,68.5,2026-04-18T05:04:38.165400,2026-04-08T05:04:38.165400,0.0,False,
2799,467,75,Not Started,,,,0.0,False,
2800,467,51,In Progress,,,,7.6,False,
2801,467,80,Not Started,,,,0.0,False,
2802,467,33,Not Started,,,,0.0,False,
2803,468,14,Not Started,,,,0.0,False,
2804,468,88,In Progress,,,,10.6,False,
2805,468,44,In Progress,,,,3.7,False,
2806,468,99,Expired,84.6,2025-08-31T05:04:38.165436,2025-08-21T05:04:38.165436,0.0,False,
2807,468,86,Expired,91.6,2025-10-30T05:04:38.165447,2025-10-20T05:04:38.165447,0.0,False,
2808,468,11,In Progress,,,,29.5,False,
2809,468,38,Expired,77.4,2025-12-14T05:04:38.165458,2025-12-04T05:04:38.165458,0.0,False,
2810,468,89,In Progress,,,,1.4,False,
2811,469,37,In Progress,,,,14.3,False,
2812,469,35,Expired,66.0,2026-01-31T05:04:38.165475,2026-01-21T05:04:38.165475,0.0,False,
2813,469,36,Not Started,,,,0.0,False,
2814,469,1,Expired,89.0,2025-07-29T05:04:38.165487,2025-07-19T05:04:38.165487,0.0,False,
2815,469,13,In Progress,,,,36.8,False,
2816,470,78,Not Started,,,,0.0,False,
2817,470,1,Completed,78.4,2026-04-28T05:04:38.165503,2027-04-28T05:04:38.165503,16,True,
2818,470,57,Not Started,,,,0.0,False,
2819,470,61,In Progress,,,,1.2,False,
2820,470,92,Expired,75.2,2026-05-23T05:04:38.165518,2026-05-13T05:04:38.165518,0.0,False,
2821,470,22,Not Started,,,,0.0,False,
2822,471,38,In Progress,,,,2.1,False,
2823,471,15,In Progress,,,,38.9,False,
2824,471,28,Expired,85.3,2026-02-27T05:04:38.165539,2026-02-17T05:04:38.165539,0.0,False,
2825,471,68,In Progress,,,,17.0,False,
2826,471,65,Expired,72.5,2026-03-29T05:04:38.165551,2026-03-19T05:04:38.165551,0.0,False,
2827,471,27,In Progress,,,,4.9,False,
2828,471,83,Not Started,,,,0.0,False,
2829,472,94,In Progress,,,,0.6,False,
2830,472,83,Not Started,,,,0.0,False,
2831,472,88,Completed,84.7,2025-06-28T05:04:38.165571,2026-06-28T05:04:38.165571,16,True,
2832,472,91,Not Started,,,,0.0,False,
2833,472,35,In Progress,,,,9.8,False,
2834,472,1,Not Started,,,,0.0,False,
2835,472,67,Not Started,,,,0.0,False,
2836,472,87,In Progress,,,,5.6,False,
2837,473,84,Expired,98.5,2025-11-17T05:04:38.165593,2025-11-07T05:04:38.165593,0.0,False,
2838,473,82,Completed,71.9,2025-10-15T05:04:38.165603,2026-10-15T05:04:38.165603,16,True,
2839,473,79,Completed,96.5,2025-11-14T05:04:38.165613,2026-11-14T05:04:38.165613,40,True,
2840,473,11,In Progress,,,,12.5,False,
2841,473,60,Expired,87.8,2025-12-04T05:04:38.165625,2025-11-24T05:04:38.165625,0.0,False,
2842,474,38,Completed,98.9,2026-07-08T05:04:38.165638,2027-07-08T05:04:38.165638,24,True,
2843,474,16,In Progress,,,,9.8,False,
2844,474,99,Not Started,,,,0.0,False,
2845,474,89,Expired,70.8,2026-06-02T05:04:38.165651,2026-05-23T05:04:38.165651,0.0,False,
2846,474,91,Completed,95.7,2025-11-16T05:04:38.165662,2026-11-16T05:04:38.165662,8,True,
2847,474,85,Not Started,,,,0.0,False,
2848,475,81,Completed,65.2,2026-01-02T05:04:38.165677,2027-01-02T05:04:38.165677,8,True,
2849,475,78,Completed,72.1,2025-09-23T05:04:38.165687,2026-09-23T05:04:38.165687,40,True,
2850,475,33,Expired,93.6,2025-06-30T05:04:38.165697,2025-06-20T05:04:38.165697,0.0,False,
2851,475,69,Completed,83.6,2025-04-22T05:04:38.165707,2026-04-22T05:04:38.165707,8,True,
2852,475,49,Completed,66.0,2025-10-18T05:04:38.165716,2026-10-18T05:04:38.165716,40,True,
2853,476,2,Completed,92.6,2025-04-10T05:04:38.165729,2026-04-10T05:04:38.165729,24,True,
2854,476,53,Not Started,,,,0.0,False,
2855,476,37,Completed,90.0,2026-03-16T05:04:38.165740,2027-03-16T05:04:38.165740,16,True,
2856,476,19,Expired,94.7,2025-09-25T05:04:38.165750,2025-09-15T05:04:38.165750,0.0,False,
2857,477,21,Not Started,,,,0.0,False,
2858,477,6,Not Started,,,,0.0,False,
2859,477,12,In Progress,,,,27.4,False,
2860,477,30,Expired,97.9,2025-10-09T05:04:38.165769,2025-09-29T05:04:38.165769,0.0,False,
2861,477,8,Completed,69.0,2026-07-24T05:04:38.165779,2027-07-24T05:04:38.165779,8,True,
2862,478,75,In Progress,,,,17.9,False,
2863,478,89,Completed,96.6,2025-09-18T05:04:38.165797,2026-09-18T05:04:38.165797,24,True,
2864,478,55,Completed,71.0,2026-06-17T05:04:38.165807,2027-06-17T05:04:38.165807,40,True,
2865,478,7,Expired,93.4,2025-04-11T05:04:38.165817,2025-04-01T05:04:38.165817,0.0,False,
2866,478,92,Completed,73.9,2026-06-27T05:04:38.165826,2027-06-27T05:04:38.165826,24,True,
2867,478,33,Completed,85.1,2026-03-19T05:04:38.165836,2027-03-19T05:04:38.165836,16,True,
2868,478,76,Expired,91.9,2025-04-16T05:04:38.165846,2025-04-06T05:04:38.165846,0.0,False,
2869,478,59,Expired,70.4,2026-01-15T05:04:38.165855,2026-01-05T05:04:38.165855,0.0,False,
2870,479,60,In Progress,,,,23.0,False,
2871,479,81,Not Started,,,,0.0,False,
2872,479,52,In Progress,,,,1.1,False,
2873,479,85,Not Started,,,,0.0,False,
2874,479,46,Not Started,,,,0.0,False,
2875,479,97,Completed,98.6,2026-07-03T05:04:38.165876,2027-07-03T05:04:38.165876,8,True,
2876,480,76,In Progress,,,,3.7,False,
2877,480,89,Completed,85.2,2025-05-27T05:04:38.165893,2026-05-27T05:04:38.165893,24,True,
2878,480,9,Not Started,,,,0.0,False,
2879,480,67,In Progress,,,,23.0,False,
2880,480,92,Expired,99.4,2025-10-26T05:04:38.165906,2025-10-16T05:04:38.165906,0.0,False,
2881,480,29,Completed,70.4,2026-03-28T05:04:38.165916,2027-03-28T05:04:38.165916,8,True,
2882,481,79,Not Started,,,,0.0,False,
2883,481,33,In Progress,,,,9.9,False,
2884,481,71,Expired,90.4,2026-04-19T05:04:38.165934,2026-04-09T05:04:38.165934,0.0,False,
2885,481,58,Completed,82.4,2025-06-25T05:04:38.165944,2026-06-25T05:04:38.165944,24,True,
2886,481,11,Not Started,,,,0.0,False,
2887,481,20,Not Started,,,,0.0,False,
2888,481,89,Completed,74.7,2025-04-13T05:04:38.165957,2026-04-13T05:04:38.165957,24,True,
2889,482,93,Expired,93.8,2025-04-12T05:04:38.165972,2025-04-02T05:04:38.165972,0.0,False,
2890,482,19,Expired,97.5,2026-07-13T05:04:38.165982,2026-07-03T05:04:38.165982,0.0,False,
2891,482,2,Not Started,,,,0.0,False,
2892,482,87,Not Started,,,,0.0,False,
2893,482,17,Not Started,,,,0.0,False,
2894,482,92,Completed,91.1,2025-06-08T05:04:38.165996,2026-06-08T05:04:38.165996,24,True,
2895,482,41,Not Started,,,,0.0,False,
2896,482,83,Not Started,,,,0.0,False,
2897,483,59,In Progress,,,,8.3,False,
2898,483,87,Completed,93.7,2025-06-17T05:04:38.166014,2026-06-17T05:04:38.166014,16,True,
2899,483,43,Expired,67.7,2025-11-16T05:04:38.166024,2025-11-06T05:04:38.166024,0.0,False,
2900,483,7,Expired,90.1,2025-09-23T05:04:38.166033,2025-09-13T05:04:38.166033,0.0,False,
2901,484,67,Completed,69.8,2026-01-11T05:04:38.166046,2027-01-11T05:04:38.166046,24,True,
2902,484,97,Completed,91.2,2025-10-12T05:04:38.166056,2026-10-12T05:04:38.166056,8,True,
2903,484,16,Completed,73.4,2026-01-27T05:04:38.166065,2027-01-27T05:04:38.166065,16,True,
2904,484,52,In Progress,,,,3.9,False,
2905,485,24,Expired,91.7,2025-11-26T05:04:38.166080,2025-11-16T05:04:38.166080,0.0,False,
2906,485,5,In Progress,,,,1.9,False,
2907,485,11,Completed,75.8,2025-06-20T05:04:38.166091,2026-06-20T05:04:38.166091,40,True,
2908,485,23,Expired,97.3,2026-04-08T05:04:38.166101,2026-03-29T05:04:38.166101,0.0,False,
2909,486,59,Completed,78.3,2025-07-21T05:04:38.166115,2026-07-21T05:04:38.166115,24,True,
2910,486,33,Not Started,,,,0.0,False,
2911,486,82,Not Started,,,,0.0,False,
2912,486,19,Not Started,,,,0.0,False,
2913,486,24,Expired,72.5,2026-04-01T05:04:38.166128,2026-03-22T05:04:38.166128,0.0,False,
2914,486,3,Expired,83.6,2026-04-08T05:04:38.166138,2026-03-29T05:04:38.166138,0.0,False,
2915,486,88,Not Started,,,,0.0,False,
2916,487,49,Not Started,,,,0.0,False,
2917,487,83,Not Started,,,,0.0,False,
2918,487,85,In Progress,,,,3.3,False,
2919,487,10,In Progress,,,,5.3,False,
2920,487,64,Expired,81.3,2025-07-07T05:04:38.166162,2025-06-27T05:04:38.166162,0.0,False,
2921,487,4,Completed,96.3,2025-08-07T05:04:38.166173,2026-08-07T05:04:38.166173,40,True,
2922,487,54,Not Started,,,,0.0,False,
2923,487,9,In Progress,,,,2.3,False,
2924,488,22,Completed,67.6,2025-06-03T05:04:38.166190,2026-06-03T05:04:38.166190,8,True,
2925,488,39,Completed,96.3,2025-08-12T05:04:38.166199,2026-08-12T05:04:38.166199,16,True,
2926,488,100,Not Started,,,,0.0,False,
2927,488,8,In Progress,,,,6.7,False,
2928,488,10,In Progress,,,,1.1,False,
2929,488,77,Not Started,,,,0.0,False,
2930,488,96,In Progress,,,,1.9,False,
2931,488,62,In Progress,,,,26.9,False,
2932,489,69,In Progress,,,,1.4,False,
2933,489,75,Completed,65.2,2025-09-04T05:04:38.166222,2026-09-04T05:04:38.166222,24,True,
2934,489,90,Completed,96.3,2025-04-20T05:04:38.166232,2026-04-20T05:04:38.166232,24,True,
2935,489,13,In Progress,,,,18.2,False,
2936,489,9,Expired,80.6,2026-05-18T05:04:38.166244,2026-05-08T05:04:38.166244,0.0,False,
2937,489,38,Completed,81.6,2026-07-09T05:04:38.166254,2027-07-09T05:04:38.166254,24,True,
2938,489,20,Not Started,,,,0.0,False,
2939,490,62,Not Started,,,,0.0,False,
2940,490,6,In Progress,,,,9.8,False,
2941,490,91,In Progress,,,,7.5,False,
2942,490,26,In Progress,,,,1.2,False,
2943,490,28,Expired,82.2,2025-05-24T05:04:38.166274,2025-05-14T05:04:38.166274,0.0,False,
2944,490,27,Expired,98.7,2025-04-19T05:04:38.166284,2025-04-09T05:04:38.166284,0.0,False,
2945,491,37,In Progress,,,,5.1,False,
2946,491,92,In Progress,,,,15.7,False,
2947,491,52,Completed,82.3,2025-08-22T05:04:38.166302,2026-08-22T05:04:38.166302,4,True,
2948,491,4,Not Started,,,,0.0,False,
2949,492,39,Expired,93.8,2026-02-28T05:04:38.166317,2026-02-18T05:04:38.166317,0.0,False,
2950,492,61,Completed,77.4,2025-07-04T05:04:38.166327,2026-07-04T05:04:38.166327,4,True,
2951,492,85,Completed,78.1,2025-10-29T05:04:38.166336,2026-10-29T05:04:38.166336,40,True,
2952,492,26,Not Started,,,,0.0,False,
2953,492,83,Expired,97.6,2025-12-04T05:04:38.166347,2025-11-24T05:04:38.166347,0.0,False,
2954,492,8,In Progress,,,,2.0,False,
2955,493,81,Not Started,,,,0.0,False,
2956,493,46,Not Started,,,,0.0,False,
2957,493,47,Completed,66.0,2026-03-26T05:04:38.166367,2027-03-26T05:04:38.166367,4,True,
2958,493,40,Expired,79.3,2025-10-21T05:04:38.166376,2025-10-11T05:04:38.166376,0.0,False,
2959,493,21,Completed,69.8,2025-07-21T05:04:38.166386,2026-07-21T05:04:38.166386,4,True,
2960,493,73,In Progress,,,,23.5,False,
2961,493,6,Not Started,,,,0.0,False,
2962,493,99,In Progress,,,,29.7,False,
2963,494,33,In Progress,,,,11.8,False,
2964,494,91,In Progress,,,,3.1,False,
2965,494,32,Expired,96.4,2025-04-29T05:04:38.166406,2025-04-19T05:04:38.166406,0.0,False,
2966,494,85,Completed,68.1,2025-11-29T05:04:38.166416,2026-11-29T05:04:38.166416,40,True,
2967,494,22,In Progress,,,,5.3,False,
2968,495,56,Not Started,,,,0.0,False,
2969,495,15,Completed,82.0,2025-05-20T05:04:38.166431,2026-05-20T05:04:38.166431,40,True,
2970,495,27,Expired,89.3,2025-12-03T05:04:38.166440,2025-11-23T05:04:38.166440,0.0,False,
2971,495,51,Not Started,,,,0.0,False,
2972,496,54,Expired,71.5,2025-11-11T05:04:38.166455,2025-11-01T05:04:38.166455,0.0,False,
2973,496,8,Expired,86.2,2025-03-28T05:04:38.166465,2025-03-18T05:04:38.166465,0.0,False,
2974,496,43,Completed,90.5,2026-05-14T05:04:38.166477,2027-05-14T05:04:38.166477,4,True,
2975,496,16,Not Started,,,,0.0,False,
2976,496,38,Expired,68.4,2025-12-26T05:04:38.166488,2025-12-16T05:04:38.166488,0.0,False,
2977,496,55,Completed,71.4,2025-06-18T05:04:38.166499,2026-06-18T05:04:38.166499,40,True,
2978,497,33,Not Started,,,,0.0,False,
2979,497,82,In Progress,,,,3.2,False,
2980,497,64,Completed,92.0,2025-08-10T05:04:38.166516,2026-08-10T05:04:38.166516,8,True,
2981,497,28,Not Started,,,,0.0,False,
2982,497,35,Completed,77.4,2026-06-23T05:04:38.166527,2027-06-23T05:04:38.166527,16,True,
2983,497,20,Not Started,,,,0.0,False,
2984,497,10,In Progress,,,,2.8,False,
2985,497,48,Completed,80.7,2026-06-03T05:04:38.166539,2027-06-03T05:04:38.166539,8,True,
2986,498,50,Expired,96.0,2026-04-01T05:04:38.166552,2026-03-22T05:04:38.166552,0.0,False,
2987,498,55,Not Started,,,,0.0,False,
2988,498,39,Expired,99.8,2026-07-11T05:04:38.166563,2026-07-01T05:04:38.166563,0.0,False,
2989,498,19,In Progress,,,,4.7,False,
2990,498,44,Not Started,,,,0.0,False,
2991,498,38,Not Started,,,,0.0,False,
2992,498,76,Not Started,,,,0.0,False,
2993,499,78,Completed,98.9,2026-04-16T05:04:38.166584,2027-04-16T05:04:38.166584,40,True,
2994,499,15,Expired,92.9,2025-10-27T05:04:38.166593,2025-10-17T05:04:38.166593,0.0,False,
2995,499,74,Expired,67.4,2025-12-10T05:04:38.166603,2025-11-30T05:04:38.166603,0.0,False,
2996,499,76,Not Started,,,,0.0,False,
2997,499,5,Expired,98.1,2026-06-27T05:04:38.166614,2026-06-17T05:04:38.166614,0.0,False,
2998,499,31,Not Started,,,,0.0,False,
2999,499,49,Completed,81.4,2025-12-28T05:04:38.166624,2026-12-28T05:04:38.166624,40,True,
3000,499,62,Expired,99.0,2026-05-21T05:04:38.166635,2026-05-11T05:04:38.166635,0.0,False,
