id,employee_id,skill_id,level,years_experience,is_certified,certification_name,last_assessed,notes
1,1,1,Advanced,3.5,True,Tata Steel Core Safety Certification,2026-04-22T05:04:38.078806,Verified through department annual appraisal.
2,1,3,Advanced,3.5,True,Tata Steel Core Safety Certification,2026-05-09T05:04:38.079110,Verified through department annual appraisal.
3,1,4,Intermediate,3.5,True,Tata Steel Core Safety Certification,2026-05-26T05:04:38.079163,Verified through department annual appraisal.
4,1,5,Intermediate,3.5,True,Tata Steel Core Safety Certification,2026-03-15T05:04:38.079196,Verified through department annual appraisal.
5,1,6,Intermediate,3.5,True,Tata Steel Core Safety Certification,2026-06-04T05:04:38.079225,Verified through department annual appraisal.
6,1,8,Advanced,3.5,True,Tata Steel Core Safety Certification,2026-04-28T05:04:38.079254,Verified through department annual appraisal.
7,1,19,Intermediate,1.5,False,,2025-11-15T05:04:38.079430,
8,1,175,Beginner,6.5,False,Internal Training Course Certification,2026-06-30T05:04:38.079465,
9,1,159,Intermediate,5.2,False,,2026-07-09T05:04:38.079496,
10,1,87,Beginner,6.8,False,,2026-06-06T05:04:38.079517,
11,1,177,Beginner,3.1,True,Internal Training Course Certification,2026-04-02T05:04:38.079539,
12,2,195,Intermediate,6.4,True,Internal Training Course Certification,2025-08-17T05:04:38.079614,
13,2,55,Expert,6.3,True,,2026-05-11T05:04:38.079632,
14,2,61,Intermediate,3.4,True,,2026-02-07T05:04:38.079649,
15,2,194,Intermediate,6.5,False,,2026-06-07T05:04:38.079666,
16,2,124,Intermediate,1.9,True,Internal Training Course Certification,2025-09-25T05:04:38.079682,
17,2,39,Expert,7.2,True,,2025-11-02T05:04:38.079698,
18,2,2,Beginner,1.0,True,Internal Training Course Certification,2026-05-14T05:04:38.079716,
19,3,143,Advanced,5.9,True,,2025-09-29T05:04:38.079777,
20,3,110,Intermediate,4.2,False,,2026-07-07T05:04:38.079794,
21,3,105,Expert,0.8,False,Internal Training Course Certification,2026-01-07T05:04:38.079811,
22,3,25,Beginner,4.7,False,Internal Training Course Certification,2025-12-03T05:04:38.079827,
23,3,125,Intermediate,1.5,False,Internal Training Course Certification,2026-01-15T05:04:38.079844,
24,4,177,Advanced,2.1,False,Internal Training Course Certification,2026-07-11T05:04:38.079910,
25,4,114,Expert,7.3,False,,2026-06-08T05:04:38.079927,
26,4,124,Advanced,6.4,False,Internal Training Course Certification,2026-03-30T05:04:38.079943,
27,4,57,Beginner,2.3,True,,2026-05-29T05:04:38.079960,
28,4,69,Advanced,3.6,False,,2025-12-23T05:04:38.079976,
29,4,134,Intermediate,1.7,True,,2025-09-21T05:04:38.079997,
30,4,117,Advanced,5.4,False,,2025-09-03T05:04:38.080013,
31,4,178,Intermediate,2.1,False,Internal Training Course Certification,2025-11-02T05:04:38.080029,
32,5,157,Intermediate,1.0,False,Internal Training Course Certification,2026-05-23T05:04:38.080094,
33,5,173,Expert,7.5,False,,2025-12-16T05:04:38.080112,
34,5,116,Beginner,1.1,False,,2026-01-27T05:04:38.080128,
35,5,110,Beginner,6.7,True,Internal Training Course Certification,2026-06-23T05:04:38.080221,
36,5,200,Advanced,3.0,False,,2025-10-01T05:04:38.080279,
37,5,143,Expert,1.2,True,Internal Training Course Certification,2026-02-28T05:04:38.080300,
38,5,8,Expert,3.6,False,Internal Training Course Certification,2026-02-12T05:04:38.080315,
39,6,176,Intermediate,6.1,True,,2026-01-21T05:04:38.080383,
40,6,62,Intermediate,2.9,False,,2026-05-19T05:04:38.080397,
41,6,98,Beginner,5.4,True,Internal Training Course Certification,2026-07-23T05:04:38.080417,
42,6,75,Advanced,4.4,True,,2025-08-31T05:04:38.080430,
43,6,189,Expert,7.1,False,,2026-01-27T05:04:38.080443,
44,6,107,Expert,5.8,True,,2026-01-25T05:04:38.080455,
45,6,18,Intermediate,6.6,False,,2026-04-23T05:04:38.080467,
46,7,33,Beginner,7.0,False,,2026-06-28T05:04:38.080518,
47,7,7,Beginner,6.5,True,Internal Training Course Certification,2026-06-05T05:04:38.080531,
48,7,1,Expert,3.3,False,Internal Training Course Certification,2026-06-18T05:04:38.080543,
49,7,87,Beginner,1.0,True,Internal Training Course Certification,2025-11-25T05:04:38.080558,
50,7,11,Beginner,1.2,False,Internal Training Course Certification,2026-07-31T05:04:38.080570,
51,7,21,Intermediate,1.6,False,,2026-01-04T05:04:38.080582,
52,8,196,Intermediate,0.5,True,,2026-07-19T05:04:38.080629,
53,8,11,Advanced,3.6,True,Internal Training Course Certification,2026-06-01T05:04:38.080642,
54,8,75,Advanced,7.8,False,,2025-12-17T05:04:38.080654,
55,8,163,Intermediate,3.9,False,Internal Training Course Certification,2025-11-10T05:04:38.080666,
56,8,74,Intermediate,7.6,False,Internal Training Course Certification,2026-02-23T05:04:38.080678,
57,8,83,Intermediate,1.4,False,Internal Training Course Certification,2025-10-22T05:04:38.080689,
58,8,128,Intermediate,7.4,True,,2025-11-14T05:04:38.080701,
59,9,53,Beginner,6.2,False,Internal Training Course Certification,2026-04-09T05:04:38.080748,
60,9,49,Expert,1.1,True,Internal Training Course Certification,2026-02-19T05:04:38.080761,
61,9,56,Expert,0.8,False,,2026-05-20T05:04:38.080773,
62,9,178,Advanced,4.2,True,,2026-04-26T05:04:38.080785,
63,9,121,Intermediate,7.4,False,Internal Training Course Certification,2026-06-21T05:04:38.080797,
64,9,57,Intermediate,4.8,False,,2026-01-26T05:04:38.080809,
65,9,45,Beginner,3.0,True,Internal Training Course Certification,2025-09-27T05:04:38.080821,
66,9,172,Advanced,1.0,True,,2025-11-21T05:04:38.080833,
67,9,167,Advanced,3.5,True,,2026-01-17T05:04:38.080845,
68,10,138,Expert,3.8,True,,2026-01-08T05:04:38.080895,
69,10,113,Beginner,7.4,True,,2026-02-10T05:04:38.080907,
70,10,57,Advanced,2.4,False,Internal Training Course Certification,2025-09-10T05:04:38.080946,
71,10,19,Intermediate,0.7,False,,2026-01-31T05:04:38.081024,
72,10,98,Intermediate,5.7,False,Internal Training Course Certification,2026-07-24T05:04:38.081052,
73,10,87,Intermediate,5.0,False,Internal Training Course Certification,2026-04-27T05:04:38.081066,
74,10,149,Advanced,7.1,False,,2025-10-23T05:04:38.081078,
75,10,200,Beginner,1.1,True,Internal Training Course Certification,2025-10-05T05:04:38.081090,
76,10,24,Beginner,3.9,True,,2026-04-12T05:04:38.081102,
77,10,69,Beginner,5.4,False,,2025-10-03T05:04:38.081114,
78,11,9,Intermediate,7.3,False,Internal Training Course Certification,2025-11-25T05:04:38.081171,
79,11,51,Beginner,7.4,True,,2026-05-19T05:04:38.081203,
80,11,155,Expert,6.8,False,,2026-04-25T05:04:38.081226,
81,11,139,Expert,7.8,False,,2026-07-13T05:04:38.081241,
82,11,123,Intermediate,2.0,True,,2025-12-28T05:04:38.081253,
83,11,159,Expert,6.0,False,,2025-12-02T05:04:38.081265,
84,11,114,Intermediate,4.9,False,,2026-06-08T05:04:38.081277,
85,11,134,Beginner,4.2,False,Internal Training Course Certification,2025-10-18T05:04:38.081289,
86,11,11,Intermediate,5.1,False,Internal Training Course Certification,2026-05-14T05:04:38.081304,
87,11,7,Intermediate,1.4,True,Internal Training Course Certification,2025-12-29T05:04:38.081315,
88,12,177,Advanced,4.7,True,,2026-05-18T05:04:38.081366,
89,12,148,Beginner,2.3,False,,2026-04-12T05:04:38.081379,
90,12,155,Advanced,1.3,False,,2026-07-29T05:04:38.081391,
91,12,175,Beginner,5.5,False,Internal Training Course Certification,2026-07-20T05:04:38.081405,
92,12,138,Advanced,1.4,False,,2025-12-05T05:04:38.081416,
93,13,45,Intermediate,5.8,False,,2025-10-23T05:04:38.081463,
94,13,37,Advanced,4.0,True,Internal Training Course Certification,2026-07-11T05:04:38.081476,
95,13,73,Expert,2.3,True,,2026-05-28T05:04:38.081488,
96,13,67,Beginner,7.3,True,,2025-12-05T05:04:38.081500,
97,13,134,Expert,6.9,True,,2026-06-13T05:04:38.081511,
98,13,62,Advanced,3.3,False,,2026-04-30T05:04:38.081523,
99,13,165,Advanced,1.7,True,,2025-10-08T05:04:38.081534,
100,13,43,Advanced,4.7,False,,2025-10-31T05:04:38.081546,
101,13,189,Expert,2.5,False,Internal Training Course Certification,2026-04-06T05:04:38.081557,
102,14,10,Advanced,4.8,True,,2026-01-12T05:04:38.081600,
103,14,175,Expert,6.9,True,,2026-04-22T05:04:38.081613,
104,14,144,Intermediate,5.6,False,,2026-07-12T05:04:38.081624,
105,14,41,Advanced,7.5,True,,2025-10-31T05:04:38.081636,
106,14,184,Advanced,7.7,False,Internal Training Course Certification,2026-02-23T05:04:38.081703,
107,15,96,Intermediate,5.6,True,Internal Training Course Certification,2025-12-12T05:04:38.081782,
108,15,24,Expert,5.3,True,Internal Training Course Certification,2026-06-10T05:04:38.081796,
109,15,87,Expert,2.7,True,,2025-11-12T05:04:38.081806,
110,15,118,Advanced,7.8,False,,2025-09-20T05:04:38.081816,
111,15,36,Beginner,3.3,False,,2026-02-07T05:04:38.081825,
112,15,83,Intermediate,3.9,True,,2026-07-01T05:04:38.081833,
113,16,135,Beginner,0.7,True,,2026-02-26T05:04:38.081870,
114,16,61,Expert,5.5,False,,2026-04-05T05:04:38.081880,
115,16,89,Expert,5.6,True,Internal Training Course Certification,2025-10-30T05:04:38.081889,
116,16,41,Advanced,4.6,False,,2026-02-22T05:04:38.081897,
117,16,1,Beginner,6.1,True,,2026-03-19T05:04:38.081906,
118,16,159,Expert,2.2,True,,2025-10-30T05:04:38.081914,
119,16,97,Beginner,4.4,False,,2026-03-11T05:04:38.081923,
120,16,34,Advanced,1.3,False,Internal Training Course Certification,2026-03-26T05:04:38.081931,
121,17,196,Intermediate,3.5,False,Internal Training Course Certification,2025-09-30T05:04:38.082061,
122,17,194,Expert,0.8,False,Internal Training Course Certification,2026-07-28T05:04:38.082130,
123,17,134,Intermediate,2.1,False,,2025-11-03T05:04:38.082156,
124,17,189,Beginner,3.5,False,,2025-12-18T05:04:38.082178,
125,17,149,Advanced,2.2,True,Internal Training Course Certification,2026-07-18T05:04:38.082197,
126,17,186,Beginner,2.1,False,Internal Training Course Certification,2026-07-07T05:04:38.082217,
127,17,88,Advanced,6.1,True,,2025-11-19T05:04:38.082244,
128,17,127,Intermediate,2.7,False,,2025-11-08T05:04:38.082263,
129,18,124,Intermediate,4.8,True,,2025-11-05T05:04:38.082354,
130,18,139,Advanced,6.6,False,Internal Training Course Certification,2025-12-02T05:04:38.082375,
131,18,116,Advanced,2.1,True,Internal Training Course Certification,2026-02-16T05:04:38.082394,
132,18,195,Intermediate,1.5,False,,2025-09-02T05:04:38.082414,
133,18,33,Advanced,2.5,False,,2026-07-09T05:04:38.082433,
134,19,172,Beginner,3.2,True,,2026-01-07T05:04:38.082508,
135,19,143,Intermediate,1.0,True,Internal Training Course Certification,2026-04-29T05:04:38.082529,
136,19,159,Advanced,4.8,True,Internal Training Course Certification,2026-06-10T05:04:38.082548,
137,19,7,Advanced,1.9,False,,2025-10-27T05:04:38.082567,
138,19,44,Expert,5.2,False,,2025-09-13T05:04:38.082587,
139,19,126,Intermediate,3.5,False,Internal Training Course Certification,2026-05-13T05:04:38.082605,
140,20,6,Intermediate,7.4,False,Internal Training Course Certification,2025-10-07T05:04:38.082675,
141,20,154,Expert,1.7,True,Internal Training Course Certification,2026-04-29T05:04:38.082695,
142,20,170,Expert,5.9,True,,2026-06-07T05:04:38.082717,
143,20,100,Intermediate,4.7,True,Internal Training Course Certification,2026-06-26T05:04:38.082736,
144,20,51,Advanced,1.9,False,Internal Training Course Certification,2026-03-24T05:04:38.082755,
145,21,173,Expert,2.4,False,,2026-06-13T05:04:38.082829,
146,21,77,Intermediate,6.5,False,,2025-09-20T05:04:38.082852,
147,21,39,Intermediate,5.3,False,,2026-07-11T05:04:38.082871,
148,21,78,Beginner,2.5,True,,2026-03-31T05:04:38.082892,
149,21,95,Expert,5.7,True,Internal Training Course Certification,2026-02-10T05:04:38.082914,
150,21,37,Beginner,0.7,False,,2025-10-11T05:04:38.082934,
151,21,175,Intermediate,6.2,True,,2026-03-05T05:04:38.082953,
152,21,47,Advanced,4.2,False,,2025-12-10T05:04:38.082972,
153,22,185,Expert,7.2,True,,2026-02-24T05:04:38.083045,
154,22,177,Intermediate,3.6,False,,2026-03-30T05:04:38.083066,
155,22,113,Advanced,2.7,False,Internal Training Course Certification,2025-09-22T05:04:38.083087,
156,22,17,Advanced,0.7,False,Internal Training Course Certification,2025-12-05T05:04:38.083112,
157,22,115,Intermediate,7.1,False,,2026-06-17T05:04:38.083134,
158,23,125,Expert,3.2,True,,2026-05-18T05:04:38.083211,
159,23,9,Beginner,7.6,False,,2025-11-03T05:04:38.083232,
160,23,39,Advanced,6.8,False,,2026-04-29T05:04:38.083252,
161,23,164,Beginner,2.8,False,,2026-03-02T05:04:38.083272,
162,23,79,Expert,3.8,True,,2026-07-02T05:04:38.083292,
163,23,134,Intermediate,8.0,True,Internal Training Course Certification,2025-09-23T05:04:38.083312,
164,23,49,Expert,3.9,False,Internal Training Course Certification,2026-06-09T05:04:38.083332,
165,23,172,Expert,6.7,False,Internal Training Course Certification,2025-11-05T05:04:38.083351,
166,23,62,Expert,5.3,True,Internal Training Course Certification,2025-11-18T05:04:38.083374,
167,23,57,Intermediate,7.9,False,Internal Training Course Certification,2026-07-03T05:04:38.083394,
168,24,172,Advanced,2.2,True,,2026-01-03T05:04:38.083471,
169,24,73,Advanced,5.9,False,,2026-07-18T05:04:38.083492,
170,24,8,Expert,2.4,False,,2025-11-02T05:04:38.083512,
171,24,21,Beginner,6.9,True,Internal Training Course Certification,2026-05-18T05:04:38.083532,
172,24,79,Beginner,6.5,True,Internal Training Course Certification,2025-08-23T05:04:38.083553,
173,24,125,Expert,0.6,False,,2026-07-03T05:04:38.083572,
174,24,37,Advanced,5.4,False,Internal Training Course Certification,2026-04-30T05:04:38.083592,
175,24,130,Intermediate,6.5,False,,2025-12-28T05:04:38.083611,
176,24,98,Intermediate,7.6,True,,2025-09-28T05:04:38.083630,
177,25,162,Advanced,1.6,False,Internal Training Course Certification,2026-07-14T05:04:38.083703,
178,25,25,Advanced,3.1,True,,2025-11-16T05:04:38.083722,
179,25,149,Advanced,3.7,False,Internal Training Course Certification,2025-10-31T05:04:38.083741,
180,25,95,Expert,3.9,False,Internal Training Course Certification,2026-01-21T05:04:38.083759,
181,25,186,Beginner,2.3,False,Internal Training Course Certification,2026-01-22T05:04:38.083778,
182,25,123,Beginner,6.2,True,,2026-04-26T05:04:38.083810,
183,25,54,Beginner,6.1,False,Internal Training Course Certification,2026-05-05T05:04:38.083833,
184,25,124,Expert,0.8,False,,2026-07-21T05:04:38.083852,
185,25,157,Intermediate,6.5,False,Internal Training Course Certification,2025-09-03T05:04:38.083874,
186,25,145,Beginner,1.5,False,,2026-01-23T05:04:38.083894,
187,26,96,Advanced,6.3,True,,2026-05-02T05:04:38.083968,
188,26,172,Advanced,3.8,False,,2026-03-18T05:04:38.083988,
189,26,5,Expert,4.9,False,Internal Training Course Certification,2025-10-05T05:04:38.084007,
190,26,189,Expert,4.2,False,Internal Training Course Certification,2025-09-23T05:04:38.084026,
191,26,41,Advanced,2.7,False,Internal Training Course Certification,2025-10-28T05:04:38.084045,
192,26,57,Beginner,7.0,True,,2025-09-16T05:04:38.084067,
193,26,8,Expert,6.5,False,Internal Training Course Certification,2026-01-16T05:04:38.084086,
194,26,148,Advanced,4.1,False,Internal Training Course Certification,2025-08-28T05:04:38.084106,
195,26,53,Intermediate,3.5,False,,2026-07-10T05:04:38.084126,
196,27,62,Intermediate,2.0,True,Internal Training Course Certification,2025-12-26T05:04:38.084197,
197,27,177,Advanced,1.8,False,,2026-06-08T05:04:38.084217,
198,27,7,Beginner,3.6,False,,2026-05-11T05:04:38.084236,
199,27,148,Beginner,1.4,False,Internal Training Course Certification,2026-06-10T05:04:38.084255,
200,27,170,Expert,6.9,False,Internal Training Course Certification,2025-10-15T05:04:38.084274,
201,27,189,Advanced,4.3,True,,2026-02-19T05:04:38.084295,
202,28,80,Advanced,3.6,True,,2025-11-29T05:04:38.084367,
203,28,179,Expert,5.5,False,,2026-01-27T05:04:38.084385,
204,28,88,Expert,6.9,False,Internal Training Course Certification,2026-02-17T05:04:38.084402,
205,28,17,Beginner,4.8,False,,2026-07-05T05:04:38.084421,
206,28,27,Beginner,3.2,False,,2026-03-21T05:04:38.084439,
207,28,134,Expert,1.8,False,,2026-07-03T05:04:38.084456,
208,28,115,Advanced,1.6,True,,2026-04-25T05:04:38.084473,
209,29,186,Expert,1.7,True,,2025-10-15T05:04:38.084537,
210,29,7,Advanced,2.6,True,,2025-12-25T05:04:38.084555,
211,29,96,Intermediate,4.7,False,,2026-07-06T05:04:38.084572,
212,29,67,Beginner,6.8,True,,2025-09-10T05:04:38.084592,
213,29,197,Expert,3.5,True,,2025-11-04T05:04:38.084609,
214,29,88,Intermediate,0.6,True,Internal Training Course Certification,2026-03-02T05:04:38.084626,
215,29,115,Intermediate,1.1,True,Internal Training Course Certification,2025-11-17T05:04:38.084643,
216,29,66,Beginner,2.4,True,,2025-11-09T05:04:38.084660,
217,30,17,Intermediate,2.9,True,Internal Training Course Certification,2026-06-26T05:04:38.084724,
218,30,46,Advanced,1.6,True,,2026-07-22T05:04:38.084741,
219,30,43,Beginner,6.7,False,,2026-07-20T05:04:38.084758,
220,30,139,Beginner,7.3,False,Internal Training Course Certification,2026-07-07T05:04:38.084775,
221,30,185,Expert,3.5,False,,2025-09-24T05:04:38.084792,
222,30,184,Advanced,6.6,False,,2026-02-12T05:04:38.084808,
223,30,129,Expert,2.1,False,Internal Training Course Certification,2026-07-21T05:04:38.084824,
224,30,189,Advanced,5.3,True,Internal Training Course Certification,2026-04-07T05:04:38.084844,
225,30,175,Intermediate,7.6,True,,2025-11-03T05:04:38.084861,
226,31,103,Expert,7.9,False,Internal Training Course Certification,2025-12-22T05:04:38.084925,
227,31,90,Advanced,5.2,False,Internal Training Course Certification,2025-09-07T05:04:38.084942,
228,31,177,Intermediate,3.2,False,,2026-07-19T05:04:38.084959,
229,31,93,Expert,2.1,True,,2026-06-18T05:04:38.084975,
230,31,164,Intermediate,2.0,True,,2025-10-12T05:04:38.084992,
231,31,110,Advanced,7.1,True,Internal Training Course Certification,2026-07-02T05:04:38.085009,
232,31,19,Expert,3.4,False,Internal Training Course Certification,2025-08-21T05:04:38.085025,
233,31,88,Beginner,3.9,False,Internal Training Course Certification,2025-08-25T05:04:38.085042,
234,31,185,Beginner,2.1,False,,2025-08-17T05:04:38.085060,
235,31,176,Advanced,4.3,False,,2025-12-04T05:04:38.085077,
236,32,138,Beginner,7.4,True,,2026-06-13T05:04:38.085140,
237,32,134,Expert,3.8,False,,2026-03-09T05:04:38.085157,
238,32,154,Intermediate,2.4,False,,2025-09-17T05:04:38.085174,
239,32,71,Intermediate,1.8,False,,2026-05-24T05:04:38.085191,
240,32,159,Expert,1.1,True,,2025-08-29T05:04:38.085208,
241,32,12,Expert,4.1,False,Internal Training Course Certification,2026-02-04T05:04:38.085225,
242,32,114,Beginner,7.4,False,Internal Training Course Certification,2026-01-03T05:04:38.085241,
243,33,149,Intermediate,6.2,False,Internal Training Course Certification,2026-05-02T05:04:38.085302,
244,33,39,Intermediate,6.0,True,Internal Training Course Certification,2026-02-20T05:04:38.085322,
245,33,20,Advanced,6.4,True,,2026-07-06T05:04:38.085343,
246,33,127,Advanced,1.8,True,,2026-04-26T05:04:38.085360,
247,33,98,Advanced,5.6,False,,2026-07-14T05:04:38.085377,
248,34,194,Beginner,4.0,False,,2026-05-22T05:04:38.085442,
249,34,178,Beginner,0.9,False,Internal Training Course Certification,2026-01-28T05:04:38.085459,
250,34,52,Beginner,4.6,False,,2026-01-09T05:04:38.085476,
251,34,177,Intermediate,3.7,False,Internal Training Course Certification,2026-03-18T05:04:38.085493,
252,34,115,Intermediate,0.9,False,,2026-02-16T05:04:38.085510,
253,34,104,Expert,3.1,False,Internal Training Course Certification,2026-03-30T05:04:38.085527,
254,34,78,Advanced,4.9,False,Internal Training Course Certification,2025-11-30T05:04:38.085545,
255,34,43,Expert,5.5,True,Internal Training Course Certification,2025-11-27T05:04:38.085560,
256,34,61,Intermediate,3.9,True,,2026-05-24T05:04:38.085576,
257,34,86,Intermediate,2.4,False,,2026-07-27T05:04:38.085592,
258,35,182,Beginner,6.6,True,,2026-04-06T05:04:38.085655,
259,35,115,Beginner,4.7,False,,2026-07-18T05:04:38.085671,
260,35,17,Advanced,5.2,False,,2026-03-28T05:04:38.085688,
261,35,20,Advanced,1.8,False,,2026-04-22T05:04:38.085704,
262,35,52,Expert,2.1,True,Internal Training Course Certification,2025-12-07T05:04:38.085721,
263,35,160,Intermediate,1.8,True,Internal Training Course Certification,2026-07-12T05:04:38.085740,
264,35,87,Intermediate,2.6,False,,2026-03-24T05:04:38.085756,
265,35,151,Expert,7.2,False,Internal Training Course Certification,2026-02-10T05:04:38.085772,
266,36,178,Expert,5.7,False,Internal Training Course Certification,2026-02-10T05:04:38.085842,
267,36,115,Advanced,3.1,False,,2026-01-19T05:04:38.085860,
268,36,96,Advanced,2.0,True,,2026-04-10T05:04:38.085877,
269,36,43,Beginner,7.8,False,,2025-11-29T05:04:38.085893,
270,36,8,Beginner,2.5,False,Internal Training Course Certification,2026-05-25T05:04:38.085914,
271,37,154,Expert,3.1,False,,2025-11-07T05:04:38.085975,
272,37,89,Advanced,3.6,True,,2026-06-30T05:04:38.085993,
273,37,114,Intermediate,3.0,False,,2025-12-04T05:04:38.086009,
274,37,98,Beginner,0.6,False,Internal Training Course Certification,2026-01-24T05:04:38.086027,
275,37,157,Expert,3.7,True,,2026-07-20T05:04:38.086044,
276,37,5,Expert,0.6,True,,2026-03-02T05:04:38.086059,
277,37,39,Advanced,7.5,True,,2026-03-18T05:04:38.086075,
278,37,164,Expert,2.0,False,Internal Training Course Certification,2026-05-16T05:04:38.086091,
279,38,124,Intermediate,6.3,True,,2026-02-26T05:04:38.086150,
280,38,195,Intermediate,8.0,False,,2026-04-23T05:04:38.086167,
281,38,61,Intermediate,1.2,False,Internal Training Course Certification,2025-12-15T05:04:38.086183,
282,38,87,Advanced,5.6,False,Internal Training Course Certification,2026-06-21T05:04:38.086199,
283,38,83,Beginner,7.0,False,Internal Training Course Certification,2026-06-11T05:04:38.086218,
284,39,189,Beginner,4.3,False,Internal Training Course Certification,2025-12-26T05:04:38.086277,
285,39,93,Intermediate,3.4,False,,2025-09-16T05:04:38.086293,
286,39,118,Beginner,5.7,False,Internal Training Course Certification,2025-12-04T05:04:38.086309,
287,39,110,Expert,1.7,False,,2026-02-08T05:04:38.086325,
288,39,155,Expert,6.8,False,,2026-04-30T05:04:38.086341,
289,40,183,Intermediate,4.7,False,Internal Training Course Certification,2025-12-17T05:04:38.086400,
290,40,25,Advanced,7.1,False,,2025-09-09T05:04:38.086417,
291,40,39,Advanced,4.3,False,,2025-10-02T05:04:38.086433,
292,40,149,Advanced,7.3,False,,2025-08-16T05:04:38.086449,
293,40,189,Expert,3.8,False,,2026-03-25T05:04:38.086465,
294,40,159,Intermediate,4.2,True,Internal Training Course Certification,2025-08-28T05:04:38.086481,
295,40,185,Advanced,3.6,True,Internal Training Course Certification,2026-01-01T05:04:38.086499,
296,41,97,Beginner,5.8,False,Internal Training Course Certification,2026-04-14T05:04:38.086560,
297,41,25,Expert,5.1,False,Internal Training Course Certification,2026-07-26T05:04:38.086578,
298,41,5,Expert,5.9,False,,2026-07-17T05:04:38.086594,
299,41,194,Intermediate,4.4,False,,2026-05-02T05:04:38.086610,
300,41,127,Expert,3.1,False,,2026-07-08T05:04:38.086626,
301,41,105,Intermediate,6.9,False,,2025-09-23T05:04:38.086643,
302,41,128,Expert,2.9,False,Internal Training Course Certification,2026-04-29T05:04:38.086661,
303,41,155,Advanced,6.1,False,Internal Training Course Certification,2026-05-01T05:04:38.086678,
304,41,75,Advanced,4.6,False,,2026-03-15T05:04:38.086694,
305,42,83,Beginner,1.2,False,,2025-10-14T05:04:38.086755,
306,42,197,Expert,2.1,True,,2026-05-09T05:04:38.086772,
307,42,18,Intermediate,3.5,True,Internal Training Course Certification,2026-06-22T05:04:38.086789,
308,42,21,Beginner,2.0,True,,2025-11-29T05:04:38.086806,
309,42,143,Expert,6.2,False,,2025-12-16T05:04:38.086822,
310,42,124,Advanced,5.9,False,Internal Training Course Certification,2026-04-13T05:04:38.086839,
311,42,126,Expert,4.7,False,Internal Training Course Certification,2025-08-29T05:04:38.086855,
312,43,139,Expert,2.4,False,,2026-05-12T05:04:38.086918,
313,43,94,Advanced,0.7,True,Internal Training Course Certification,2026-02-27T05:04:38.086935,
314,43,189,Expert,6.6,False,,2026-02-11T05:04:38.086951,
315,43,67,Beginner,3.7,True,,2026-03-15T05:04:38.086967,
316,43,89,Advanced,4.5,True,Internal Training Course Certification,2026-02-25T05:04:38.086983,
317,43,138,Intermediate,3.2,False,,2025-11-22T05:04:38.087001,
318,43,9,Intermediate,5.2,True,,2026-04-10T05:04:38.087017,
319,43,116,Beginner,7.6,False,,2026-05-22T05:04:38.087033,
320,44,74,Advanced,3.4,False,,2026-02-18T05:04:38.087094,
321,44,103,Expert,4.9,True,,2025-11-04T05:04:38.087111,
322,44,122,Expert,1.9,True,,2025-12-07T05:04:38.087130,
323,44,31,Expert,2.6,True,,2025-09-30T05:04:38.087146,
324,44,116,Intermediate,3.2,False,,2026-05-10T05:04:38.087163,
325,44,99,Intermediate,1.0,False,,2025-09-06T05:04:38.087178,
326,44,171,Beginner,2.9,False,Internal Training Course Certification,2025-09-20T05:04:38.087194,
327,45,24,Beginner,2.9,False,,2026-01-07T05:04:38.087254,
328,45,25,Beginner,7.6,False,,2025-12-09T05:04:38.087270,
329,45,195,Intermediate,6.9,False,Internal Training Course Certification,2025-11-05T05:04:38.087286,
330,45,171,Beginner,6.0,False,Internal Training Course Certification,2026-07-25T05:04:38.087302,
331,45,19,Intermediate,1.7,False,Internal Training Course Certification,2025-11-26T05:04:38.087318,
332,45,177,Intermediate,4.4,True,Internal Training Course Certification,2026-02-01T05:04:38.087334,
333,45,57,Expert,3.9,False,,2025-09-15T05:04:38.087350,
334,45,143,Advanced,4.3,False,,2026-02-12T05:04:38.087369,
335,46,135,Advanced,2.1,True,,2025-10-28T05:04:38.087432,
336,46,8,Expert,6.2,True,,2026-02-20T05:04:38.087449,
337,46,124,Expert,7.2,False,,2025-10-03T05:04:38.087465,
338,46,113,Advanced,2.0,False,Internal Training Course Certification,2026-07-16T05:04:38.087481,
339,46,27,Advanced,5.2,True,,2026-05-25T05:04:38.087497,
340,46,93,Intermediate,7.9,False,,2025-10-14T05:04:38.087513,
341,46,186,Beginner,7.8,True,,2026-02-24T05:04:38.087531,
342,46,125,Intermediate,1.5,False,,2025-10-01T05:04:38.087547,
343,46,115,Advanced,1.8,False,Internal Training Course Certification,2025-09-26T05:04:38.087563,
344,46,52,Beginner,5.3,True,Internal Training Course Certification,2025-12-22T05:04:38.087579,
345,47,18,Advanced,5.0,False,Internal Training Course Certification,2026-02-18T05:04:38.087643,
346,47,113,Beginner,4.4,False,,2026-02-15T05:04:38.087660,
347,47,99,Beginner,1.6,True,Internal Training Course Certification,2026-01-21T05:04:38.087676,
348,47,195,Intermediate,6.4,False,,2026-02-28T05:04:38.087692,
349,47,61,Expert,1.0,True,,2026-07-15T05:04:38.087709,
350,47,77,Beginner,7.3,False,Internal Training Course Certification,2026-05-02T05:04:38.087724,
351,47,27,Advanced,4.8,False,,2026-07-22T05:04:38.087740,
352,47,185,Beginner,4.5,True,Internal Training Course Certification,2026-03-11T05:04:38.087756,
353,48,66,Advanced,7.5,True,Internal Training Course Certification,2026-02-23T05:04:38.087822,
354,48,143,Beginner,1.6,False,Internal Training Course Certification,2025-11-10T05:04:38.087839,
355,48,95,Advanced,1.8,False,,2026-02-28T05:04:38.087854,
356,48,189,Expert,7.9,True,Internal Training Course Certification,2025-12-06T05:04:38.087869,
357,48,61,Intermediate,7.1,False,,2026-04-10T05:04:38.087884,
358,49,54,Advanced,4.9,False,Internal Training Course Certification,2026-03-17T05:04:38.088149,
359,49,71,Advanced,4.1,True,Internal Training Course Certification,2025-09-28T05:04:38.088168,
360,49,172,Advanced,5.2,False,,2026-01-08T05:04:38.088184,
361,49,85,Expert,5.0,False,,2025-08-30T05:04:38.088203,
362,49,186,Expert,3.0,False,,2026-05-16T05:04:38.088218,
363,49,3,Intermediate,0.6,False,,2026-02-22T05:04:38.088233,
364,50,118,Beginner,4.5,True,,2025-10-26T05:04:38.088292,
365,50,192,Expert,4.5,True,Internal Training Course Certification,2026-01-28T05:04:38.088308,
366,50,130,Advanced,6.7,True,Internal Training Course Certification,2025-11-01T05:04:38.088322,
367,50,74,Intermediate,2.7,True,Internal Training Course Certification,2025-11-28T05:04:38.088337,
368,50,105,Intermediate,6.4,False,,2026-02-03T05:04:38.088352,
369,50,83,Beginner,6.6,False,,2026-06-22T05:04:38.088367,
370,50,27,Intermediate,7.8,True,Internal Training Course Certification,2026-02-23T05:04:38.088382,
371,50,99,Intermediate,4.4,False,,2025-08-20T05:04:38.088396,
372,51,100,Intermediate,1.9,False,Internal Training Course Certification,2026-05-19T05:04:38.088452,
373,51,121,Expert,4.5,False,,2026-01-16T05:04:38.088467,
374,51,81,Beginner,2.4,False,Internal Training Course Certification,2026-03-06T05:04:38.088481,
375,51,49,Beginner,4.9,True,,2026-05-15T05:04:38.088496,
376,51,182,Expert,5.9,True,Internal Training Course Certification,2026-05-23T05:04:38.088511,
377,51,3,Intermediate,7.1,False,Internal Training Course Certification,2026-05-07T05:04:38.088525,
378,51,149,Expert,2.8,True,,2026-04-06T05:04:38.088539,
379,51,123,Advanced,3.6,False,Internal Training Course Certification,2026-05-30T05:04:38.088554,
380,51,46,Beginner,6.4,False,Internal Training Course Certification,2026-01-24T05:04:38.088571,
381,52,110,Expert,4.3,False,,2026-06-19T05:04:38.088626,
382,52,74,Advanced,4.2,True,Internal Training Course Certification,2026-07-07T05:04:38.088643,
383,52,1,Intermediate,1.3,True,Internal Training Course Certification,2026-03-09T05:04:38.088656,
384,52,103,Expert,3.5,False,Internal Training Course Certification,2026-04-13T05:04:38.088669,
385,52,19,Expert,7.0,False,,2025-12-04T05:04:38.088682,
386,52,97,Expert,3.6,False,,2026-03-16T05:04:38.088695,
387,52,8,Intermediate,3.5,False,,2026-03-21T05:04:38.088708,
388,52,162,Expert,4.8,False,Internal Training Course Certification,2026-02-24T05:04:38.088721,
389,52,21,Expert,3.0,False,Internal Training Course Certification,2026-03-20T05:04:38.088734,
390,53,185,Intermediate,1.5,False,,2026-05-07T05:04:38.088785,
391,53,158,Advanced,1.1,False,,2026-06-03T05:04:38.088798,
392,53,164,Expert,6.0,True,,2026-05-14T05:04:38.088812,
393,53,152,Intermediate,2.4,True,,2025-08-28T05:04:38.088825,
394,53,189,Expert,7.2,False,,2025-11-20T05:04:38.088839,
395,53,95,Intermediate,1.8,True,Internal Training Course Certification,2025-09-03T05:04:38.088852,
396,53,148,Expert,2.3,True,Internal Training Course Certification,2026-01-04T05:04:38.088867,
397,53,19,Beginner,7.2,True,,2026-01-11T05:04:38.088881,
398,53,70,Intermediate,5.3,False,,2026-05-22T05:04:38.088897,
399,53,196,Intermediate,5.7,False,Internal Training Course Certification,2025-12-20T05:04:38.088910,
400,54,78,Advanced,5.1,True,,2026-04-16T05:04:38.088967,
401,54,27,Expert,3.5,False,,2026-03-04T05:04:38.088981,
402,54,173,Intermediate,4.3,False,Internal Training Course Certification,2026-01-06T05:04:38.088994,
403,54,115,Expert,1.6,False,Internal Training Course Certification,2025-08-22T05:04:38.089008,
404,54,195,Advanced,2.3,True,,2026-05-04T05:04:38.089022,
405,54,39,Intermediate,5.7,True,Internal Training Course Certification,2026-02-10T05:04:38.089035,
406,54,183,Beginner,3.3,False,,2026-04-07T05:04:38.089049,
407,54,125,Advanced,1.6,False,Internal Training Course Certification,2025-12-18T05:04:38.089062,
408,54,130,Expert,6.6,False,Internal Training Course Certification,2025-12-26T05:04:38.089075,
409,54,178,Beginner,0.8,True,,2025-12-27T05:04:38.089088,
410,55,20,Advanced,6.8,False,Internal Training Course Certification,2026-01-07T05:04:38.089138,
411,55,177,Advanced,1.5,False,Internal Training Course Certification,2025-10-05T05:04:38.089151,
412,55,105,Expert,7.9,False,Internal Training Course Certification,2026-03-12T05:04:38.089165,
413,55,179,Expert,6.9,False,,2025-12-27T05:04:38.089178,
414,55,25,Advanced,6.1,False,,2026-03-16T05:04:38.089191,
415,55,114,Expert,2.8,True,Internal Training Course Certification,2026-01-23T05:04:38.089204,
416,55,62,Advanced,5.4,True,,2026-03-05T05:04:38.089217,
417,55,41,Beginner,2.9,True,Internal Training Course Certification,2025-12-22T05:04:38.089231,
418,55,83,Intermediate,0.7,True,,2025-11-14T05:04:38.089245,
419,56,152,Intermediate,5.4,False,,2026-03-13T05:04:38.089297,
420,56,14,Intermediate,5.8,False,,2026-06-17T05:04:38.089311,
421,56,119,Intermediate,7.5,False,,2025-08-21T05:04:38.089324,
422,56,151,Intermediate,0.6,True,Internal Training Course Certification,2026-02-11T05:04:38.089338,
423,56,175,Intermediate,6.8,False,Internal Training Course Certification,2025-10-05T05:04:38.089352,
424,56,90,Intermediate,6.6,False,,2026-03-01T05:04:38.089365,
425,56,78,Advanced,7.9,False,,2025-12-13T05:04:38.089378,
426,57,145,Intermediate,3.1,False,Internal Training Course Certification,2026-06-05T05:04:38.089428,
427,57,185,Intermediate,7.4,True,,2025-11-29T05:04:38.089441,
428,57,87,Intermediate,6.2,True,,2026-05-16T05:04:38.089453,
429,57,195,Intermediate,1.7,True,Internal Training Course Certification,2026-07-14T05:04:38.089465,
430,57,41,Beginner,2.9,True,,2025-11-02T05:04:38.089477,
431,57,194,Intermediate,6.9,False,,2026-07-31T05:04:38.089490,
432,57,173,Expert,1.8,False,Internal Training Course Certification,2026-06-01T05:04:38.089502,
433,57,104,Advanced,7.0,True,,2025-12-12T05:04:38.089514,
434,57,97,Beginner,1.8,True,Internal Training Course Certification,2026-01-03T05:04:38.089526,
435,58,78,Beginner,6.4,False,Internal Training Course Certification,2026-04-20T05:04:38.089573,
436,58,118,Expert,4.6,False,,2026-04-25T05:04:38.089586,
437,58,99,Intermediate,3.4,False,Internal Training Course Certification,2025-10-30T05:04:38.089599,
438,58,52,Expert,2.8,False,,2026-02-13T05:04:38.089611,
439,58,135,Expert,0.6,False,,2026-02-13T05:04:38.089627,
440,58,15,Expert,0.8,False,,2026-07-20T05:04:38.089639,
441,58,57,Intermediate,7.9,False,,2026-01-05T05:04:38.089652,
442,59,135,Intermediate,4.9,True,,2025-11-23T05:04:38.089697,
443,59,66,Intermediate,5.7,False,Internal Training Course Certification,2026-04-16T05:04:38.089709,
444,59,163,Expert,7.7,False,Internal Training Course Certification,2026-06-19T05:04:38.089722,
445,59,134,Advanced,2.2,True,,2025-09-19T05:04:38.089735,
446,59,113,Beginner,4.9,False,,2025-10-28T05:04:38.089747,
447,60,93,Advanced,7.3,False,Internal Training Course Certification,2026-05-31T05:04:38.089798,
448,60,43,Advanced,3.9,False,,2025-10-22T05:04:38.089817,
449,60,55,Intermediate,2.9,False,,2025-08-30T05:04:38.089832,
450,60,39,Expert,4.2,True,Internal Training Course Certification,2025-10-10T05:04:38.089844,
451,60,121,Advanced,2.7,False,Internal Training Course Certification,2026-01-26T05:04:38.089857,
452,60,70,Expert,4.2,True,Internal Training Course Certification,2026-05-23T05:04:38.089869,
453,60,162,Beginner,5.4,True,,2025-10-16T05:04:38.089881,
454,60,176,Beginner,1.1,False,Internal Training Course Certification,2026-06-12T05:04:38.089893,
455,60,107,Advanced,1.3,False,,2026-05-03T05:04:38.089906,
456,60,2,Expert,2.0,False,Internal Training Course Certification,2026-06-30T05:04:38.089918,
457,61,95,Beginner,1.5,True,Internal Training Course Certification,2026-04-19T05:04:38.089967,
458,61,126,Intermediate,0.6,False,,2026-05-24T05:04:38.089984,
459,61,45,Beginner,4.3,False,,2026-01-18T05:04:38.089996,
460,61,70,Expert,4.0,True,,2025-09-17T05:04:38.090009,
461,61,33,Advanced,6.9,False,Internal Training Course Certification,2026-01-05T05:04:38.090024,
462,61,56,Intermediate,5.4,False,Internal Training Course Certification,2025-10-24T05:04:38.090039,
463,62,7,Advanced,0.5,False,Internal Training Course Certification,2026-01-30T05:04:38.090088,
464,62,195,Beginner,1.1,True,,2026-04-28T05:04:38.090101,
465,62,194,Expert,3.7,True,Internal Training Course Certification,2026-03-24T05:04:38.090113,
466,62,52,Expert,4.3,False,,2026-04-09T05:04:38.090126,
467,62,9,Expert,4.5,True,Internal Training Course Certification,2026-06-27T05:04:38.090138,
468,62,25,Beginner,3.1,False,Internal Training Course Certification,2026-07-15T05:04:38.090150,
469,62,121,Intermediate,5.3,True,,2025-11-18T05:04:38.090162,
470,62,172,Expert,7.4,True,,2025-12-23T05:04:38.090175,
471,62,173,Advanced,7.8,False,Internal Training Course Certification,2025-12-25T05:04:38.090187,
472,62,97,Expert,6.8,False,,2025-10-18T05:04:38.090199,
473,63,52,Advanced,7.7,False,,2025-10-23T05:04:38.090247,
474,63,105,Beginner,0.6,True,Internal Training Course Certification,2025-09-19T05:04:38.090259,
475,63,109,Beginner,4.9,True,Internal Training Course Certification,2025-10-29T05:04:38.090272,
476,63,33,Expert,3.8,True,Internal Training Course Certification,2026-01-01T05:04:38.090284,
477,63,73,Beginner,6.5,True,,2025-09-27T05:04:38.090297,
478,63,20,Intermediate,3.0,False,,2026-07-18T05:04:38.090311,
479,63,127,Intermediate,4.6,False,Internal Training Course Certification,2026-07-22T05:04:38.090322,
480,63,113,Beginner,4.4,True,,2025-11-22T05:04:38.090334,
481,63,110,Intermediate,4.7,True,,2025-12-15T05:04:38.090346,
482,63,97,Beginner,2.5,True,,2026-05-09T05:04:38.090358,
483,64,90,Advanced,5.7,False,Internal Training Course Certification,2026-03-25T05:04:38.090403,
484,64,20,Beginner,7.7,True,Internal Training Course Certification,2025-09-17T05:04:38.090415,
485,64,169,Advanced,2.6,True,,2025-11-22T05:04:38.090427,
486,64,113,Advanced,6.3,False,,2026-07-29T05:04:38.090439,
487,64,5,Expert,5.3,False,,2025-10-19T05:04:38.090451,
488,64,195,Beginner,5.1,False,Internal Training Course Certification,2025-08-20T05:04:38.090462,
489,65,51,Expert,1.8,True,,2026-01-09T05:04:38.090507,
490,65,129,Intermediate,4.8,True,,2026-07-15T05:04:38.090520,
491,65,173,Beginner,4.0,True,,2025-11-11T05:04:38.090534,
492,65,171,Beginner,6.8,True,,2026-02-04T05:04:38.090546,
493,65,159,Advanced,2.9,False,Internal Training Course Certification,2026-06-03T05:04:38.090558,
494,65,109,Expert,5.2,True,Internal Training Course Certification,2026-01-28T05:04:38.090570,
495,66,194,Advanced,6.3,False,,2025-11-07T05:04:38.090716,
496,66,19,Intermediate,1.3,False,,2026-04-18T05:04:38.090759,
497,66,80,Advanced,3.9,False,,2025-12-29T05:04:38.090790,
498,66,114,Advanced,3.8,True,Internal Training Course Certification,2026-02-23T05:04:38.090809,
499,66,41,Beginner,5.2,True,Internal Training Course Certification,2026-03-04T05:04:38.090829,
500,67,172,Expert,4.1,True,Internal Training Course Certification,2026-02-09T05:04:38.090901,
501,67,125,Intermediate,3.6,True,,2026-01-31T05:04:38.090920,
502,67,186,Advanced,4.8,True,,2025-08-21T05:04:38.090937,
503,67,159,Expert,4.7,False,Internal Training Course Certification,2026-02-03T05:04:38.090953,
504,67,165,Beginner,8.0,True,Internal Training Course Certification,2026-01-01T05:04:38.090970,
505,68,19,Intermediate,5.3,False,Internal Training Course Certification,2025-12-11T05:04:38.091058,
506,68,88,Beginner,7.6,False,Internal Training Course Certification,2026-05-21T05:04:38.091079,
507,68,8,Beginner,2.6,False,,2025-10-21T05:04:38.091096,
508,68,170,Advanced,7.3,False,Internal Training Course Certification,2026-07-26T05:04:38.091112,
509,68,162,Intermediate,6.5,False,,2026-03-07T05:04:38.091129,
510,68,25,Intermediate,4.9,False,,2026-03-10T05:04:38.091146,
511,68,176,Expert,1.7,False,,2026-05-09T05:04:38.091162,
512,69,28,Advanced,5.5,True,,2026-02-06T05:04:38.091224,
513,69,145,Intermediate,3.5,False,Internal Training Course Certification,2025-12-09T05:04:38.091241,
514,69,14,Intermediate,6.4,True,Internal Training Course Certification,2026-07-24T05:04:38.091257,
515,69,36,Beginner,3.3,True,Internal Training Course Certification,2026-03-20T05:04:38.091273,
516,69,41,Advanced,7.3,False,Internal Training Course Certification,2026-02-16T05:04:38.091289,
517,69,173,Beginner,6.7,False,,2026-07-01T05:04:38.091308,
518,70,79,Intermediate,7.5,False,,2026-07-26T05:04:38.091368,
519,70,167,Expert,0.9,True,,2025-08-24T05:04:38.091384,
520,70,8,Beginner,3.3,True,,2025-11-03T05:04:38.091401,
521,70,20,Beginner,4.2,False,Internal Training Course Certification,2026-04-06T05:04:38.091417,
522,70,62,Expert,5.9,False,,2025-11-03T05:04:38.091435,
523,70,11,Beginner,2.1,True,,2025-10-11T05:04:38.091451,
524,71,116,Beginner,0.5,False,,2025-12-20T05:04:38.091517,
525,71,33,Beginner,3.7,True,Internal Training Course Certification,2026-01-29T05:04:38.091534,
526,71,148,Advanced,4.3,True,,2025-12-04T05:04:38.091550,
527,71,103,Expert,1.7,True,,2026-07-15T05:04:38.091566,
528,71,194,Intermediate,3.2,True,,2025-12-10T05:04:38.091581,
529,71,179,Intermediate,7.3,False,Internal Training Course Certification,2026-04-10T05:04:38.091597,
530,71,34,Expert,4.4,False,Internal Training Course Certification,2026-04-22T05:04:38.091613,
531,72,171,Intermediate,1.2,False,,2025-11-25T05:04:38.091673,
532,72,93,Advanced,6.7,True,Internal Training Course Certification,2025-12-21T05:04:38.091689,
533,72,69,Beginner,5.1,False,Internal Training Course Certification,2025-12-17T05:04:38.091705,
534,72,113,Advanced,3.0,True,,2025-09-22T05:04:38.091722,
535,72,134,Expert,3.2,False,Internal Training Course Certification,2026-01-21T05:04:38.091738,
536,72,159,Advanced,4.3,False,,2026-04-01T05:04:38.091756,
537,72,115,Intermediate,1.8,True,Internal Training Course Certification,2026-07-21T05:04:38.091774,
538,72,88,Expert,4.4,False,,2025-12-30T05:04:38.091789,
539,72,43,Advanced,1.4,False,,2025-11-08T05:04:38.091805,
540,73,114,Advanced,7.6,True,Internal Training Course Certification,2025-12-14T05:04:38.091866,
541,73,189,Expert,8.0,False,Internal Training Course Certification,2026-01-06T05:04:38.091881,
542,73,173,Beginner,6.7,False,,2026-02-18T05:04:38.091897,
543,73,143,Intermediate,4.5,False,,2025-10-28T05:04:38.091913,
544,73,83,Intermediate,5.1,True,,2026-07-11T05:04:38.091930,
545,73,177,Expert,0.7,True,,2026-07-30T05:04:38.091945,
546,73,86,Beginner,7.8,True,,2026-02-08T05:04:38.091961,
547,73,24,Expert,5.2,False,,2026-03-25T05:04:38.091977,
548,73,95,Expert,7.2,True,Internal Training Course Certification,2026-06-19T05:04:38.091993,
549,73,115,Advanced,1.6,False,,2026-06-30T05:04:38.092018,
550,74,80,Intermediate,4.6,True,,2025-09-27T05:04:38.092087,
551,74,196,Expert,3.3,False,,2025-11-02T05:04:38.092104,
552,74,182,Expert,5.6,False,,2025-09-09T05:04:38.092120,
553,74,88,Advanced,5.1,False,Internal Training Course Certification,2025-11-19T05:04:38.092136,
554,74,175,Advanced,5.1,False,Internal Training Course Certification,2026-01-01T05:04:38.092153,
555,74,113,Advanced,5.4,False,Internal Training Course Certification,2025-11-04T05:04:38.092169,
556,74,167,Beginner,1.2,True,,2026-01-12T05:04:38.092188,
557,74,11,Expert,6.0,False,,2026-04-01T05:04:38.092204,
558,74,27,Intermediate,2.6,False,,2026-02-04T05:04:38.092220,
559,74,104,Expert,2.9,False,Internal Training Course Certification,2025-09-14T05:04:38.092236,
560,75,171,Advanced,2.3,False,,2026-03-19T05:04:38.092297,
561,75,20,Beginner,6.5,True,,2025-12-27T05:04:38.092315,
562,75,89,Beginner,3.1,True,,2026-01-14T05:04:38.092333,
563,75,189,Beginner,1.5,False,Internal Training Course Certification,2025-09-01T05:04:38.092351,
564,75,70,Expert,4.4,False,Internal Training Course Certification,2025-11-06T05:04:38.092369,
565,75,49,Intermediate,6.1,False,,2026-04-14T05:04:38.092387,
566,75,185,Expert,4.7,False,,2026-04-28T05:04:38.092404,
567,75,117,Beginner,5.8,True,,2026-07-31T05:04:38.092421,
568,76,194,Intermediate,2.7,True,,2026-02-08T05:04:38.092489,
569,76,127,Intermediate,4.3,False,,2026-07-06T05:04:38.092508,
570,76,55,Intermediate,6.4,False,,2025-09-13T05:04:38.092526,
571,76,115,Beginner,0.6,False,,2026-03-18T05:04:38.092544,
572,76,165,Intermediate,1.5,False,,2026-06-30T05:04:38.092561,
573,76,135,Advanced,1.1,False,Internal Training Course Certification,2025-12-11T05:04:38.092579,
574,76,95,Intermediate,2.7,False,Internal Training Course Certification,2025-12-30T05:04:38.092597,
575,76,107,Intermediate,5.6,False,,2025-10-01T05:04:38.092617,
576,76,157,Intermediate,6.6,True,Internal Training Course Certification,2025-12-24T05:04:38.092635,
577,76,186,Beginner,3.8,True,,2026-06-16T05:04:38.092653,
578,77,164,Beginner,0.8,False,,2025-12-21T05:04:38.092720,
579,77,53,Beginner,3.2,True,,2026-07-20T05:04:38.092738,
580,77,19,Beginner,1.6,False,Internal Training Course Certification,2025-10-03T05:04:38.092756,
581,77,117,Intermediate,1.2,False,,2026-06-09T05:04:38.092775,
582,77,157,Intermediate,6.1,True,Internal Training Course Certification,2026-01-06T05:04:38.092791,
583,77,95,Beginner,3.4,True,,2025-12-16T05:04:38.092806,
584,77,192,Beginner,2.4,False,,2026-04-03T05:04:38.092822,
585,77,58,Expert,1.7,False,Internal Training Course Certification,2026-01-19T05:04:38.092841,
586,78,83,Beginner,2.1,True,,2026-06-07T05:04:38.092901,
587,78,33,Expert,3.0,False,,2025-11-07T05:04:38.092917,
588,78,58,Advanced,5.5,False,,2026-02-17T05:04:38.092937,
589,78,155,Intermediate,6.1,True,,2025-08-21T05:04:38.092953,
590,78,41,Intermediate,6.7,False,,2026-03-09T05:04:38.092969,
591,78,53,Expert,5.9,False,,2025-08-19T05:04:38.092985,
592,78,135,Expert,2.8,True,,2025-11-25T05:04:38.093001,
593,78,145,Beginner,1.4,False,,2026-01-17T05:04:38.093024,
594,78,121,Advanced,2.5,False,,2026-05-24T05:04:38.093041,
595,79,148,Expert,0.9,True,,2025-08-23T05:04:38.093108,
596,79,18,Expert,5.1,False,,2025-08-19T05:04:38.093124,
597,79,195,Intermediate,5.0,True,,2025-09-29T05:04:38.093140,
598,79,62,Beginner,7.0,False,,2025-11-24T05:04:38.093157,
599,79,27,Beginner,1.7,False,Internal Training Course Certification,2025-11-26T05:04:38.093173,
600,79,69,Beginner,5.0,False,,2025-09-26T05:04:38.093189,
601,79,182,Beginner,1.2,True,Internal Training Course Certification,2025-11-26T05:04:38.093208,
602,80,39,Intermediate,3.0,True,,2026-07-18T05:04:38.093268,
603,80,85,Advanced,5.9,False,,2025-09-10T05:04:38.093285,
604,80,125,Beginner,3.9,True,,2026-03-03T05:04:38.093301,
605,80,17,Expert,7.8,True,,2026-04-26T05:04:38.093316,
606,80,150,Intermediate,4.1,False,Internal Training Course Certification,2026-06-28T05:04:38.093332,
607,80,15,Advanced,5.9,True,Internal Training Course Certification,2026-03-21T05:04:38.093348,
608,80,194,Intermediate,5.8,True,,2025-10-24T05:04:38.093364,
609,81,88,Expert,3.5,True,,2026-07-08T05:04:38.093424,
610,81,77,Expert,2.2,True,Internal Training Course Certification,2026-05-23T05:04:38.093441,
611,81,158,Advanced,4.5,True,,2025-08-21T05:04:38.093457,
612,81,152,Beginner,3.9,False,,2025-11-12T05:04:38.093473,
613,81,126,Intermediate,6.4,True,,2025-10-08T05:04:38.093489,
614,81,39,Advanced,0.7,False,Internal Training Course Certification,2025-12-11T05:04:38.093508,
615,82,124,Advanced,6.6,False,Internal Training Course Certification,2025-12-29T05:04:38.093567,
616,82,185,Expert,7.9,True,,2026-05-11T05:04:38.093583,
617,82,105,Beginner,7.6,False,Internal Training Course Certification,2025-10-02T05:04:38.093600,
618,82,70,Expert,0.6,False,,2026-07-08T05:04:38.093615,
619,82,178,Expert,4.5,True,Internal Training Course Certification,2026-07-16T05:04:38.093632,
620,82,183,Intermediate,5.3,False,Internal Training Course Certification,2025-11-29T05:04:38.093648,
621,82,200,Beginner,4.7,False,Internal Training Course Certification,2026-03-28T05:04:38.093664,
622,83,81,Advanced,3.9,True,,2026-07-28T05:04:38.093724,
623,83,39,Expert,3.2,True,,2025-11-06T05:04:38.093740,
624,83,25,Expert,0.7,False,Internal Training Course Certification,2025-11-01T05:04:38.093757,
625,83,37,Advanced,5.4,False,,2025-12-12T05:04:38.093772,
626,83,78,Intermediate,7.0,True,Internal Training Course Certification,2026-07-03T05:04:38.093788,
627,83,138,Intermediate,4.0,False,Internal Training Course Certification,2026-07-15T05:04:38.093805,
628,83,177,Beginner,7.0,True,,2025-08-24T05:04:38.093821,
629,84,134,Beginner,1.1,True,,2026-06-04T05:04:38.093881,
630,84,106,Intermediate,5.6,False,,2025-09-25T05:04:38.093898,
631,84,58,Beginner,5.7,True,,2026-07-11T05:04:38.093914,
632,84,74,Beginner,0.7,False,,2026-07-24T05:04:38.093930,
633,84,172,Beginner,2.9,False,,2026-01-27T05:04:38.093945,
634,84,115,Intermediate,5.9,True,,2026-02-28T05:04:38.093964,
635,84,194,Intermediate,4.9,True,Internal Training Course Certification,2026-06-22T05:04:38.093980,
636,85,45,Expert,0.8,False,Internal Training Course Certification,2026-06-04T05:04:38.094050,
637,85,12,Intermediate,3.4,True,,2025-12-21T05:04:38.094068,
638,85,130,Beginner,7.0,False,Internal Training Course Certification,2026-05-02T05:04:38.094084,
639,85,39,Advanced,6.2,False,,2026-07-22T05:04:38.094100,
640,85,143,Beginner,6.2,True,,2026-05-01T05:04:38.094116,
641,85,195,Beginner,6.2,False,Internal Training Course Certification,2026-03-15T05:04:38.094133,
642,85,134,Intermediate,1.9,True,,2026-05-28T05:04:38.094149,
643,86,128,Beginner,0.7,False,Internal Training Course Certification,2026-05-02T05:04:38.094210,
644,86,106,Intermediate,4.3,True,,2025-08-22T05:04:38.094227,
645,86,197,Advanced,6.1,False,,2026-05-20T05:04:38.094243,
646,86,116,Beginner,1.6,False,,2026-05-25T05:04:38.094260,
647,86,58,Intermediate,1.7,True,,2026-01-10T05:04:38.094279,
648,86,159,Intermediate,1.7,False,Internal Training Course Certification,2026-03-20T05:04:38.094295,
649,86,6,Advanced,7.7,True,,2026-02-08T05:04:38.094311,
650,86,11,Advanced,4.6,True,,2026-04-15T05:04:38.094327,
651,87,97,Expert,6.3,True,Internal Training Course Certification,2026-04-16T05:04:38.094387,
652,87,12,Beginner,3.6,False,,2026-05-22T05:04:38.094403,
653,87,156,Intermediate,6.1,True,Internal Training Course Certification,2025-09-12T05:04:38.094427,
654,87,141,Expert,2.8,False,,2025-11-27T05:04:38.094444,
655,87,96,Advanced,2.4,True,Internal Training Course Certification,2025-08-18T05:04:38.094460,
656,87,104,Advanced,7.4,False,Internal Training Course Certification,2025-11-27T05:04:38.094477,
657,87,25,Beginner,1.8,False,Internal Training Course Certification,2026-04-12T05:04:38.094493,
658,88,80,Intermediate,7.4,False,,2025-09-01T05:04:38.094555,
659,88,183,Expert,5.9,False,,2026-07-09T05:04:38.094571,
660,88,56,Intermediate,4.6,False,,2025-09-28T05:04:38.094587,
661,88,175,Expert,4.8,False,Internal Training Course Certification,2025-12-05T05:04:38.094604,
662,88,122,Intermediate,1.9,True,Internal Training Course Certification,2025-08-28T05:04:38.094620,
663,88,108,Expert,2.1,True,,2026-01-27T05:04:38.094636,
664,88,119,Expert,5.4,True,,2025-10-30T05:04:38.094652,
665,88,98,Expert,6.1,False,Internal Training Course Certification,2026-06-07T05:04:38.094668,
666,88,17,Beginner,4.5,False,,2026-01-29T05:04:38.094684,
667,89,115,Expert,7.2,True,,2025-11-14T05:04:38.094744,
668,89,54,Intermediate,7.7,False,Internal Training Course Certification,2025-10-31T05:04:38.094761,
669,89,55,Beginner,7.8,True,,2025-11-05T05:04:38.094777,
670,89,154,Advanced,5.6,True,,2026-01-20T05:04:38.094793,
671,89,196,Beginner,3.7,False,Internal Training Course Certification,2025-10-25T05:04:38.094809,
672,89,98,Expert,8.0,False,Internal Training Course Certification,2026-07-02T05:04:38.094825,
673,89,148,Intermediate,3.2,False,Internal Training Course Certification,2026-01-22T05:04:38.094844,
674,90,90,Advanced,7.8,True,,2026-07-12T05:04:38.094907,
675,90,67,Advanced,3.3,False,,2026-02-17T05:04:38.094923,
676,90,25,Intermediate,0.5,True,Internal Training Course Certification,2025-08-20T05:04:38.094940,
677,90,49,Expert,4.6,True,,2026-07-23T05:04:38.094955,
678,90,83,Intermediate,4.0,False,,2026-05-19T05:04:38.094972,
679,90,138,Expert,3.8,True,Internal Training Course Certification,2025-08-27T05:04:38.094988,
680,90,39,Expert,6.7,False,,2026-05-11T05:04:38.095010,
681,90,156,Expert,6.1,True,Internal Training Course Certification,2025-12-25T05:04:38.095029,
682,90,78,Beginner,6.4,False,Internal Training Course Certification,2026-07-15T05:04:38.095045,
683,90,69,Expert,3.1,False,Internal Training Course Certification,2026-05-27T05:04:38.095060,
684,91,175,Expert,3.4,True,,2026-04-22T05:04:38.095123,
685,91,2,Expert,4.3,False,Internal Training Course Certification,2025-12-31T05:04:38.095140,
686,91,172,Expert,1.9,False,,2026-05-23T05:04:38.095157,
687,91,71,Intermediate,3.2,True,Internal Training Course Certification,2026-06-15T05:04:38.095173,
688,91,178,Intermediate,5.1,True,Internal Training Course Certification,2025-11-30T05:04:38.095189,
689,91,73,Intermediate,6.5,False,Internal Training Course Certification,2026-04-06T05:04:38.095204,
690,92,185,Intermediate,0.6,True,,2026-02-22T05:04:38.095262,
691,92,66,Beginner,1.9,True,Internal Training Course Certification,2026-03-30T05:04:38.095279,
692,92,104,Advanced,2.7,True,Internal Training Course Certification,2025-11-11T05:04:38.095297,
693,92,135,Intermediate,1.2,True,Internal Training Course Certification,2025-08-22T05:04:38.095314,
694,92,43,Beginner,6.7,True,,2025-09-05T05:04:38.095329,
695,93,43,Beginner,1.6,False,,2026-03-13T05:04:38.095389,
696,93,24,Advanced,4.5,True,Internal Training Course Certification,2025-12-07T05:04:38.095405,
697,93,93,Beginner,2.5,False,,2026-04-10T05:04:38.095421,
698,93,117,Beginner,3.9,True,,2025-10-07T05:04:38.095436,
699,93,86,Expert,5.0,True,Internal Training Course Certification,2026-01-16T05:04:38.095453,
700,93,70,Expert,1.1,False,Internal Training Course Certification,2026-05-23T05:04:38.095470,
701,93,197,Advanced,7.4,True,,2025-10-04T05:04:38.095486,
702,94,176,Intermediate,1.1,False,,2026-04-17T05:04:38.095545,
703,94,110,Advanced,6.1,True,,2026-03-24T05:04:38.095564,
704,94,143,Advanced,3.2,True,Internal Training Course Certification,2026-01-14T05:04:38.095581,
705,94,56,Advanced,6.2,False,,2026-07-26T05:04:38.095597,
706,94,8,Expert,5.9,False,,2026-04-11T05:04:38.095613,
707,94,138,Beginner,6.1,False,Internal Training Course Certification,2025-12-21T05:04:38.095628,
708,94,69,Advanced,2.2,False,,2026-04-14T05:04:38.095645,
709,94,86,Expert,5.7,True,,2025-11-13T05:04:38.095660,
710,95,155,Expert,0.5,True,,2025-11-09T05:04:38.095726,
711,95,109,Expert,3.6,False,,2026-02-19T05:04:38.095743,
712,95,33,Expert,4.3,False,,2026-06-17T05:04:38.095762,
713,95,74,Intermediate,5.2,True,,2026-04-12T05:04:38.095779,
714,95,51,Beginner,7.9,False,Internal Training Course Certification,2026-04-11T05:04:38.095795,
715,95,167,Beginner,2.4,False,,2026-03-29T05:04:38.095810,
716,95,172,Beginner,2.0,False,Internal Training Course Certification,2026-07-31T05:04:38.095826,
717,95,2,Intermediate,3.6,True,Internal Training Course Certification,2026-07-09T05:04:38.095847,
718,95,110,Expert,2.4,True,,2026-03-16T05:04:38.095863,
719,96,145,Beginner,6.3,False,,2025-11-22T05:04:38.095924,
720,96,69,Advanced,0.8,True,,2026-01-09T05:04:38.095941,
721,96,176,Intermediate,4.7,True,Internal Training Course Certification,2025-10-13T05:04:38.095957,
722,96,110,Expert,3.0,True,,2025-12-31T05:04:38.095973,
723,96,87,Expert,3.1,False,Internal Training Course Certification,2025-08-16T05:04:38.095988,
724,96,126,Intermediate,1.5,False,Internal Training Course Certification,2025-09-14T05:04:38.096010,
725,96,33,Beginner,5.7,False,Internal Training Course Certification,2026-06-07T05:04:38.096029,
726,96,61,Intermediate,5.1,False,Internal Training Course Certification,2026-03-21T05:04:38.096046,
727,96,200,Expert,4.1,False,,2026-06-10T05:04:38.096062,
728,97,129,Intermediate,1.0,False,Internal Training Course Certification,2026-04-03T05:04:38.096126,
729,97,58,Expert,4.8,False,Internal Training Course Certification,2026-06-29T05:04:38.096143,
730,97,19,Expert,0.7,True,,2026-02-07T05:04:38.096159,
731,97,182,Intermediate,7.4,False,,2026-03-12T05:04:38.096178,
732,97,178,Advanced,6.2,True,,2025-10-03T05:04:38.096194,
733,97,62,Advanced,4.5,True,Internal Training Course Certification,2026-03-11T05:04:38.096211,
734,97,192,Advanced,2.8,True,,2025-10-08T05:04:38.096226,
735,97,113,Expert,7.4,False,Internal Training Course Certification,2025-11-10T05:04:38.096242,
736,97,179,Intermediate,7.3,False,,2026-02-16T05:04:38.096258,
737,97,100,Expert,5.9,False,,2026-05-26T05:04:38.096274,
738,98,138,Advanced,3.9,False,Internal Training Course Certification,2025-10-03T05:04:38.096334,
739,98,129,Expert,3.6,False,Internal Training Course Certification,2025-10-31T05:04:38.096352,
740,98,37,Expert,2.4,False,,2026-03-21T05:04:38.096368,
741,98,25,Intermediate,3.1,True,,2026-02-09T05:04:38.096384,
742,98,1,Intermediate,5.1,True,,2026-03-26T05:04:38.096399,
743,98,114,Intermediate,6.6,False,Internal Training Course Certification,2025-08-28T05:04:38.096416,
744,98,126,Beginner,0.7,True,,2026-05-15T05:04:38.096432,
745,99,143,Advanced,1.5,False,,2026-06-28T05:04:38.096490,
746,99,184,Beginner,7.4,True,,2026-06-23T05:04:38.096508,
747,99,109,Intermediate,4.1,True,,2025-09-26T05:04:38.096524,
748,99,138,Advanced,1.0,True,Internal Training Course Certification,2025-09-28T05:04:38.096540,
749,99,144,Advanced,3.3,False,,2026-04-14T05:04:38.096557,
750,100,75,Expert,7.9,False,Internal Training Course Certification,2026-04-02T05:04:38.096616,
751,100,126,Expert,4.2,True,Internal Training Course Certification,2026-02-03T05:04:38.096636,
752,100,98,Intermediate,7.3,False,,2026-02-25T05:04:38.096652,
753,100,148,Expert,6.2,True,Internal Training Course Certification,2025-08-31T05:04:38.096669,
754,100,47,Intermediate,2.9,False,Internal Training Course Certification,2025-09-08T05:04:38.096688,
755,100,78,Advanced,5.3,True,,2025-12-10T05:04:38.096705,
756,101,185,Beginner,5.0,False,,2025-10-20T05:04:38.096765,
757,101,111,Intermediate,1.3,True,,2026-02-24T05:04:38.096782,
758,101,155,Expert,6.9,False,,2025-09-29T05:04:38.096798,
759,101,109,Advanced,3.8,False,,2025-10-28T05:04:38.096814,
760,101,4,Expert,6.7,True,,2026-03-18T05:04:38.096830,
761,102,98,Advanced,7.4,False,,2026-06-07T05:04:38.096891,
762,102,144,Advanced,2.6,True,,2026-07-11T05:04:38.097019,
763,102,74,Intermediate,0.7,True,Internal Training Course Certification,2026-06-04T05:04:38.097069,
764,102,124,Intermediate,7.4,False,,2025-10-09T05:04:38.097085,
765,102,110,Intermediate,3.1,True,Internal Training Course Certification,2025-10-19T05:04:38.097100,
766,102,114,Advanced,6.7,False,Internal Training Course Certification,2026-05-29T05:04:38.097114,
767,103,33,Advanced,3.9,False,,2025-08-31T05:04:38.097188,
768,103,57,Advanced,2.0,False,,2026-07-01T05:04:38.097203,
769,103,75,Expert,3.4,True,,2026-05-31T05:04:38.097217,
770,103,113,Intermediate,4.4,False,Internal Training Course Certification,2025-10-15T05:04:38.097236,
771,103,177,Expert,2.9,True,,2026-06-21T05:04:38.097250,
772,103,80,Intermediate,6.2,False,,2026-02-06T05:04:38.097267,
773,103,145,Expert,1.2,True,,2026-05-12T05:04:38.097280,
774,103,178,Intermediate,2.1,False,,2026-03-23T05:04:38.097293,
775,103,183,Expert,6.8,True,,2026-06-20T05:04:38.097307,
776,103,61,Intermediate,5.0,True,,2026-05-09T05:04:38.097320,
777,104,197,Advanced,7.6,False,,2026-04-13T05:04:38.097373,
778,104,194,Advanced,0.7,False,,2026-05-02T05:04:38.097388,
779,104,103,Expert,3.4,False,,2026-03-01T05:04:38.097401,
780,104,192,Expert,1.8,False,,2025-10-17T05:04:38.097417,
781,104,17,Expert,2.2,False,Internal Training Course Certification,2026-03-31T05:04:38.097430,
782,104,67,Advanced,5.4,True,Internal Training Course Certification,2026-03-03T05:04:38.097444,
783,104,25,Expert,3.3,True,,2026-06-16T05:04:38.097457,
784,105,43,Intermediate,1.4,True,,2025-11-22T05:04:38.097508,
785,105,177,Intermediate,2.9,False,Internal Training Course Certification,2025-12-01T05:04:38.097523,
786,105,18,Expert,6.0,False,,2025-10-20T05:04:38.097537,
787,105,196,Advanced,1.5,False,Internal Training Course Certification,2026-05-31T05:04:38.097550,
788,105,17,Advanced,2.4,True,,2026-04-09T05:04:38.097564,
789,105,27,Expert,7.3,False,,2026-01-31T05:04:38.097577,
790,105,172,Beginner,5.2,False,,2026-07-16T05:04:38.097592,
791,105,8,Advanced,6.7,False,,2026-02-03T05:04:38.097606,
792,105,61,Intermediate,0.8,False,,2026-01-11T05:04:38.097619,
793,106,35,Expert,3.4,False,,2026-01-06T05:04:38.097670,
794,106,62,Beginner,7.9,False,,2025-11-26T05:04:38.097683,
795,106,159,Advanced,1.4,True,,2026-03-19T05:04:38.097697,
796,106,145,Intermediate,3.6,False,,2025-09-20T05:04:38.097710,
797,106,133,Expert,1.9,False,,2025-10-11T05:04:38.097777,
798,106,189,Intermediate,6.8,False,,2026-05-20T05:04:38.097808,
799,106,193,Advanced,1.5,False,,2025-08-30T05:04:38.097827,
800,106,110,Advanced,2.7,True,,2025-11-11T05:04:38.097845,
801,107,24,Expert,4.5,True,,2025-11-09T05:04:38.097929,
802,107,21,Advanced,6.3,True,,2026-04-15T05:04:38.097947,
803,107,124,Intermediate,3.1,False,Internal Training Course Certification,2026-01-25T05:04:38.097963,
804,107,37,Advanced,6.2,False,,2026-03-18T05:04:38.097984,
805,107,87,Intermediate,6.8,False,,2025-09-06T05:04:38.098000,
806,107,178,Intermediate,1.0,True,,2026-04-11T05:04:38.098030,
807,107,162,Expert,6.6,True,,2026-05-02T05:04:38.098047,
808,107,113,Intermediate,3.1,True,,2025-09-25T05:04:38.098063,
809,107,83,Beginner,2.3,True,,2026-04-07T05:04:38.098082,
810,108,128,Beginner,6.0,False,,2025-09-18T05:04:38.098148,
811,108,126,Advanced,0.8,True,,2026-01-04T05:04:38.098165,
812,108,17,Expert,5.2,False,,2025-09-29T05:04:38.098182,
813,108,138,Beginner,2.9,True,,2026-01-05T05:04:38.098198,
814,108,86,Intermediate,2.6,False,,2026-01-20T05:04:38.098214,
815,108,110,Advanced,4.2,False,,2026-04-17T05:04:38.098231,
816,108,170,Expert,3.7,True,,2025-10-22T05:04:38.098246,
817,109,125,Advanced,2.3,False,Internal Training Course Certification,2025-12-23T05:04:38.098306,
818,109,173,Expert,1.1,True,,2026-05-28T05:04:38.098323,
819,109,126,Advanced,7.7,False,,2025-10-03T05:04:38.098339,
820,109,109,Beginner,2.9,False,,2026-04-04T05:04:38.098355,
821,109,143,Intermediate,4.3,False,,2025-12-22T05:04:38.098372,
822,110,19,Expert,4.5,False,,2026-07-31T05:04:38.098434,
823,110,69,Intermediate,3.3,False,,2026-02-25T05:04:38.098451,
824,110,115,Beginner,2.7,False,,2025-11-22T05:04:38.098468,
825,110,31,Intermediate,5.1,True,Internal Training Course Certification,2026-03-29T05:04:38.098485,
826,110,103,Advanced,1.6,True,Internal Training Course Certification,2026-03-29T05:04:38.098502,
827,110,133,Advanced,2.4,True,,2026-07-30T05:04:38.098519,
828,110,66,Beginner,3.9,False,Internal Training Course Certification,2025-08-25T05:04:38.098536,
829,110,189,Beginner,2.1,True,,2026-04-04T05:04:38.098556,
830,110,86,Advanced,2.5,True,,2026-05-08T05:04:38.098573,
831,110,37,Advanced,5.6,False,Internal Training Course Certification,2026-04-10T05:04:38.098634,
832,111,149,Beginner,4.1,True,,2026-07-16T05:04:38.098746,
833,111,182,Advanced,0.6,True,Internal Training Course Certification,2025-12-28T05:04:38.098799,
834,111,111,Advanced,7.0,True,,2026-06-03T05:04:38.098828,
835,111,69,Advanced,4.4,False,,2026-04-15T05:04:38.098846,
836,111,177,Beginner,1.2,True,,2026-05-25T05:04:38.098861,
837,111,148,Intermediate,7.7,False,Internal Training Course Certification,2025-12-27T05:04:38.098875,
838,112,127,Beginner,2.2,False,Internal Training Course Certification,2025-10-19T05:04:38.098986,
839,112,62,Intermediate,3.3,False,,2025-12-16T05:04:38.099005,
840,112,110,Beginner,1.0,False,,2026-05-15T05:04:38.099020,
841,112,39,Intermediate,2.6,False,Internal Training Course Certification,2026-04-23T05:04:38.099034,
842,112,105,Beginner,6.8,False,,2026-06-17T05:04:38.099049,
843,112,18,Expert,7.8,True,,2026-04-05T05:04:38.099081,
844,113,122,Advanced,5.6,True,,2026-05-29T05:04:38.099145,
845,113,142,Advanced,6.1,False,,2025-10-21T05:04:38.099160,
846,113,16,Intermediate,1.0,True,,2026-02-09T05:04:38.099175,
847,113,145,Advanced,4.3,True,Internal Training Course Certification,2025-09-09T05:04:38.099190,
848,113,177,Beginner,4.5,False,Internal Training Course Certification,2025-09-28T05:04:38.099206,
849,113,164,Expert,2.8,True,,2026-04-05T05:04:38.099220,
850,113,47,Beginner,0.8,True,Internal Training Course Certification,2025-09-24T05:04:38.099234,
851,113,31,Intermediate,2.7,False,Internal Training Course Certification,2025-08-23T05:04:38.099247,
852,113,158,Beginner,1.4,False,,2025-11-21T05:04:38.099260,
853,113,108,Expert,2.6,False,,2026-04-05T05:04:38.099274,
854,114,75,Expert,5.4,False,,2025-09-10T05:04:38.099325,
855,114,149,Advanced,4.6,False,Internal Training Course Certification,2026-07-05T05:04:38.099339,
856,114,8,Expert,1.6,False,,2025-11-24T05:04:38.099352,
857,114,56,Advanced,6.4,True,,2025-08-24T05:04:38.099369,
858,114,110,Intermediate,3.8,True,,2025-08-21T05:04:38.099383,
859,114,20,Expert,2.7,True,,2025-12-05T05:04:38.099397,
860,114,165,Advanced,5.4,False,Internal Training Course Certification,2025-12-22T05:04:38.099410,
861,115,74,Expert,5.8,True,,2026-06-30T05:04:38.099461,
862,115,176,Beginner,5.7,False,Internal Training Course Certification,2026-06-02T05:04:38.099475,
863,115,105,Intermediate,6.3,False,,2026-01-17T05:04:38.099489,
864,115,178,Intermediate,0.8,True,,2026-07-29T05:04:38.099502,
865,115,189,Advanced,3.6,True,,2026-03-19T05:04:38.099515,
866,115,85,Beginner,3.4,True,,2025-12-21T05:04:38.099530,
867,115,139,Beginner,1.8,True,,2026-02-11T05:04:38.099543,
868,115,124,Advanced,5.6,True,,2025-11-15T05:04:38.099558,
869,116,24,Intermediate,2.9,False,Internal Training Course Certification,2025-12-06T05:04:38.099609,
870,116,113,Intermediate,2.3,False,,2026-06-27T05:04:38.099622,
871,116,83,Beginner,3.6,False,,2026-05-01T05:04:38.099636,
872,116,69,Expert,2.1,False,,2025-10-20T05:04:38.099649,
873,116,74,Advanced,3.5,True,,2025-08-26T05:04:38.099663,
874,117,172,Intermediate,7.9,True,,2025-12-17T05:04:38.099711,
875,117,61,Beginner,5.3,False,Internal Training Course Certification,2025-12-31T05:04:38.099725,
876,117,127,Intermediate,1.7,False,Internal Training Course Certification,2025-09-28T05:04:38.099738,
877,117,194,Intermediate,6.2,True,Internal Training Course Certification,2026-03-31T05:04:38.099752,
878,117,157,Advanced,6.7,True,,2025-10-11T05:04:38.099765,
879,118,172,Intermediate,6.0,False,,2026-05-22T05:04:38.099814,
880,118,93,Advanced,2.0,True,,2026-07-19T05:04:38.099828,
881,118,115,Beginner,5.8,False,Internal Training Course Certification,2026-05-12T05:04:38.099841,
882,118,43,Intermediate,1.1,True,,2026-04-29T05:04:38.099854,
883,118,152,Beginner,5.4,False,Internal Training Course Certification,2026-01-23T05:04:38.099868,
884,118,171,Beginner,2.6,True,,2025-08-18T05:04:38.099881,
885,119,177,Intermediate,5.6,False,,2026-02-10T05:04:38.099932,
886,119,200,Beginner,5.5,False,,2026-04-26T05:04:38.099946,
887,119,113,Expert,2.4,True,Internal Training Course Certification,2025-11-23T05:04:38.099963,
888,119,97,Beginner,1.9,False,,2026-04-07T05:04:38.099975,
889,119,46,Intermediate,5.6,True,,2025-11-22T05:04:38.099987,
890,119,83,Expert,1.1,False,,2025-08-16T05:04:38.099999,
891,119,89,Expert,4.9,True,Internal Training Course Certification,2026-01-12T05:04:38.100011,
892,119,194,Expert,5.4,False,,2026-05-25T05:04:38.100023,
893,120,45,Beginner,7.4,False,Internal Training Course Certification,2025-12-02T05:04:38.100071,
894,120,43,Beginner,6.9,False,Internal Training Course Certification,2026-03-12T05:04:38.100083,
895,120,54,Intermediate,7.8,True,,2026-07-15T05:04:38.100096,
896,120,94,Expert,5.3,True,Internal Training Course Certification,2026-05-28T05:04:38.100108,
897,120,78,Expert,6.0,True,,2026-02-20T05:04:38.100120,
898,121,163,Intermediate,5.5,False,Internal Training Course Certification,2026-02-03T05:04:38.100164,
899,121,39,Expert,4.8,True,,2026-02-27T05:04:38.100176,
900,121,111,Intermediate,7.6,True,Internal Training Course Certification,2026-06-12T05:04:38.100197,
901,121,159,Expert,5.9,True,Internal Training Course Certification,2025-12-09T05:04:38.100212,
902,121,11,Advanced,5.6,False,,2026-05-23T05:04:38.100224,
903,121,52,Intermediate,3.1,False,,2025-11-14T05:04:38.100236,
904,122,117,Beginner,7.6,True,,2026-04-10T05:04:38.100285,
905,122,62,Advanced,5.1,False,Internal Training Course Certification,2026-07-15T05:04:38.100298,
906,122,185,Advanced,7.9,True,,2025-08-18T05:04:38.100313,
907,122,177,Intermediate,1.8,True,Internal Training Course Certification,2025-12-04T05:04:38.100331,
908,122,156,Intermediate,1.2,False,,2025-10-12T05:04:38.100343,
909,122,90,Advanced,5.1,True,,2026-02-14T05:04:38.100355,
910,122,61,Expert,6.5,False,,2026-06-25T05:04:38.100367,
911,122,113,Expert,4.1,False,,2026-01-13T05:04:38.100379,
912,122,164,Intermediate,1.6,False,,2026-05-25T05:04:38.100391,
913,122,24,Advanced,4.5,False,Internal Training Course Certification,2025-11-13T05:04:38.100403,
914,123,11,Advanced,7.7,True,,2025-12-23T05:04:38.100447,
915,123,17,Intermediate,1.1,False,,2025-10-01T05:04:38.100460,
916,123,157,Expert,2.6,False,,2026-07-30T05:04:38.100472,
917,123,33,Beginner,0.9,False,,2026-06-04T05:04:38.100484,
918,123,167,Advanced,1.9,False,,2026-06-10T05:04:38.100496,
919,124,20,Expert,7.6,True,Internal Training Course Certification,2026-01-30T05:04:38.100540,
920,124,198,Expert,4.7,True,,2026-05-19T05:04:38.100553,
921,124,131,Intermediate,3.0,True,Internal Training Course Certification,2026-01-06T05:04:38.100565,
922,124,78,Expert,3.3,False,,2026-06-26T05:04:38.100576,
923,124,31,Intermediate,4.8,False,,2025-10-03T05:04:38.100588,
924,125,52,Beginner,3.3,True,Internal Training Course Certification,2026-05-04T05:04:38.100634,
925,125,116,Expert,4.7,False,,2026-06-13T05:04:38.100646,
926,125,21,Advanced,5.0,False,,2025-12-15T05:04:38.100661,
927,125,54,Expert,4.3,False,,2026-05-02T05:04:38.100673,
928,125,169,Expert,7.0,True,,2025-12-22T05:04:38.100685,
929,125,165,Intermediate,6.3,True,,2026-01-30T05:04:38.100697,
930,125,11,Intermediate,2.2,False,,2025-10-16T05:04:38.100710,
931,126,160,Expert,4.4,True,Internal Training Course Certification,2025-12-01T05:04:38.100755,
932,126,41,Intermediate,1.7,True,,2025-12-11T05:04:38.100767,
933,126,15,Intermediate,3.5,True,Internal Training Course Certification,2026-07-11T05:04:38.100779,
934,126,186,Beginner,0.7,True,Internal Training Course Certification,2026-03-23T05:04:38.100791,
935,126,192,Advanced,5.4,False,Internal Training Course Certification,2026-01-26T05:04:38.100803,
936,126,105,Expert,5.1,False,,2026-02-10T05:04:38.100815,
937,126,78,Expert,6.3,False,Internal Training Course Certification,2026-06-06T05:04:38.100827,
938,126,138,Intermediate,6.5,True,,2025-11-28T05:04:38.100839,
939,126,189,Advanced,4.8,False,,2026-01-03T05:04:38.100851,
940,127,9,Beginner,2.1,False,,2025-09-25T05:04:38.100895,
941,127,157,Expert,7.5,True,,2026-02-02T05:04:38.100908,
942,127,67,Expert,2.9,True,Internal Training Course Certification,2026-04-01T05:04:38.100920,
943,127,97,Expert,7.4,False,,2026-07-04T05:04:38.100932,
944,127,45,Intermediate,4.5,True,Internal Training Course Certification,2026-03-27T05:04:38.100944,
945,127,87,Expert,4.6,True,Internal Training Course Certification,2025-11-03T05:04:38.100957,
946,127,62,Intermediate,7.6,True,,2025-11-02T05:04:38.100972,
947,128,127,Advanced,7.8,False,,2026-04-30T05:04:38.101017,
948,128,43,Beginner,1.1,True,,2025-09-19T05:04:38.101030,
949,128,142,Expert,4.1,True,Internal Training Course Certification,2026-01-02T05:04:38.101042,
950,128,70,Beginner,5.7,False,,2025-10-29T05:04:38.101055,
951,128,99,Advanced,5.5,False,,2026-06-10T05:04:38.101067,
952,128,189,Expert,1.9,True,,2026-01-30T05:04:38.101079,
953,128,140,Advanced,2.5,False,Internal Training Course Certification,2026-04-03T05:04:38.101091,
954,129,125,Beginner,6.0,False,,2025-11-13T05:04:38.101138,
955,129,56,Advanced,3.1,False,,2026-03-26T05:04:38.101150,
956,129,97,Beginner,5.4,False,,2025-10-25T05:04:38.101162,
957,129,17,Expert,5.7,True,Internal Training Course Certification,2026-04-19T05:04:38.101176,
958,129,87,Beginner,2.9,False,,2026-01-22T05:04:38.101193,
959,129,9,Advanced,6.9,False,Internal Training Course Certification,2026-04-13T05:04:38.101203,
960,129,169,Expert,5.2,False,,2026-06-28T05:04:38.101214,
961,129,21,Advanced,1.7,True,,2025-08-18T05:04:38.101225,
962,129,141,Advanced,1.0,False,Internal Training Course Certification,2026-05-29T05:04:38.101235,
963,129,145,Beginner,1.3,False,Internal Training Course Certification,2025-10-10T05:04:38.101246,
964,130,73,Expert,2.5,False,,2026-05-24T05:04:38.101286,
965,130,97,Expert,1.1,False,,2026-06-12T05:04:38.101299,
966,130,33,Beginner,7.1,True,Internal Training Course Certification,2026-03-28T05:04:38.101310,
967,130,18,Beginner,4.3,False,,2025-12-17T05:04:38.101321,
968,130,27,Expert,0.6,False,Internal Training Course Certification,2025-12-19T05:04:38.101332,
969,131,141,Expert,2.4,True,,2025-11-05T05:04:38.101374,
970,131,83,Advanced,3.3,False,,2026-07-02T05:04:38.101385,
971,131,44,Expert,1.5,False,,2026-02-11T05:04:38.101396,
972,131,49,Beginner,2.6,True,Internal Training Course Certification,2025-10-05T05:04:38.101410,
973,131,37,Expert,6.4,True,Internal Training Course Certification,2026-03-04T05:04:38.101422,
974,131,110,Beginner,6.8,False,,2026-05-17T05:04:38.101434,
975,131,81,Expert,1.0,False,Internal Training Course Certification,2026-05-06T05:04:38.101445,
976,131,51,Expert,3.4,False,,2026-04-19T05:04:38.101455,
977,131,78,Beginner,1.5,False,Internal Training Course Certification,2026-03-18T05:04:38.101466,
978,131,145,Intermediate,5.4,True,,2026-02-20T05:04:38.101477,
979,132,106,Intermediate,1.2,False,,2026-04-10T05:04:38.101516,
980,132,3,Intermediate,4.8,False,Internal Training Course Certification,2026-05-13T05:04:38.101528,
981,132,19,Advanced,2.6,False,Internal Training Course Certification,2026-06-01T05:04:38.101539,
982,132,165,Intermediate,5.9,False,,2026-01-25T05:04:38.101549,
983,132,96,Intermediate,7.8,False,,2026-03-08T05:04:38.101560,
984,132,88,Advanced,5.3,False,Internal Training Course Certification,2026-06-23T05:04:38.101571,
985,133,182,Expert,6.5,True,,2026-03-19T05:04:38.101616,
986,133,127,Expert,7.4,False,,2025-11-05T05:04:38.101627,
987,133,31,Beginner,1.8,False,Internal Training Course Certification,2025-10-16T05:04:38.101638,
988,133,178,Advanced,6.4,True,,2025-10-02T05:04:38.101649,
989,133,200,Expert,7.8,False,Internal Training Course Certification,2025-10-17T05:04:38.101660,
990,133,152,Beginner,7.4,False,,2026-06-29T05:04:38.101670,
991,133,41,Beginner,1.3,False,,2026-06-16T05:04:38.101681,
992,133,155,Advanced,8.0,True,,2026-01-13T05:04:38.101692,
993,133,95,Intermediate,3.1,True,,2026-05-31T05:04:38.101703,
994,133,139,Advanced,7.6,True,,2025-10-04T05:04:38.101713,
995,134,162,Advanced,3.6,True,,2026-06-25T05:04:38.101755,
996,134,104,Beginner,5.4,False,,2025-10-30T05:04:38.101766,
997,134,95,Advanced,6.1,False,,2026-05-20T05:04:38.101777,
998,134,130,Beginner,3.9,True,Internal Training Course Certification,2025-09-15T05:04:38.101788,
999,134,58,Intermediate,5.7,False,,2025-08-27T05:04:38.101799,
1000,134,54,Intermediate,1.0,True,,2026-04-30T05:04:38.101811,
1001,135,116,Intermediate,2.8,False,Internal Training Course Certification,2025-11-28T05:04:38.101853,
1002,135,142,Beginner,2.0,True,,2025-09-13T05:04:38.101864,
1003,135,38,Beginner,1.2,False,Internal Training Course Certification,2026-01-28T05:04:38.101875,
1004,135,85,Expert,6.0,True,,2026-01-03T05:04:38.101888,
1005,135,158,Advanced,3.8,True,Internal Training Course Certification,2025-11-16T05:04:38.101899,
1006,135,175,Beginner,1.4,False,,2025-12-17T05:04:38.101910,
1007,135,131,Intermediate,6.5,False,,2025-10-07T05:04:38.101921,
1008,136,160,Expert,7.1,False,Internal Training Course Certification,2025-09-03T05:04:38.101965,
1009,136,95,Expert,2.8,True,Internal Training Course Certification,2026-02-24T05:04:38.101978,
1010,136,85,Advanced,6.4,True,Internal Training Course Certification,2025-11-25T05:04:38.101989,
1011,136,41,Advanced,3.8,False,,2026-05-06T05:04:38.102000,
1012,136,196,Beginner,3.3,False,Internal Training Course Certification,2026-07-18T05:04:38.102011,
1013,137,19,Expert,2.9,True,,2026-05-30T05:04:38.102054,
1014,137,200,Advanced,4.7,False,,2025-12-08T05:04:38.102065,
1015,137,115,Expert,6.1,False,Internal Training Course Certification,2025-11-01T05:04:38.102076,
1016,137,139,Expert,3.7,True,Internal Training Course Certification,2025-12-04T05:04:38.102087,
1017,137,17,Beginner,0.7,True,Internal Training Course Certification,2026-03-16T05:04:38.102098,
1018,137,127,Intermediate,6.6,False,,2026-03-14T05:04:38.102108,
1019,137,186,Advanced,5.2,False,,2026-05-08T05:04:38.102119,
1020,137,66,Advanced,4.2,False,Internal Training Course Certification,2025-11-16T05:04:38.102131,
1021,137,192,Beginner,0.5,False,Internal Training Course Certification,2026-06-23T05:04:38.102144,
1022,138,175,Advanced,2.9,True,,2025-09-01T05:04:38.102186,
1023,138,69,Advanced,2.4,False,Internal Training Course Certification,2026-04-05T05:04:38.102203,
1024,138,111,Expert,7.4,True,,2026-03-12T05:04:38.102218,
1025,138,96,Beginner,4.8,True,Internal Training Course Certification,2025-09-24T05:04:38.102228,
1026,138,105,Beginner,5.8,True,Internal Training Course Certification,2026-04-21T05:04:38.102241,
1027,138,11,Expert,4.5,False,,2025-12-05T05:04:38.102252,
1028,138,179,Beginner,2.1,True,Internal Training Course Certification,2026-03-04T05:04:38.102262,
1029,138,125,Expert,4.8,False,,2026-01-03T05:04:38.102272,
1030,139,87,Advanced,7.3,False,Internal Training Course Certification,2026-07-06T05:04:38.102314,
1031,139,2,Intermediate,4.8,False,,2026-03-16T05:04:38.102324,
1032,139,124,Advanced,4.4,True,,2026-06-30T05:04:38.102334,
1033,139,110,Advanced,3.2,False,Internal Training Course Certification,2025-12-04T05:04:38.102344,
1034,139,196,Beginner,3.8,True,,2026-03-28T05:04:38.102355,
1035,139,186,Expert,2.9,True,,2026-06-17T05:04:38.102365,
1036,139,83,Intermediate,4.1,False,,2025-09-19T05:04:38.102374,
1037,140,80,Advanced,1.2,False,,2025-12-25T05:04:38.102411,
1038,140,117,Beginner,4.7,False,,2025-10-03T05:04:38.102421,
1039,140,184,Expert,6.8,False,,2025-10-23T05:04:38.102431,
1040,140,145,Beginner,5.3,True,,2026-01-11T05:04:38.102441,
1041,140,37,Advanced,3.0,True,,2026-03-04T05:04:38.102451,
1042,140,97,Beginner,3.3,True,,2025-12-17T05:04:38.102461,
1043,140,46,Intermediate,7.3,False,,2026-03-05T05:04:38.102472,
1044,140,113,Intermediate,7.9,True,Internal Training Course Certification,2025-10-25T05:04:38.102482,
1045,140,85,Beginner,4.5,False,,2026-07-04T05:04:38.102492,
1046,141,98,Advanced,5.0,False,,2026-04-02T05:04:38.102526,
1047,141,155,Intermediate,1.7,False,,2025-12-13T05:04:38.102536,
1048,141,93,Intermediate,4.1,True,,2025-11-13T05:04:38.102546,
1049,141,85,Advanced,1.4,False,,2025-09-29T05:04:38.102556,
1050,141,43,Intermediate,6.0,True,Internal Training Course Certification,2026-03-25T05:04:38.102566,
1051,142,56,Expert,1.4,False,,2025-11-26T05:04:38.102602,
1052,142,182,Beginner,4.3,True,,2026-01-10T05:04:38.102612,
1053,142,90,Expert,7.7,True,,2026-01-19T05:04:38.102621,
1054,142,177,Beginner,3.4,False,Internal Training Course Certification,2026-02-26T05:04:38.102631,
1055,142,134,Advanced,2.2,False,,2026-06-18T05:04:38.102641,
1056,143,19,Intermediate,2.5,True,Internal Training Course Certification,2025-11-14T05:04:38.102677,
1057,143,175,Intermediate,4.6,True,Internal Training Course Certification,2026-06-26T05:04:38.102687,
1058,143,2,Intermediate,5.8,False,,2026-03-26T05:04:38.102697,
1059,143,138,Beginner,6.5,False,Internal Training Course Certification,2026-06-11T05:04:38.102707,
1060,143,1,Expert,2.7,True,,2026-06-13T05:04:38.102719,
1061,143,124,Intermediate,2.4,True,,2025-10-24T05:04:38.102729,
1062,143,84,Advanced,3.3,False,,2025-12-13T05:04:38.102739,
1063,143,185,Beginner,2.0,False,,2026-03-04T05:04:38.102750,
1064,143,53,Intermediate,1.3,False,,2025-09-29T05:04:38.102760,
1065,144,45,Advanced,3.6,False,,2025-08-20T05:04:38.102796,
1066,144,84,Intermediate,1.3,False,,2026-05-16T05:04:38.102806,
1067,144,7,Expert,7.3,True,Internal Training Course Certification,2025-12-04T05:04:38.102816,
1068,144,37,Expert,1.2,False,,2026-07-26T05:04:38.102826,
1069,144,20,Intermediate,2.5,False,Internal Training Course Certification,2026-02-12T05:04:38.102835,
1070,145,78,Advanced,7.8,False,,2025-09-30T05:04:38.102871,
1071,145,27,Beginner,0.6,True,,2026-02-14T05:04:38.102881,
1072,145,116,Beginner,6.4,False,,2026-05-28T05:04:38.102891,
1073,145,183,Advanced,7.4,False,Internal Training Course Certification,2026-01-31T05:04:38.102900,
1074,145,119,Expert,6.4,False,,2026-05-30T05:04:38.102910,
1075,145,104,Beginner,5.6,True,Internal Training Course Certification,2025-10-04T05:04:38.102920,
1076,146,78,Beginner,2.4,False,,2026-07-30T05:04:38.102954,
1077,146,159,Intermediate,7.2,False,,2026-04-20T05:04:38.102964,
1078,146,114,Intermediate,3.2,True,,2026-02-02T05:04:38.102973,
1079,146,75,Advanced,6.5,False,,2026-07-19T05:04:38.102983,
1080,146,200,Advanced,0.5,False,,2026-06-13T05:04:38.102993,
1081,147,200,Beginner,2.5,True,,2026-05-18T05:04:38.103028,
1082,147,93,Advanced,6.3,False,,2026-07-22T05:04:38.103040,
1083,147,25,Expert,0.6,True,,2026-02-26T05:04:38.103052,
1084,147,111,Intermediate,1.4,True,Internal Training Course Certification,2026-04-17T05:04:38.103062,
1085,147,8,Expert,4.7,False,Internal Training Course Certification,2026-04-30T05:04:38.103072,
1086,147,135,Expert,5.8,True,Internal Training Course Certification,2025-10-03T05:04:38.103082,
1087,148,56,Intermediate,6.0,False,,2026-03-24T05:04:38.103118,
1088,148,127,Expert,5.8,False,Internal Training Course Certification,2026-03-14T05:04:38.103127,
1089,148,167,Expert,3.3,True,,2025-10-13T05:04:38.103137,
1090,148,34,Advanced,3.1,False,Internal Training Course Certification,2026-05-01T05:04:38.103146,
1091,148,12,Intermediate,4.0,True,,2025-08-18T05:04:38.103155,
1092,148,129,Intermediate,1.5,True,Internal Training Course Certification,2026-03-17T05:04:38.103164,
1093,148,121,Expert,7.7,False,,2025-11-17T05:04:38.103173,
1094,149,171,Advanced,2.8,True,,2025-12-22T05:04:38.103205,
1095,149,1,Beginner,5.6,False,Internal Training Course Certification,2025-10-07T05:04:38.103214,
1096,149,196,Expert,4.5,True,,2025-11-30T05:04:38.103223,
1097,149,157,Advanced,6.8,True,Internal Training Course Certification,2026-01-30T05:04:38.103233,
1098,149,79,Advanced,2.2,False,,2025-11-01T05:04:38.103241,
1099,150,93,Beginner,2.3,False,,2025-08-15T05:04:38.103276,
1100,150,25,Advanced,6.1,True,Internal Training Course Certification,2025-09-18T05:04:38.103286,
1101,150,114,Intermediate,6.4,False,Internal Training Course Certification,2025-12-08T05:04:38.103295,
1102,150,172,Advanced,5.5,False,,2026-05-17T05:04:38.103306,
1103,150,115,Beginner,7.8,True,,2026-02-10T05:04:38.103315,
1104,150,173,Intermediate,4.8,False,,2025-12-13T05:04:38.103324,
1105,150,88,Beginner,5.2,True,,2026-07-24T05:04:38.103334,
1106,150,24,Expert,2.5,False,,2026-01-15T05:04:38.103343,
1107,150,78,Advanced,8.0,False,,2025-08-17T05:04:38.103351,
1108,151,165,Beginner,6.7,False,Internal Training Course Certification,2026-06-13T05:04:38.103384,
1109,151,105,Intermediate,6.9,False,,2025-12-29T05:04:38.103394,
1110,151,173,Beginner,3.6,False,,2026-07-27T05:04:38.103403,
1111,151,145,Intermediate,0.6,False,Internal Training Course Certification,2025-11-05T05:04:38.103414,
1112,151,57,Advanced,7.5,True,,2026-03-08T05:04:38.103423,
1113,152,183,Intermediate,7.7,False,Internal Training Course Certification,2026-03-21T05:04:38.103461,
1114,152,176,Intermediate,5.9,False,,2026-04-27T05:04:38.103470,
1115,152,173,Advanced,1.2,True,,2026-04-06T05:04:38.103480,
1116,152,105,Beginner,7.1,False,Internal Training Course Certification,2026-01-04T05:04:38.103489,
1117,152,115,Expert,7.6,False,,2026-04-09T05:04:38.103498,
1118,152,104,Expert,7.8,True,,2026-02-21T05:04:38.103507,
1119,153,78,Advanced,4.9,True,Internal Training Course Certification,2026-06-10T05:04:38.103541,
1120,153,62,Advanced,3.4,True,Internal Training Course Certification,2026-03-22T05:04:38.103551,
1121,153,195,Expert,1.3,True,,2025-10-18T05:04:38.103562,
1122,153,96,Expert,5.1,True,Internal Training Course Certification,2025-11-02T05:04:38.103571,
1123,153,111,Beginner,2.9,False,,2026-01-26T05:04:38.103580,
1124,153,47,Intermediate,4.4,True,Internal Training Course Certification,2025-09-04T05:04:38.103589,
1125,153,138,Expert,2.2,False,Internal Training Course Certification,2026-01-04T05:04:38.103598,
1126,154,69,Expert,5.2,True,Internal Training Course Certification,2025-11-06T05:04:38.103634,
1127,154,34,Intermediate,3.0,False,Internal Training Course Certification,2025-09-01T05:04:38.103643,
1128,154,37,Advanced,6.4,False,Internal Training Course Certification,2026-07-26T05:04:38.103652,
1129,154,66,Expert,7.8,False,Internal Training Course Certification,2025-09-10T05:04:38.103662,
1130,154,6,Beginner,2.9,False,,2026-04-06T05:04:38.103671,
1131,154,79,Advanced,3.8,True,,2026-01-01T05:04:38.103680,
1132,154,11,Intermediate,5.9,False,,2025-12-19T05:04:38.103689,
1133,154,90,Beginner,2.1,False,,2025-12-01T05:04:38.103698,
1134,154,176,Expert,7.2,True,,2026-02-08T05:04:38.103707,
1135,154,149,Expert,7.0,True,Internal Training Course Certification,2025-09-04T05:04:38.103716,
1136,155,182,Beginner,3.1,False,Internal Training Course Certification,2026-04-20T05:04:38.103753,
1137,155,184,Intermediate,2.4,False,,2025-11-12T05:04:38.103762,
1138,155,124,Expert,6.7,True,Internal Training Course Certification,2026-07-20T05:04:38.103772,
1139,155,110,Advanced,2.5,True,,2026-07-02T05:04:38.103781,
1140,155,18,Beginner,1.6,False,,2026-03-27T05:04:38.103790,
1141,155,70,Expert,4.1,False,,2025-12-09T05:04:38.103801,
1142,155,27,Expert,6.5,False,,2026-04-19T05:04:38.103811,
1143,155,34,Beginner,6.9,True,,2025-08-22T05:04:38.103820,
1144,155,41,Expert,4.1,False,,2025-10-03T05:04:38.103831,
1145,155,88,Beginner,6.8,False,,2025-10-19T05:04:38.103841,
1146,156,109,Beginner,5.8,True,,2026-05-20T05:04:38.103876,
1147,156,61,Intermediate,0.9,True,Internal Training Course Certification,2025-10-27T05:04:38.103885,
1148,156,85,Intermediate,2.9,False,,2026-05-18T05:04:38.103894,
1149,156,124,Advanced,5.8,False,,2026-06-27T05:04:38.103903,
1150,156,78,Beginner,4.1,True,Internal Training Course Certification,2026-07-30T05:04:38.103912,
1151,156,189,Intermediate,7.8,True,,2026-07-15T05:04:38.103921,
1152,156,95,Intermediate,5.5,True,,2026-01-28T05:04:38.103930,
1153,156,141,Advanced,7.6,True,,2025-11-07T05:04:38.103939,
1154,157,127,Advanced,4.8,True,Internal Training Course Certification,2025-09-02T05:04:38.103972,
1155,157,57,Intermediate,1.1,False,Internal Training Course Certification,2026-04-14T05:04:38.103982,
1156,157,20,Beginner,1.6,True,Internal Training Course Certification,2025-12-20T05:04:38.103992,
1157,157,115,Intermediate,1.3,False,,2025-08-23T05:04:38.104000,
1158,157,56,Intermediate,1.5,True,,2026-02-06T05:04:38.104008,
1159,158,1,Expert,7.3,False,Internal Training Course Certification,2025-10-17T05:04:38.104039,
1160,158,103,Beginner,4.3,False,,2026-03-19T05:04:38.104049,
1161,158,44,Expert,5.7,True,Internal Training Course Certification,2026-06-30T05:04:38.104059,
1162,158,48,Beginner,5.7,False,,2025-09-18T05:04:38.104067,
1163,158,70,Advanced,3.0,False,,2025-11-15T05:04:38.104077,
1164,158,2,Intermediate,5.0,False,,2026-06-13T05:04:38.104085,
1165,158,185,Beginner,6.5,False,,2025-09-14T05:04:38.104093,
1166,158,80,Beginner,7.7,True,,2026-01-24T05:04:38.104101,
1167,158,78,Beginner,5.6,False,Internal Training Course Certification,2026-05-06T05:04:38.104109,
1168,158,186,Intermediate,8.0,True,,2025-12-31T05:04:38.104118,
1169,159,192,Beginner,7.8,True,,2025-10-08T05:04:38.104148,
1170,159,53,Beginner,6.2,False,Internal Training Course Certification,2026-01-12T05:04:38.104157,
1171,159,143,Expert,6.8,False,,2025-09-11T05:04:38.104164,
1172,159,186,Expert,7.4,False,,2026-02-16T05:04:38.104172,
1173,159,177,Expert,7.4,False,,2025-11-30T05:04:38.104181,
1174,159,115,Advanced,2.0,False,,2025-12-01T05:04:38.104189,
1175,159,163,Expert,7.1,True,Internal Training Course Certification,2025-12-24T05:04:38.104201,
1176,159,18,Beginner,1.6,False,,2025-12-24T05:04:38.104210,
1177,160,71,Expert,2.9,True,,2025-09-17T05:04:38.104242,
1178,160,74,Beginner,7.6,False,,2025-12-21T05:04:38.104250,
1179,160,58,Expert,0.6,False,,2026-04-01T05:04:38.104258,
1180,160,143,Advanced,0.9,False,,2026-04-20T05:04:38.104269,
1181,160,33,Advanced,5.6,False,Internal Training Course Certification,2025-12-08T05:04:38.104277,
1182,160,109,Advanced,5.9,True,,2025-08-23T05:04:38.104285,
1183,160,127,Intermediate,5.9,False,,2025-11-17T05:04:38.104293,
1184,161,149,Advanced,7.8,False,Internal Training Course Certification,2026-06-02T05:04:38.104325,
1185,161,121,Advanced,2.3,False,,2026-02-06T05:04:38.104334,
1186,161,27,Advanced,3.5,False,Internal Training Course Certification,2025-10-10T05:04:38.104342,
1187,161,163,Intermediate,4.3,True,,2026-05-14T05:04:38.104350,
1188,161,93,Beginner,7.7,False,Internal Training Course Certification,2026-03-06T05:04:38.104358,
1189,161,55,Intermediate,1.1,False,,2025-11-07T05:04:38.104365,
1190,162,186,Expert,6.4,True,,2026-02-16T05:04:38.104395,
1191,162,74,Beginner,8.0,True,,2025-09-30T05:04:38.104403,
1192,162,127,Advanced,5.9,True,,2026-03-05T05:04:38.104412,
1193,162,162,Intermediate,5.6,True,,2025-08-17T05:04:38.104420,
1194,162,95,Beginner,2.3,False,Internal Training Course Certification,2026-05-11T05:04:38.104428,
1195,162,5,Expert,7.8,False,,2026-07-19T05:04:38.104436,
1196,163,49,Intermediate,6.2,False,Internal Training Course Certification,2026-04-21T05:04:38.104467,
1197,163,189,Beginner,4.4,True,,2025-09-24T05:04:38.104475,
1198,163,12,Expert,5.8,True,,2026-05-08T05:04:38.104483,
1199,163,27,Advanced,7.5,False,,2025-08-31T05:04:38.104493,
1200,163,173,Advanced,3.0,True,,2025-11-01T05:04:38.104502,
1201,163,75,Intermediate,1.2,False,,2025-10-30T05:04:38.104510,
1202,163,169,Expert,0.9,False,Internal Training Course Certification,2025-09-22T05:04:38.104518,
1203,163,172,Expert,7.3,True,,2026-06-25T05:04:38.104526,
1204,163,33,Advanced,4.3,True,,2026-06-05T05:04:38.104534,
1205,163,139,Beginner,1.6,False,Internal Training Course Certification,2026-06-17T05:04:38.104541,
1206,164,138,Advanced,5.6,True,,2026-04-02T05:04:38.104574,
1207,164,135,Beginner,5.5,True,,2026-07-17T05:04:38.104582,
1208,164,175,Beginner,5.8,True,Internal Training Course Certification,2025-10-07T05:04:38.104591,
1209,164,97,Intermediate,4.9,True,,2026-04-14T05:04:38.104599,
1210,164,126,Beginner,3.4,False,,2026-05-20T05:04:38.104607,
1211,164,84,Advanced,6.8,False,,2026-02-03T05:04:38.104615,
1212,164,176,Intermediate,3.5,False,,2026-01-12T05:04:38.104623,
1213,164,124,Advanced,6.7,False,,2026-06-03T05:04:38.104633,
1214,165,6,Expert,4.1,False,,2026-03-06T05:04:38.104662,
1215,165,73,Beginner,2.1,True,,2025-08-15T05:04:38.104670,
1216,165,47,Beginner,2.4,True,Internal Training Course Certification,2026-04-07T05:04:38.104679,
1217,165,127,Expert,6.5,True,Internal Training Course Certification,2026-06-01T05:04:38.104687,
1218,165,90,Beginner,3.9,True,Internal Training Course Certification,2025-08-26T05:04:38.104695,
1219,166,126,Intermediate,1.6,False,,2025-11-21T05:04:38.104726,
1220,166,183,Expert,1.7,False,,2025-09-12T05:04:38.104736,
1221,166,37,Beginner,6.0,True,Internal Training Course Certification,2026-03-16T05:04:38.104744,
1222,166,96,Expert,2.0,True,,2025-12-29T05:04:38.104751,
1223,166,7,Beginner,2.7,True,Internal Training Course Certification,2025-10-29T05:04:38.104759,
1224,166,95,Beginner,3.6,True,Internal Training Course Certification,2026-02-13T05:04:38.104766,
1225,166,157,Expert,1.6,False,,2026-05-10T05:04:38.104774,
1226,166,51,Intermediate,1.4,False,Internal Training Course Certification,2026-02-28T05:04:38.104781,
1227,166,69,Advanced,3.7,True,Internal Training Course Certification,2025-10-26T05:04:38.104792,
1228,166,127,Expert,7.0,True,,2025-11-10T05:04:38.104800,
1229,167,103,Advanced,4.8,False,,2026-04-01T05:04:38.104828,
1230,167,173,Beginner,4.5,False,,2026-04-24T05:04:38.104835,
1231,167,114,Beginner,7.7,True,Internal Training Course Certification,2026-03-08T05:04:38.104843,
1232,167,17,Advanced,7.4,False,,2025-10-30T05:04:38.104850,
1233,167,20,Advanced,5.5,False,Internal Training Course Certification,2025-12-27T05:04:38.104858,
1234,167,95,Beginner,5.2,False,,2025-08-23T05:04:38.104865,
1235,168,154,Intermediate,1.3,True,Internal Training Course Certification,2026-01-30T05:04:38.104893,
1236,168,167,Intermediate,1.6,False,,2025-10-25T05:04:38.104901,
1237,168,141,Advanced,2.8,True,Internal Training Course Certification,2026-01-07T05:04:38.104908,
1238,168,162,Expert,5.0,True,Internal Training Course Certification,2025-11-22T05:04:38.104923,
1239,168,117,Expert,7.6,False,,2025-09-07T05:04:38.104931,
1240,168,169,Intermediate,7.3,True,,2026-03-09T05:04:38.104939,
1241,168,125,Expert,5.1,False,,2025-11-15T05:04:38.104947,
1242,169,113,Advanced,0.6,False,,2026-01-22T05:04:38.104976,
1243,169,130,Intermediate,3.9,True,,2026-03-21T05:04:38.104984,
1244,169,107,Beginner,6.2,False,,2025-12-03T05:04:38.104991,
1245,169,104,Intermediate,5.0,False,Internal Training Course Certification,2026-01-21T05:04:38.104998,
1246,169,143,Expert,1.0,False,,2026-02-26T05:04:38.105006,
1247,169,159,Beginner,3.2,False,,2026-05-01T05:04:38.105014,
1248,169,80,Expert,2.7,True,Internal Training Course Certification,2026-05-03T05:04:38.105021,
1249,169,173,Intermediate,1.7,True,,2025-10-18T05:04:38.105029,
1250,169,95,Beginner,4.4,False,Internal Training Course Certification,2026-05-01T05:04:38.105037,
1251,170,70,Beginner,3.1,True,,2026-03-06T05:04:38.105065,
1252,170,179,Intermediate,2.4,True,Internal Training Course Certification,2026-01-23T05:04:38.105072,
1253,170,19,Advanced,5.2,False,,2026-04-30T05:04:38.105080,
1254,170,73,Expert,6.4,True,,2025-08-15T05:04:38.105088,
1255,170,128,Expert,5.8,False,,2025-10-11T05:04:38.105095,
1256,170,143,Beginner,1.7,False,,2025-12-29T05:04:38.105103,
1257,170,17,Beginner,4.1,False,Internal Training Course Certification,2026-01-01T05:04:38.105110,
1258,170,103,Expert,7.1,False,,2025-08-25T05:04:38.105119,
1259,171,83,Expert,8.0,True,,2026-01-02T05:04:38.105148,
1260,171,17,Expert,3.0,False,,2025-11-09T05:04:38.105156,
1261,171,165,Advanced,6.3,True,Internal Training Course Certification,2026-01-22T05:04:38.105164,
1262,171,186,Intermediate,7.1,False,,2026-05-17T05:04:38.105171,
1263,171,113,Intermediate,6.9,False,Internal Training Course Certification,2026-05-02T05:04:38.105179,
1264,171,183,Intermediate,5.6,False,,2026-04-19T05:04:38.105188,
1265,171,61,Intermediate,4.7,False,,2026-04-29T05:04:38.105195,
1266,171,56,Intermediate,7.0,True,,2025-10-14T05:04:38.105203,
1267,171,33,Advanced,1.1,False,Internal Training Course Certification,2026-05-24T05:04:38.105211,
1268,172,171,Beginner,2.0,True,,2026-03-04T05:04:38.105242,
1269,172,87,Expert,5.1,False,,2026-07-18T05:04:38.105250,
1270,172,27,Expert,2.3,False,Internal Training Course Certification,2026-02-25T05:04:38.105258,
1271,172,8,Beginner,1.4,False,,2025-12-11T05:04:38.105265,
1272,172,52,Intermediate,5.1,False,,2026-01-16T05:04:38.105273,
1273,172,43,Advanced,2.4,True,,2026-01-31T05:04:38.105280,
1274,172,104,Advanced,7.1,False,,2026-01-07T05:04:38.105288,
1275,173,8,Intermediate,4.2,False,,2026-02-24T05:04:38.105316,
1276,173,193,Beginner,1.2,False,,2026-07-30T05:04:38.105323,
1277,173,52,Expert,2.9,True,Internal Training Course Certification,2026-01-02T05:04:38.105333,
1278,173,107,Expert,7.0,True,Internal Training Course Certification,2025-11-18T05:04:38.105341,
1279,173,75,Beginner,1.0,False,,2026-02-03T05:04:38.105348,
1280,173,133,Advanced,5.8,False,,2026-03-06T05:04:38.105355,
1281,173,43,Beginner,3.1,False,Internal Training Course Certification,2026-07-17T05:04:38.105363,
1282,174,184,Expert,4.2,False,,2026-06-27T05:04:38.105392,
1283,174,186,Expert,6.2,False,Internal Training Course Certification,2025-09-24T05:04:38.105399,
1284,174,121,Advanced,5.0,False,Internal Training Course Certification,2025-09-15T05:04:38.105407,
1285,174,138,Intermediate,4.9,False,,2026-06-13T05:04:38.105415,
1286,174,18,Advanced,2.5,True,Internal Training Course Certification,2026-03-09T05:04:38.105422,
1287,174,113,Intermediate,5.5,True,Internal Training Course Certification,2026-05-18T05:04:38.105429,
1288,175,105,Expert,3.8,True,Internal Training Course Certification,2025-11-28T05:04:38.105458,
1289,175,17,Advanced,6.6,True,,2026-07-17T05:04:38.105466,
1290,175,86,Advanced,7.1,False,,2025-08-19T05:04:38.105476,
1291,175,24,Expert,1.0,True,Internal Training Course Certification,2026-06-12T05:04:38.105484,
1292,175,83,Beginner,7.6,False,Internal Training Course Certification,2026-01-04T05:04:38.105491,
1293,175,57,Expert,1.4,True,,2025-11-02T05:04:38.105499,
1294,176,33,Beginner,6.5,False,,2026-02-05T05:04:38.105526,
1295,176,86,Expert,0.8,False,,2025-11-24T05:04:38.105533,
1296,176,144,Beginner,7.2,False,,2026-05-27T05:04:38.105541,
1297,176,138,Advanced,6.9,False,,2026-02-09T05:04:38.105551,
1298,176,172,Intermediate,7.7,True,Internal Training Course Certification,2025-08-29T05:04:38.105558,
1299,177,115,Beginner,2.9,False,,2026-06-18T05:04:38.105585,
1300,177,175,Expert,4.5,True,,2025-12-27T05:04:38.105593,
1301,177,170,Advanced,1.3,False,Internal Training Course Certification,2025-12-15T05:04:38.105601,
1302,177,155,Expert,1.1,False,,2026-04-19T05:04:38.105608,
1303,177,127,Intermediate,7.1,True,,2026-01-15T05:04:38.105616,
1304,177,197,Advanced,2.9,True,Internal Training Course Certification,2025-11-29T05:04:38.105624,
1305,178,195,Intermediate,1.3,True,,2025-11-26T05:04:38.105652,
1306,178,45,Advanced,2.4,False,Internal Training Course Certification,2025-12-18T05:04:38.105660,
1307,178,157,Beginner,3.6,True,,2026-03-18T05:04:38.105667,
1308,178,143,Advanced,2.2,True,Internal Training Course Certification,2025-12-21T05:04:38.105675,
1309,178,2,Expert,6.1,False,Internal Training Course Certification,2026-05-31T05:04:38.105682,
1310,179,163,Expert,1.4,True,,2026-03-08T05:04:38.105711,
1311,179,37,Advanced,1.0,False,Internal Training Course Certification,2025-09-15T05:04:38.105719,
1312,179,143,Beginner,5.9,True,,2026-02-04T05:04:38.105726,
1313,179,192,Expert,4.1,False,Internal Training Course Certification,2025-10-21T05:04:38.105734,
1314,179,83,Advanced,4.7,True,Internal Training Course Certification,2025-08-19T05:04:38.105744,
1315,179,172,Intermediate,2.4,False,,2026-01-15T05:04:38.105752,
1316,179,171,Expert,7.2,False,Internal Training Course Certification,2026-01-20T05:04:38.105761,
1317,179,70,Beginner,0.6,True,,2026-04-08T05:04:38.105769,
1318,179,57,Expert,3.6,False,,2025-11-19T05:04:38.105777,
1319,180,93,Advanced,2.0,True,,2025-12-21T05:04:38.105809,
1320,180,124,Intermediate,6.4,False,,2026-03-21T05:04:38.105817,
1321,180,163,Intermediate,5.4,False,Internal Training Course Certification,2025-09-03T05:04:38.105825,
1322,180,37,Intermediate,1.1,True,,2026-03-13T05:04:38.105833,
1323,180,154,Intermediate,4.6,True,,2026-02-26T05:04:38.105841,
1324,180,67,Advanced,6.7,True,,2025-12-23T05:04:38.105848,
1325,180,109,Advanced,1.3,True,Internal Training Course Certification,2026-01-01T05:04:38.105856,
1326,180,128,Advanced,1.0,False,,2025-11-30T05:04:38.105864,
1327,180,5,Intermediate,5.9,False,,2026-02-12T05:04:38.105871,
1328,180,4,Beginner,8.0,False,,2026-07-28T05:04:38.105879,
1329,181,66,Advanced,5.1,False,Internal Training Course Certification,2025-08-23T05:04:38.105911,
1330,181,163,Intermediate,7.3,False,,2025-11-05T05:04:38.105919,
1331,181,125,Advanced,0.7,False,Internal Training Course Certification,2025-08-18T05:04:38.105927,
1332,181,130,Intermediate,1.2,False,Internal Training Course Certification,2026-03-25T05:04:38.105935,
1333,181,127,Advanced,7.8,False,Internal Training Course Certification,2026-03-06T05:04:38.105942,
1334,181,19,Intermediate,7.4,False,,2025-10-05T05:04:38.105950,
1335,181,75,Beginner,3.4,False,,2025-12-04T05:04:38.105957,
1336,182,124,Intermediate,5.9,False,,2025-09-16T05:04:38.105993,
1337,182,12,Beginner,7.7,False,Internal Training Course Certification,2025-11-08T05:04:38.106002,
1338,182,90,Advanced,2.2,True,,2026-04-22T05:04:38.106010,
1339,182,196,Expert,5.9,True,,2026-05-28T05:04:38.106017,
1340,182,41,Advanced,2.9,False,Internal Training Course Certification,2025-11-19T05:04:38.106025,
1341,182,110,Expert,6.4,False,Internal Training Course Certification,2026-02-26T05:04:38.106033,
1342,182,116,Beginner,2.6,False,,2026-04-29T05:04:38.106040,
1343,182,177,Beginner,1.4,True,,2026-01-02T05:04:38.106047,
1344,182,55,Advanced,2.4,True,,2026-06-25T05:04:38.106055,
1345,183,33,Expert,3.8,False,,2026-02-10T05:04:38.106084,
1346,183,107,Expert,7.2,True,Internal Training Course Certification,2025-10-31T05:04:38.106092,
1347,183,43,Advanced,4.9,True,Internal Training Course Certification,2026-05-21T05:04:38.106100,
1348,183,127,Intermediate,7.7,True,,2026-05-16T05:04:38.106108,
1349,183,57,Expert,1.9,True,,2025-09-25T05:04:38.106115,
1350,183,83,Beginner,3.8,True,,2025-10-11T05:04:38.106123,
1351,184,107,Beginner,4.3,False,,2025-11-15T05:04:38.106151,
1352,184,89,Intermediate,1.2,False,,2026-01-02T05:04:38.106158,
1353,184,37,Beginner,4.7,False,,2025-10-04T05:04:38.106166,
1354,184,124,Intermediate,2.4,False,,2026-05-30T05:04:38.106176,
1355,184,196,Beginner,2.6,True,Internal Training Course Certification,2026-07-16T05:04:38.106184,
1356,185,105,Beginner,5.8,False,,2026-07-18T05:04:38.106217,
1357,185,115,Intermediate,1.4,False,Internal Training Course Certification,2026-06-14T05:04:38.106225,
1358,185,114,Advanced,3.5,False,Internal Training Course Certification,2026-06-28T05:04:38.106233,
1359,185,87,Advanced,3.6,True,Internal Training Course Certification,2025-12-29T05:04:38.106241,
1360,185,74,Advanced,7.5,False,,2026-07-26T05:04:38.106248,
1361,186,2,Expert,4.1,False,,2025-12-15T05:04:38.106277,
1362,186,124,Expert,2.4,True,,2025-09-30T05:04:38.106285,
1363,186,169,Expert,4.7,False,,2025-09-04T05:04:38.106292,
1364,186,182,Advanced,4.3,False,Internal Training Course Certification,2026-04-04T05:04:38.106300,
1365,186,110,Beginner,3.8,False,Internal Training Course Certification,2026-04-23T05:04:38.106307,
1366,186,61,Expert,3.1,False,Internal Training Course Certification,2025-10-04T05:04:38.106316,
1367,186,37,Intermediate,5.4,True,,2025-11-23T05:04:38.106325,
1368,187,84,Advanced,6.1,True,Internal Training Course Certification,2026-04-19T05:04:38.106355,
1369,187,33,Beginner,6.9,False,,2026-05-02T05:04:38.106363,
1370,187,95,Expert,5.6,True,,2026-02-07T05:04:38.106371,
1371,187,81,Beginner,3.8,False,,2025-12-01T05:04:38.106378,
1372,187,19,Advanced,0.8,False,,2026-07-12T05:04:38.106386,
1373,187,138,Beginner,6.0,False,,2025-09-26T05:04:38.106394,
1374,187,85,Beginner,7.1,False,,2025-11-08T05:04:38.106401,
1375,187,79,Intermediate,4.6,False,,2026-05-23T05:04:38.106423,
1376,188,189,Intermediate,3.4,False,Internal Training Course Certification,2026-01-30T05:04:38.106455,
1377,188,172,Advanced,1.3,True,Internal Training Course Certification,2026-05-01T05:04:38.106464,
1378,188,94,Beginner,7.8,False,,2026-03-26T05:04:38.106471,
1379,188,55,Advanced,7.7,False,,2026-04-08T05:04:38.106479,
1380,188,46,Beginner,5.3,True,,2026-07-15T05:04:38.106486,
1381,188,195,Advanced,6.1,False,,2026-05-22T05:04:38.106494,
1382,188,67,Beginner,7.6,False,Internal Training Course Certification,2026-03-31T05:04:38.106502,
1383,188,109,Intermediate,5.0,True,Internal Training Course Certification,2025-11-30T05:04:38.106510,
1384,189,185,Advanced,4.8,False,,2026-01-27T05:04:38.106541,
1385,189,55,Intermediate,3.6,True,Internal Training Course Certification,2026-06-15T05:04:38.106548,
1386,189,113,Beginner,6.0,True,,2026-02-14T05:04:38.106556,
1387,189,130,Expert,5.7,True,,2026-03-30T05:04:38.106564,
1388,189,1,Beginner,0.6,True,,2025-12-25T05:04:38.106571,
1389,189,3,Intermediate,7.9,True,,2025-12-02T05:04:38.106578,
1390,189,169,Advanced,5.0,False,,2026-03-15T05:04:38.106586,
1391,189,103,Beginner,3.0,True,,2025-09-17T05:04:38.106596,
1392,189,159,Beginner,7.5,False,,2025-12-14T05:04:38.106604,
1393,190,69,Expert,1.9,False,,2026-02-17T05:04:38.106635,
1394,190,123,Beginner,4.8,False,Internal Training Course Certification,2026-01-06T05:04:38.106644,
1395,190,4,Beginner,2.8,False,Internal Training Course Certification,2025-12-08T05:04:38.106652,
1396,190,177,Advanced,4.6,True,Internal Training Course Certification,2025-09-01T05:04:38.106660,
1397,190,165,Expert,6.2,False,,2026-01-15T05:04:38.106668,
1398,190,196,Intermediate,3.8,False,,2025-09-06T05:04:38.106675,
1399,190,46,Beginner,0.6,True,Internal Training Course Certification,2026-03-04T05:04:38.106683,
1400,190,155,Beginner,4.8,False,,2025-10-18T05:04:38.106691,
1401,191,117,Intermediate,4.0,True,Internal Training Course Certification,2025-10-06T05:04:38.106723,
1402,191,37,Expert,7.6,False,,2026-07-01T05:04:38.106731,
1403,191,12,Beginner,5.2,True,,2026-07-25T05:04:38.106739,
1404,191,194,Intermediate,6.3,False,Internal Training Course Certification,2026-03-18T05:04:38.106746,
1405,191,170,Beginner,5.6,False,Internal Training Course Certification,2026-01-13T05:04:38.106754,
1406,191,169,Advanced,5.7,False,,2026-05-28T05:04:38.106762,
1407,191,182,Intermediate,4.4,False,,2026-01-07T05:04:38.106769,
1408,191,73,Beginner,5.0,False,,2025-09-30T05:04:38.106777,
1409,191,57,Beginner,4.5,False,Internal Training Course Certification,2025-12-21T05:04:38.106785,
1410,192,177,Intermediate,4.4,False,,2026-05-14T05:04:38.106814,
1411,192,3,Expert,5.8,False,Internal Training Course Certification,2026-04-15T05:04:38.106822,
1412,192,154,Advanced,7.0,False,,2025-10-02T05:04:38.106830,
1413,192,179,Expert,3.4,True,Internal Training Course Certification,2026-01-15T05:04:38.106837,
1414,192,55,Expert,0.8,False,,2026-02-22T05:04:38.106847,
1415,193,165,Beginner,4.6,True,,2026-07-31T05:04:38.106882,
1416,193,196,Beginner,6.8,False,Internal Training Course Certification,2026-02-17T05:04:38.106892,
1417,193,170,Intermediate,4.4,False,,2026-05-16T05:04:38.106900,
1418,193,139,Intermediate,1.3,True,,2026-01-20T05:04:38.106909,
1419,193,97,Beginner,4.7,True,Internal Training Course Certification,2026-03-19T05:04:38.106917,
1420,193,184,Expert,0.8,False,Internal Training Course Certification,2026-01-25T05:04:38.106924,
1421,193,143,Expert,6.3,False,,2026-04-23T05:04:38.106932,
1422,193,183,Intermediate,3.6,False,,2025-09-14T05:04:38.106940,
1423,193,124,Advanced,3.5,True,,2025-10-21T05:04:38.106947,
1424,194,27,Expert,5.7,False,,2026-07-04T05:04:38.106976,
1425,194,138,Intermediate,7.8,False,,2026-05-10T05:04:38.106983,
1426,194,25,Expert,2.5,False,,2025-11-27T05:04:38.106991,
1427,194,139,Advanced,7.0,False,,2026-01-01T05:04:38.106999,
1428,194,56,Expert,6.6,False,,2026-02-14T05:04:38.107006,
1429,195,143,Intermediate,3.4,True,Internal Training Course Certification,2025-12-08T05:04:38.107035,
1430,195,186,Advanced,4.1,False,Internal Training Course Certification,2026-06-10T05:04:38.107043,
1431,195,86,Beginner,2.8,False,Internal Training Course Certification,2025-12-04T05:04:38.107050,
1432,195,139,Beginner,1.5,False,Internal Training Course Certification,2025-08-19T05:04:38.107058,
1433,195,3,Expert,6.6,True,Internal Training Course Certification,2026-06-06T05:04:38.107067,
1434,195,110,Beginner,4.7,True,,2025-08-19T05:04:38.107075,
1435,195,179,Intermediate,6.8,True,,2026-07-26T05:04:38.107082,
1436,195,173,Intermediate,1.6,True,,2026-06-25T05:04:38.107090,
1437,195,94,Advanced,0.8,False,,2026-05-18T05:04:38.107097,
1438,195,177,Beginner,2.6,True,,2025-12-17T05:04:38.107105,
1439,196,86,Beginner,5.3,True,,2026-07-24T05:04:38.107134,
1440,196,177,Expert,0.7,False,,2026-02-28T05:04:38.107142,
1441,196,154,Expert,6.1,False,Internal Training Course Certification,2026-05-27T05:04:38.107150,
1442,196,173,Advanced,4.7,True,Internal Training Course Certification,2026-04-06T05:04:38.107157,
1443,196,141,Intermediate,5.4,True,,2025-11-25T05:04:38.107165,
1444,196,178,Beginner,3.5,False,Internal Training Course Certification,2026-07-02T05:04:38.107172,
1445,196,176,Beginner,5.5,False,Internal Training Course Certification,2025-11-06T05:04:38.107180,
1446,196,182,Beginner,6.7,True,,2026-06-10T05:04:38.107188,
1447,196,138,Intermediate,6.9,False,,2025-12-21T05:04:38.107195,
1448,197,159,Expert,2.8,False,Internal Training Course Certification,2025-11-08T05:04:38.107222,
1449,197,179,Advanced,1.9,False,,2025-08-16T05:04:38.107230,
1450,197,1,Expert,4.9,False,Internal Training Course Certification,2026-07-24T05:04:38.107238,
1451,197,83,Intermediate,3.9,True,,2025-10-02T05:04:38.107245,
1452,197,189,Beginner,7.9,False,,2025-11-23T05:04:38.107253,
1453,198,135,Advanced,7.7,True,,2025-12-04T05:04:38.107283,
1454,198,160,Advanced,0.7,False,,2025-10-06T05:04:38.107291,
1455,198,122,Advanced,2.1,False,,2026-03-23T05:04:38.107300,
1456,198,183,Intermediate,7.6,True,Internal Training Course Certification,2025-10-12T05:04:38.107308,
1457,198,16,Expert,3.0,True,Internal Training Course Certification,2025-10-26T05:04:38.107315,
1458,198,87,Expert,2.1,False,,2026-03-23T05:04:38.107323,
1459,198,25,Intermediate,2.5,True,,2025-08-21T05:04:38.107331,
1460,198,119,Intermediate,5.6,False,,2025-10-14T05:04:38.107338,
1461,198,125,Expert,3.4,True,,2025-12-02T05:04:38.107346,
1462,198,175,Advanced,6.5,False,Internal Training Course Certification,2026-03-03T05:04:38.107353,
1463,199,20,Intermediate,2.3,False,,2025-11-19T05:04:38.107382,
1464,199,155,Beginner,5.0,False,Internal Training Course Certification,2025-11-06T05:04:38.107390,
1465,199,31,Expert,7.4,True,Internal Training Course Certification,2026-05-28T05:04:38.107398,
1466,199,34,Expert,4.5,False,Internal Training Course Certification,2025-10-30T05:04:38.107406,
1467,199,131,Beginner,7.0,False,,2026-05-11T05:04:38.107413,
1468,199,16,Expert,1.8,True,Internal Training Course Certification,2025-09-28T05:04:38.107421,
1469,200,80,Advanced,1.2,False,Internal Training Course Certification,2025-11-16T05:04:38.107455,
1470,200,163,Beginner,6.1,True,,2025-11-10T05:04:38.107463,
1471,200,71,Beginner,2.2,True,Internal Training Course Certification,2026-04-24T05:04:38.107471,
1472,200,33,Beginner,4.2,False,,2025-10-27T05:04:38.107480,
1473,200,125,Expert,4.8,True,Internal Training Course Certification,2025-11-16T05:04:38.107487,
1474,200,105,Expert,2.2,True,Internal Training Course Certification,2026-05-23T05:04:38.107495,
1475,200,34,Intermediate,2.6,True,,2025-10-19T05:04:38.107502,
1476,200,129,Intermediate,4.0,True,,2025-09-16T05:04:38.107510,
1477,200,89,Beginner,6.3,True,,2025-12-30T05:04:38.107517,
1478,200,51,Beginner,2.8,False,Internal Training Course Certification,2026-04-28T05:04:38.107525,
1479,201,156,Intermediate,3.1,False,Internal Training Course Certification,2025-09-03T05:04:38.107555,
1480,201,127,Intermediate,1.9,False,Internal Training Course Certification,2026-03-14T05:04:38.107563,
1481,201,47,Expert,4.8,False,,2025-09-29T05:04:38.107570,
1482,201,90,Advanced,7.0,False,Internal Training Course Certification,2026-02-23T05:04:38.107580,
1483,201,115,Advanced,7.2,True,Internal Training Course Certification,2026-06-02T05:04:38.107588,
1484,201,138,Beginner,5.0,False,,2025-10-01T05:04:38.107595,
1485,201,163,Advanced,2.7,False,,2026-01-03T05:04:38.107603,
1486,201,189,Expert,7.4,False,,2026-01-05T05:04:38.107611,
1487,201,51,Intermediate,6.4,False,Internal Training Course Certification,2025-10-04T05:04:38.107618,
1488,201,107,Expert,0.6,True,Internal Training Course Certification,2025-11-30T05:04:38.107627,
1489,202,114,Advanced,4.1,True,Internal Training Course Certification,2025-12-21T05:04:38.107657,
1490,202,19,Advanced,7.3,False,,2026-06-26T05:04:38.107664,
1491,202,127,Advanced,4.2,False,Internal Training Course Certification,2026-03-21T05:04:38.107672,
1492,202,43,Expert,5.3,True,Internal Training Course Certification,2025-08-17T05:04:38.107681,
1493,202,88,Intermediate,6.2,True,Internal Training Course Certification,2026-01-18T05:04:38.107688,
1494,202,27,Intermediate,6.6,True,Internal Training Course Certification,2026-05-31T05:04:38.107696,
1495,202,98,Beginner,3.2,True,Internal Training Course Certification,2026-06-20T05:04:38.107703,
1496,202,17,Intermediate,2.7,False,Internal Training Course Certification,2026-04-04T05:04:38.107711,
1497,202,145,Expert,4.6,False,,2026-03-14T05:04:38.107718,
1498,203,56,Beginner,6.3,False,,2026-05-27T05:04:38.107747,
1499,203,140,Expert,1.4,True,Internal Training Course Certification,2026-01-07T05:04:38.107755,
1500,203,17,Beginner,3.8,False,Internal Training Course Certification,2026-01-04T05:04:38.107763,
1501,203,124,Expert,4.6,False,,2025-09-17T05:04:38.107770,
1502,203,151,Advanced,0.9,True,,2025-12-26T05:04:38.107778,
1503,203,183,Advanced,4.9,False,Internal Training Course Certification,2025-12-03T05:04:38.107785,
1504,203,37,Expert,0.6,True,Internal Training Course Certification,2026-04-27T05:04:38.107793,
1505,203,90,Expert,6.6,True,Internal Training Course Certification,2026-01-13T05:04:38.107800,
1506,203,104,Advanced,1.9,False,,2026-06-08T05:04:38.107808,
1507,204,95,Advanced,4.2,True,,2026-06-28T05:04:38.107836,
1508,204,105,Expert,2.5,False,,2026-01-24T05:04:38.107843,
1509,204,66,Beginner,3.4,True,Internal Training Course Certification,2026-01-30T05:04:38.107851,
1510,204,196,Expert,4.3,True,,2025-12-23T05:04:38.107858,
1511,204,171,Advanced,6.5,True,,2025-10-06T05:04:38.107867,
1512,204,63,Beginner,7.5,False,Internal Training Course Certification,2026-01-01T05:04:38.107875,
1513,204,15,Beginner,4.2,True,,2026-07-18T05:04:38.107882,
1514,204,18,Intermediate,2.1,True,,2026-04-07T05:04:38.107890,
1515,205,20,Intermediate,0.6,False,,2025-12-12T05:04:38.107920,
1516,205,87,Beginner,6.8,False,Internal Training Course Certification,2026-01-15T05:04:38.107927,
1517,205,85,Intermediate,3.4,False,,2026-05-23T05:04:38.107935,
1518,205,105,Expert,4.3,True,,2026-05-20T05:04:38.107944,
1519,205,41,Advanced,2.4,False,Internal Training Course Certification,2026-05-29T05:04:38.107951,
1520,205,130,Expert,2.4,True,Internal Training Course Certification,2025-12-07T05:04:38.107959,
1521,205,66,Advanced,6.0,False,Internal Training Course Certification,2026-03-08T05:04:38.107966,
1522,205,173,Intermediate,1.7,True,Internal Training Course Certification,2025-10-10T05:04:38.107974,
1523,205,175,Intermediate,4.5,False,Internal Training Course Certification,2026-02-23T05:04:38.107981,
1524,206,79,Expert,4.5,False,Internal Training Course Certification,2026-03-09T05:04:38.108010,
1525,206,62,Expert,5.1,True,,2025-10-20T05:04:38.108017,
1526,206,179,Beginner,5.3,True,,2025-11-08T05:04:38.108025,
1527,206,172,Intermediate,3.5,False,,2025-11-01T05:04:38.108032,
1528,206,177,Intermediate,4.4,False,,2026-03-16T05:04:38.108040,
1529,206,57,Expert,2.8,False,,2026-01-30T05:04:38.108048,
1530,207,20,Expert,7.3,False,,2026-07-24T05:04:38.108077,
1531,207,196,Beginner,5.8,True,,2026-06-19T05:04:38.108087,
1532,207,186,Beginner,2.8,True,,2026-04-13T05:04:38.108095,
1533,207,41,Advanced,7.1,False,,2025-09-07T05:04:38.108102,
1534,207,159,Advanced,1.2,True,,2025-12-05T05:04:38.108110,
1535,207,81,Advanced,7.0,False,Internal Training Course Certification,2025-09-17T05:04:38.108118,
1536,207,98,Intermediate,1.7,False,,2026-04-30T05:04:38.108125,
1537,207,83,Expert,0.9,True,Internal Training Course Certification,2026-07-29T05:04:38.108132,
1538,207,51,Intermediate,2.7,True,Internal Training Course Certification,2026-01-22T05:04:38.108140,
1539,207,85,Expert,7.7,True,,2025-10-14T05:04:38.108147,
1540,208,93,Beginner,4.3,False,,2025-08-22T05:04:38.108177,
1541,208,189,Intermediate,2.7,False,,2026-01-12T05:04:38.108184,
1542,208,6,Intermediate,3.1,True,,2025-11-27T05:04:38.108192,
1543,208,200,Beginner,3.2,False,Internal Training Course Certification,2026-06-11T05:04:38.108203,
1544,208,195,Expert,3.1,True,,2026-01-02T05:04:38.108212,
1545,208,184,Beginner,7.5,True,Internal Training Course Certification,2026-03-02T05:04:38.108221,
1546,208,86,Intermediate,5.2,False,Internal Training Course Certification,2025-09-30T05:04:38.108228,
1547,208,164,Intermediate,3.7,True,,2026-04-03T05:04:38.108236,
1548,208,106,Intermediate,2.2,True,Internal Training Course Certification,2026-02-15T05:04:38.108243,
1549,208,128,Advanced,7.2,True,,2025-10-12T05:04:38.108250,
1550,209,55,Expert,7.4,False,,2026-05-04T05:04:38.108281,
1551,209,46,Expert,3.4,True,,2025-11-17T05:04:38.108289,
1552,209,85,Expert,5.4,True,,2025-10-30T05:04:38.108297,
1553,209,27,Intermediate,6.9,True,,2026-01-09T05:04:38.108304,
1554,209,105,Intermediate,3.8,False,Internal Training Course Certification,2026-05-31T05:04:38.108312,
1555,209,18,Intermediate,1.7,False,Internal Training Course Certification,2025-11-17T05:04:38.108319,
1556,209,167,Beginner,7.1,True,,2025-10-12T05:04:38.108327,
1557,209,5,Intermediate,2.4,False,Internal Training Course Certification,2025-12-20T05:04:38.108335,
1558,209,125,Expert,6.1,False,Internal Training Course Certification,2025-12-23T05:04:38.108342,
1559,210,57,Expert,7.4,False,Internal Training Course Certification,2026-05-14T05:04:38.108370,
1560,210,24,Expert,7.1,True,Internal Training Course Certification,2025-10-17T05:04:38.108378,
1561,210,7,Advanced,7.4,True,,2026-04-27T05:04:38.108385,
1562,210,75,Beginner,1.1,True,Internal Training Course Certification,2026-05-14T05:04:38.108393,
1563,210,58,Advanced,2.8,False,Internal Training Course Certification,2025-08-27T05:04:38.108401,
1564,211,103,Expert,6.2,False,,2025-10-04T05:04:38.108428,
1565,211,47,Intermediate,2.5,False,,2026-04-28T05:04:38.108436,
1566,211,163,Beginner,5.3,True,,2026-04-18T05:04:38.108444,
1567,211,145,Beginner,5.0,False,Internal Training Course Certification,2025-12-22T05:04:38.108451,
1568,211,172,Beginner,3.8,False,Internal Training Course Certification,2025-09-26T05:04:38.108459,
1569,212,84,Intermediate,7.2,True,,2025-11-04T05:04:38.109127,
1570,212,110,Advanced,1.7,False,,2026-03-14T05:04:38.109181,
1571,212,126,Expert,1.2,True,Internal Training Course Certification,2025-12-15T05:04:38.109201,
1572,212,138,Expert,5.3,False,Internal Training Course Certification,2026-04-25T05:04:38.109217,
1573,212,143,Beginner,6.5,True,,2026-07-06T05:04:38.109232,
1574,212,17,Expert,3.8,False,,2026-02-24T05:04:38.109246,
1575,212,80,Beginner,2.3,True,Internal Training Course Certification,2025-11-04T05:04:38.109259,
1576,212,176,Advanced,0.9,True,,2026-07-10T05:04:38.109274,
1577,213,167,Beginner,1.1,True,,2026-05-29T05:04:38.109358,
1578,213,62,Expert,6.9,True,,2026-04-19T05:04:38.109375,
1579,213,45,Beginner,1.7,False,,2025-10-29T05:04:38.109389,
1580,213,165,Intermediate,4.0,False,,2025-12-19T05:04:38.109406,
1581,213,3,Advanced,1.9,False,,2026-04-10T05:04:38.109419,
1582,213,97,Beginner,3.9,False,,2026-07-07T05:04:38.109433,
1583,214,183,Expert,0.6,False,,2026-05-01T05:04:38.109488,
1584,214,47,Beginner,5.2,True,Internal Training Course Certification,2026-06-17T05:04:38.109502,
1585,214,6,Expert,0.9,False,Internal Training Course Certification,2026-03-26T05:04:38.109516,
1586,214,155,Beginner,1.2,False,,2026-02-23T05:04:38.109531,
1587,214,56,Beginner,5.5,False,Internal Training Course Certification,2026-03-22T05:04:38.109544,
1588,214,9,Intermediate,2.1,False,Internal Training Course Certification,2026-05-03T05:04:38.109557,
1589,214,51,Expert,0.6,True,Internal Training Course Certification,2025-10-16T05:04:38.109573,
1590,214,164,Intermediate,6.7,True,Internal Training Course Certification,2025-12-19T05:04:38.109587,
1591,215,171,Beginner,3.6,True,Internal Training Course Certification,2025-10-18T05:04:38.109639,
1592,215,88,Intermediate,2.4,False,,2026-01-22T05:04:38.109653,
1593,215,105,Advanced,4.8,False,,2026-03-24T05:04:38.109666,
1594,215,114,Expert,4.1,False,Internal Training Course Certification,2026-07-12T05:04:38.109680,
1595,215,4,Advanced,8.0,False,Internal Training Course Certification,2026-05-19T05:04:38.109694,
1596,215,71,Intermediate,2.1,False,,2026-02-07T05:04:38.109707,
1597,215,80,Beginner,2.3,False,Internal Training Course Certification,2025-12-16T05:04:38.109719,
1598,216,103,Advanced,6.6,False,,2026-02-02T05:04:38.109766,
1599,216,135,Intermediate,2.0,True,Internal Training Course Certification,2026-07-18T05:04:38.109780,
1600,216,98,Beginner,7.5,False,,2026-07-12T05:04:38.109793,
1601,216,155,Expert,2.4,False,,2026-07-30T05:04:38.109805,
1602,216,175,Beginner,6.2,False,,2026-04-05T05:04:38.109818,
1603,217,6,Intermediate,2.7,False,,2025-12-27T05:04:38.109865,
1604,217,134,Advanced,5.5,False,,2026-07-29T05:04:38.109878,
1605,217,7,Expert,6.2,False,Internal Training Course Certification,2025-08-17T05:04:38.109891,
1606,217,19,Advanced,6.9,True,,2026-04-17T05:04:38.109904,
1607,217,20,Expert,4.8,False,Internal Training Course Certification,2026-02-09T05:04:38.109917,
1608,218,104,Expert,2.5,False,Internal Training Course Certification,2026-04-25T05:04:38.109968,
1609,218,149,Advanced,2.5,True,,2025-10-06T05:04:38.109984,
1610,218,130,Beginner,0.9,False,Internal Training Course Certification,2026-03-05T05:04:38.109997,
1611,218,41,Beginner,6.5,True,,2025-11-17T05:04:38.110010,
1612,218,77,Intermediate,4.6,True,,2026-07-15T05:04:38.110023,
1613,218,179,Intermediate,1.7,False,,2026-07-22T05:04:38.110035,
1614,218,93,Expert,4.1,False,Internal Training Course Certification,2026-07-19T05:04:38.110049,
1615,218,178,Beginner,6.4,False,Internal Training Course Certification,2026-05-26T05:04:38.110062,
1616,218,75,Advanced,4.6,True,,2025-10-11T05:04:38.110075,
1617,219,171,Intermediate,6.6,True,Internal Training Course Certification,2026-06-30T05:04:38.110125,
1618,219,155,Intermediate,6.0,False,Internal Training Course Certification,2026-07-20T05:04:38.110139,
1619,219,159,Expert,5.0,False,,2025-10-23T05:04:38.110151,
1620,219,179,Beginner,7.9,False,Internal Training Course Certification,2026-03-25T05:04:38.110166,
1621,219,111,Intermediate,1.4,False,,2026-06-22T05:04:38.110179,
1622,219,138,Intermediate,2.8,False,Internal Training Course Certification,2025-08-19T05:04:38.110192,
1623,219,114,Beginner,3.5,False,Internal Training Course Certification,2026-06-29T05:04:38.110217,
1624,219,33,Advanced,6.9,True,,2025-11-05T05:04:38.110233,
1625,219,126,Expert,5.4,False,,2025-08-31T05:04:38.110246,
1626,219,182,Advanced,7.2,False,,2026-06-14T05:04:38.110259,
1627,220,6,Beginner,3.6,False,Internal Training Course Certification,2026-02-03T05:04:38.110310,
1628,220,3,Advanced,3.5,False,,2025-10-19T05:04:38.110325,
1629,220,192,Advanced,1.5,True,,2026-02-10T05:04:38.110340,
1630,220,167,Intermediate,7.0,True,Internal Training Course Certification,2026-04-17T05:04:38.110353,
1631,220,125,Beginner,2.4,True,,2025-09-04T05:04:38.110366,
1632,220,114,Advanced,2.4,True,,2025-08-22T05:04:38.110379,
1633,220,143,Advanced,0.8,False,Internal Training Course Certification,2025-09-11T05:04:38.110391,
1634,220,186,Advanced,6.7,False,Internal Training Course Certification,2026-04-16T05:04:38.110404,
1635,220,84,Expert,2.6,False,Internal Training Course Certification,2025-11-12T05:04:38.110417,
1636,220,70,Beginner,6.5,False,Internal Training Course Certification,2026-07-11T05:04:38.110430,
1637,221,194,Expert,0.7,True,Internal Training Course Certification,2026-02-22T05:04:38.110480,
1638,221,171,Intermediate,6.8,False,,2025-09-07T05:04:38.110493,
1639,221,189,Expert,6.7,False,Internal Training Course Certification,2026-04-24T05:04:38.110506,
1640,221,134,Beginner,4.4,False,Internal Training Course Certification,2025-08-16T05:04:38.110519,
1641,221,179,Beginner,4.5,True,,2025-12-09T05:04:38.110532,
1642,221,96,Advanced,4.7,True,Internal Training Course Certification,2026-04-07T05:04:38.110547,
1643,221,135,Intermediate,4.7,True,,2025-09-21T05:04:38.110560,
1644,221,114,Advanced,6.4,False,,2026-04-05T05:04:38.110572,
1645,221,87,Beginner,7.3,False,Internal Training Course Certification,2026-02-04T05:04:38.110586,
1646,221,88,Beginner,2.9,False,Internal Training Course Certification,2026-03-02T05:04:38.110597,
1647,222,183,Beginner,2.2,False,Internal Training Course Certification,2025-12-27T05:04:38.110642,
1648,222,51,Beginner,7.8,True,Internal Training Course Certification,2026-07-05T05:04:38.110656,
1649,222,162,Expert,7.2,False,,2025-09-14T05:04:38.110668,
1650,222,43,Intermediate,6.6,False,Internal Training Course Certification,2025-11-28T05:04:38.110680,
1651,222,83,Expert,1.1,False,,2026-05-15T05:04:38.110692,
1652,222,117,Advanced,6.5,True,Internal Training Course Certification,2025-11-02T05:04:38.110704,
1653,222,80,Beginner,5.9,False,,2026-04-11T05:04:38.110716,
1654,223,33,Expert,7.3,False,Internal Training Course Certification,2026-07-20T05:04:38.110758,
1655,223,182,Intermediate,3.9,True,,2026-04-13T05:04:38.110770,
1656,223,93,Intermediate,7.3,True,Internal Training Course Certification,2026-07-08T05:04:38.110782,
1657,223,54,Beginner,1.7,True,,2025-09-07T05:04:38.110793,
1658,223,81,Expert,2.7,True,Internal Training Course Certification,2026-02-23T05:04:38.110806,
1659,224,177,Expert,3.4,False,,2026-01-31T05:04:38.110849,
1660,224,127,Advanced,2.9,False,,2025-08-17T05:04:38.110862,
1661,224,157,Beginner,7.8,True,Internal Training Course Certification,2026-04-15T05:04:38.110873,
1662,224,98,Intermediate,5.4,True,,2026-01-12T05:04:38.110885,
1663,224,66,Advanced,1.3,False,,2026-01-07T05:04:38.110897,
1664,224,80,Advanced,6.4,False,,2026-02-23T05:04:38.110909,
1665,224,8,Expert,3.7,False,,2026-07-14T05:04:38.110921,
1666,225,126,Advanced,7.0,False,,2025-10-31T05:04:38.110964,
1667,225,141,Advanced,3.9,False,Internal Training Course Certification,2026-03-08T05:04:38.110979,
1668,225,143,Intermediate,0.8,False,Internal Training Course Certification,2026-06-30T05:04:38.110991,
1669,225,145,Beginner,7.0,True,Internal Training Course Certification,2025-11-27T05:04:38.111003,
1670,225,154,Beginner,2.1,False,Internal Training Course Certification,2026-07-28T05:04:38.111014,
1671,225,83,Advanced,7.2,False,Internal Training Course Certification,2026-02-28T05:04:38.111026,
1672,225,117,Advanced,3.7,False,,2025-09-24T05:04:38.111038,
1673,225,41,Beginner,1.8,False,,2025-12-08T05:04:38.111054,
1674,226,95,Advanced,1.7,False,,2025-08-29T05:04:38.111098,
1675,226,179,Intermediate,3.3,False,,2026-02-04T05:04:38.111110,
1676,226,145,Beginner,7.7,True,Internal Training Course Certification,2026-03-19T05:04:38.111123,
1677,226,33,Beginner,1.1,False,,2025-11-23T05:04:38.111134,
1678,226,200,Intermediate,3.2,True,,2025-10-14T05:04:38.111146,
1679,226,163,Advanced,1.5,False,,2025-09-04T05:04:38.111158,
1680,227,177,Expert,2.5,False,,2026-02-14T05:04:38.111201,
1681,227,111,Advanced,5.6,True,Internal Training Course Certification,2025-12-26T05:04:38.111213,
1682,227,93,Advanced,3.2,False,Internal Training Course Certification,2025-08-17T05:04:38.111225,
1683,227,148,Intermediate,2.2,False,Internal Training Course Certification,2026-05-17T05:04:38.111236,
1684,227,104,Beginner,6.0,False,,2026-03-03T05:04:38.111248,
1685,227,41,Advanced,1.0,True,,2025-09-26T05:04:38.111260,
1686,228,184,Beginner,0.6,False,Internal Training Course Certification,2026-02-28T05:04:38.111305,
1687,228,93,Beginner,0.9,True,Internal Training Course Certification,2026-06-25T05:04:38.111321,
1688,228,130,Intermediate,2.2,False,Internal Training Course Certification,2025-10-13T05:04:38.111332,
1689,228,95,Intermediate,7.4,False,Internal Training Course Certification,2026-04-18T05:04:38.111344,
1690,228,2,Intermediate,3.7,False,,2025-10-28T05:04:38.111355,
1691,228,86,Expert,4.8,True,Internal Training Course Certification,2025-10-19T05:04:38.111367,
1692,228,182,Expert,0.6,False,,2026-06-19T05:04:38.111379,
1693,229,139,Beginner,6.2,True,,2025-12-08T05:04:38.111422,
1694,229,61,Beginner,3.2,True,,2025-09-05T05:04:38.111434,
1695,229,14,Advanced,1.7,False,Internal Training Course Certification,2025-12-18T05:04:38.111445,
1696,229,87,Advanced,5.4,True,Internal Training Course Certification,2025-12-15T05:04:38.111456,
1697,229,17,Advanced,1.1,False,Internal Training Course Certification,2025-09-07T05:04:38.111468,
1698,229,18,Intermediate,5.4,False,,2026-07-26T05:04:38.111479,
1699,229,37,Intermediate,6.8,False,,2026-06-29T05:04:38.111491,
1700,229,198,Intermediate,0.8,True,,2025-11-29T05:04:38.111502,
1701,229,16,Beginner,7.3,False,Internal Training Course Certification,2026-01-01T05:04:38.111513,
1702,229,134,Beginner,1.0,False,Internal Training Course Certification,2026-01-01T05:04:38.111525,
1703,230,85,Advanced,6.8,False,Internal Training Course Certification,2026-03-12T05:04:38.111570,
1704,230,5,Intermediate,3.7,False,Internal Training Course Certification,2026-04-21T05:04:38.111581,
1705,230,110,Expert,7.3,False,,2026-02-09T05:04:38.111593,
1706,230,51,Expert,6.2,True,,2026-05-22T05:04:38.111606,
1707,230,163,Beginner,1.6,False,,2026-05-23T05:04:38.111617,
1708,230,41,Intermediate,0.9,False,,2025-08-25T05:04:38.111629,
1709,230,111,Advanced,3.4,False,,2025-10-08T05:04:38.111640,
1710,231,105,Expert,7.3,False,,2026-04-09T05:04:38.111683,
1711,231,182,Beginner,4.1,False,,2025-09-21T05:04:38.111695,
1712,231,178,Beginner,2.8,False,Internal Training Course Certification,2025-12-08T05:04:38.111707,
1713,231,194,Expert,4.5,False,Internal Training Course Certification,2025-09-26T05:04:38.111718,
1714,231,113,Intermediate,3.3,False,Internal Training Course Certification,2026-06-18T05:04:38.111730,
1715,231,103,Expert,6.1,True,,2026-05-29T05:04:38.111741,
1716,231,124,Advanced,6.4,False,,2026-02-28T05:04:38.111752,
1717,231,135,Intermediate,3.0,False,,2025-11-16T05:04:38.111764,
1718,231,157,Expert,7.5,True,,2026-03-01T05:04:38.111776,
1719,232,165,Advanced,1.8,False,Internal Training Course Certification,2026-03-25T05:04:38.111817,
1720,232,134,Expert,2.8,False,Internal Training Course Certification,2026-02-23T05:04:38.111829,
1721,232,4,Advanced,2.7,False,,2025-10-01T05:04:38.111840,
1722,232,169,Beginner,4.2,True,Internal Training Course Certification,2025-09-14T05:04:38.111851,
1723,232,19,Expert,6.1,True,Internal Training Course Certification,2025-09-07T05:04:38.111865,
1724,233,87,Intermediate,7.9,True,Internal Training Course Certification,2026-06-05T05:04:38.111908,
1725,233,105,Intermediate,3.7,True,,2025-12-16T05:04:38.111919,
1726,233,67,Intermediate,1.1,False,Internal Training Course Certification,2026-05-05T05:04:38.111932,
1727,233,183,Advanced,2.5,False,,2026-05-09T05:04:38.111944,
1728,233,25,Intermediate,4.8,False,Internal Training Course Certification,2025-12-17T05:04:38.111955,
1729,233,192,Beginner,3.6,True,,2026-04-10T05:04:38.111966,
1730,233,170,Advanced,0.7,False,Internal Training Course Certification,2025-10-07T05:04:38.111978,
1731,234,162,Beginner,1.2,True,,2025-11-12T05:04:38.112021,
1732,234,185,Expert,1.1,True,Internal Training Course Certification,2025-09-09T05:04:38.112033,
1733,234,126,Intermediate,5.2,False,,2025-09-21T05:04:38.112044,
1734,234,58,Advanced,5.8,False,Internal Training Course Certification,2025-11-27T05:04:38.112056,
1735,234,172,Expert,2.9,False,,2026-04-17T05:04:38.112067,
1736,234,83,Advanced,0.8,True,Internal Training Course Certification,2026-07-23T05:04:38.112079,
1737,234,139,Beginner,5.5,False,,2026-07-22T05:04:38.112093,
1738,234,103,Expert,3.1,True,Internal Training Course Certification,2026-05-24T05:04:38.112104,
1739,234,70,Expert,1.7,False,Internal Training Course Certification,2025-12-06T05:04:38.112116,
1740,234,143,Expert,7.5,False,Internal Training Course Certification,2026-01-17T05:04:38.112127,
1741,235,200,Advanced,4.9,False,Internal Training Course Certification,2026-07-29T05:04:38.112169,
1742,235,83,Beginner,2.1,False,Internal Training Course Certification,2025-10-22T05:04:38.112181,
1743,235,194,Expert,3.2,False,,2026-04-07T05:04:38.112192,
1744,235,125,Intermediate,4.2,False,Internal Training Course Certification,2026-07-05T05:04:38.112204,
1745,235,20,Expert,4.3,False,,2025-09-22T05:04:38.112223,
1746,235,96,Beginner,5.5,True,Internal Training Course Certification,2025-09-29T05:04:38.112234,
1747,235,95,Expert,2.7,False,Internal Training Course Certification,2026-01-27T05:04:38.112245,
1748,236,127,Advanced,2.9,False,,2026-01-22T05:04:38.112285,
1749,236,189,Beginner,1.3,True,,2026-02-18T05:04:38.112296,
1750,236,155,Intermediate,5.7,True,,2025-12-25T05:04:38.112307,
1751,236,159,Beginner,2.3,True,,2026-01-15T05:04:38.112317,
1752,236,126,Intermediate,3.8,False,Internal Training Course Certification,2026-01-29T05:04:38.112328,
1753,236,140,Advanced,5.7,False,,2026-06-29T05:04:38.112338,
1754,236,139,Intermediate,4.1,True,,2026-02-05T05:04:38.112348,
1755,236,61,Beginner,3.7,False,,2025-10-31T05:04:38.112358,
1756,236,86,Beginner,3.9,False,,2026-04-22T05:04:38.112368,
1757,236,93,Advanced,3.4,True,,2025-12-03T05:04:38.112379,
1758,237,143,Intermediate,5.4,False,,2025-09-02T05:04:38.112418,
1759,237,189,Advanced,6.3,True,,2026-05-13T05:04:38.112429,
1760,237,176,Beginner,2.0,True,,2026-07-04T05:04:38.112439,
1761,237,110,Expert,4.0,False,,2026-03-31T05:04:38.112449,
1762,237,165,Beginner,7.6,True,Internal Training Course Certification,2025-12-05T05:04:38.112459,
1763,237,200,Expert,6.7,False,Internal Training Course Certification,2026-06-10T05:04:38.112469,
1764,237,62,Advanced,7.6,False,Internal Training Course Certification,2026-02-27T05:04:38.112482,
1765,237,195,Advanced,4.9,False,Internal Training Course Certification,2025-12-10T05:04:38.112494,
1766,237,182,Intermediate,5.5,False,,2026-05-20T05:04:38.112505,
1767,238,109,Intermediate,1.9,False,,2026-07-25T05:04:38.112544,
1768,238,17,Intermediate,2.8,False,Internal Training Course Certification,2026-05-12T05:04:38.112555,
1769,238,97,Beginner,6.4,False,,2025-08-28T05:04:38.112565,
1770,238,34,Beginner,6.8,False,,2026-06-28T05:04:38.112575,
1771,238,138,Expert,2.4,False,,2025-12-09T05:04:38.112585,
1772,238,107,Advanced,2.5,True,,2026-04-13T05:04:38.112595,
1773,238,10,Beginner,2.1,False,,2026-04-01T05:04:38.112605,
1774,238,162,Expert,3.4,False,,2025-08-30T05:04:38.112618,
1775,239,56,Expert,6.9,False,Internal Training Course Certification,2025-12-18T05:04:38.112656,
1776,239,18,Beginner,2.9,False,Internal Training Course Certification,2025-12-11T05:04:38.112666,
1777,239,165,Beginner,1.6,False,Internal Training Course Certification,2026-03-17T05:04:38.112677,
1778,239,88,Advanced,1.5,True,,2025-09-30T05:04:38.112687,
1779,239,103,Beginner,1.7,True,Internal Training Course Certification,2025-10-29T05:04:38.112697,
1780,239,173,Expert,2.3,False,,2025-10-18T05:04:38.112707,
1781,239,96,Expert,2.6,True,,2025-12-22T05:04:38.112717,
1782,239,69,Beginner,5.5,False,Internal Training Course Certification,2026-06-29T05:04:38.112728,
1783,240,121,Advanced,7.4,True,,2025-08-30T05:04:38.112768,
1784,240,162,Expert,1.6,True,Internal Training Course Certification,2026-07-09T05:04:38.112780,
1785,240,138,Intermediate,5.2,True,Internal Training Course Certification,2026-05-02T05:04:38.112790,
1786,240,62,Beginner,4.2,False,Internal Training Course Certification,2025-12-18T05:04:38.112800,
1787,240,114,Intermediate,6.2,True,,2025-09-14T05:04:38.112810,
1788,240,56,Intermediate,5.6,False,,2026-04-15T05:04:38.112820,
1789,240,156,Expert,3.8,False,Internal Training Course Certification,2026-03-29T05:04:38.112829,
1790,240,46,Intermediate,5.3,False,Internal Training Course Certification,2026-01-02T05:04:38.112840,
1791,240,149,Expert,4.0,False,,2025-11-27T05:04:38.112851,
1792,240,37,Intermediate,6.8,True,,2026-06-11T05:04:38.112861,
1793,241,89,Expert,2.4,False,Internal Training Course Certification,2025-10-04T05:04:38.112897,
1794,241,34,Beginner,3.0,False,,2026-07-11T05:04:38.112907,
1795,241,157,Expert,6.7,False,,2026-03-11T05:04:38.112917,
1796,241,35,Expert,7.4,True,,2025-11-19T05:04:38.112927,
1797,241,85,Beginner,2.4,False,,2026-07-29T05:04:38.112939,
1798,242,18,Intermediate,2.2,True,,2025-08-26T05:04:38.112975,
1799,242,87,Expert,5.3,False,,2025-11-02T05:04:38.112988,
1800,242,89,Beginner,2.5,True,,2025-10-19T05:04:38.112998,
1801,242,69,Advanced,1.6,False,Internal Training Course Certification,2026-01-16T05:04:38.113008,
1802,242,93,Expert,5.2,True,,2025-12-15T05:04:38.113018,
1803,242,57,Expert,0.7,True,,2026-03-27T05:04:38.113028,
1804,242,196,Intermediate,6.9,False,,2025-10-05T05:04:38.113039,
1805,242,24,Advanced,1.5,True,,2026-02-21T05:04:38.113050,
1806,242,126,Intermediate,5.7,True,Internal Training Course Certification,2026-06-19T05:04:38.113060,
1807,242,195,Intermediate,2.9,False,,2025-08-16T05:04:38.113069,
1808,243,39,Intermediate,3.6,True,,2025-11-01T05:04:38.113106,
1809,243,90,Beginner,3.8,False,,2025-11-26T05:04:38.113116,
1810,243,74,Expert,4.3,True,Internal Training Course Certification,2026-03-03T05:04:38.113126,
1811,243,155,Beginner,3.6,False,,2025-09-27T05:04:38.113136,
1812,243,78,Advanced,1.8,True,Internal Training Course Certification,2026-04-20T05:04:38.113146,
1813,243,157,Advanced,6.9,True,Internal Training Course Certification,2026-04-23T05:04:38.113156,
1814,244,57,Expert,4.8,True,,2026-05-01T05:04:38.113192,
1815,244,108,Beginner,6.0,True,Internal Training Course Certification,2025-09-05T05:04:38.113202,
1816,244,98,Advanced,7.7,True,Internal Training Course Certification,2025-10-31T05:04:38.113213,
1817,244,83,Advanced,6.4,False,,2025-12-24T05:04:38.113223,
1818,244,85,Intermediate,1.6,False,,2025-11-27T05:04:38.113232,
1819,244,163,Advanced,3.5,False,,2025-12-01T05:04:38.113242,
1820,244,74,Beginner,7.7,True,Internal Training Course Certification,2025-10-20T05:04:38.113252,
1821,245,96,Beginner,2.7,False,,2026-03-04T05:04:38.113289,
1822,245,165,Expert,0.6,False,,2026-05-29T05:04:38.113299,
1823,245,158,Intermediate,0.9,True,,2026-06-23T05:04:38.113311,
1824,245,28,Expert,3.0,False,,2025-11-21T05:04:38.113323,
1825,245,178,Expert,0.8,False,Internal Training Course Certification,2026-05-14T05:04:38.113335,
1826,246,56,Beginner,1.2,True,,2026-02-07T05:04:38.113371,
1827,246,139,Advanced,6.4,False,Internal Training Course Certification,2026-05-01T05:04:38.113381,
1828,246,157,Beginner,3.8,True,,2026-05-15T05:04:38.113391,
1829,246,24,Advanced,6.5,False,Internal Training Course Certification,2026-05-25T05:04:38.113401,
1830,246,98,Intermediate,4.9,True,,2025-08-16T05:04:38.113411,
1831,246,123,Intermediate,0.7,True,,2026-03-27T05:04:38.113421,
1832,247,95,Beginner,1.5,True,Internal Training Course Certification,2025-11-29T05:04:38.113458,
1833,247,2,Beginner,7.6,True,,2025-12-31T05:04:38.113469,
1834,247,103,Advanced,1.4,False,Internal Training Course Certification,2026-07-27T05:04:38.113478,
1835,247,96,Beginner,3.2,True,,2026-03-28T05:04:38.113488,
1836,247,57,Advanced,0.9,False,,2026-04-14T05:04:38.113499,
1837,247,113,Intermediate,1.1,False,,2026-05-18T05:04:38.113508,
1838,247,165,Beginner,6.9,False,Internal Training Course Certification,2026-07-11T05:04:38.113518,
1839,248,5,Beginner,2.0,True,,2025-10-27T05:04:38.113555,
1840,248,117,Expert,2.9,True,Internal Training Course Certification,2026-03-04T05:04:38.113566,
1841,248,130,Beginner,3.5,False,,2025-10-19T05:04:38.113576,
1842,248,88,Expert,3.5,False,,2026-05-16T05:04:38.113718,
1843,248,24,Expert,3.4,False,Internal Training Course Certification,2025-09-29T05:04:38.113744,
1844,248,71,Beginner,7.2,False,,2026-05-29T05:04:38.113754,
1845,248,17,Expert,7.4,True,,2026-02-23T05:04:38.113763,
1846,248,37,Intermediate,1.1,False,Internal Training Course Certification,2025-10-31T05:04:38.113771,
1847,249,8,Intermediate,0.5,True,,2026-07-30T05:04:38.113819,
1848,249,163,Expert,3.1,True,,2026-02-24T05:04:38.113828,
1849,249,33,Advanced,7.5,False,Internal Training Course Certification,2026-03-11T05:04:38.113836,
1850,249,138,Advanced,4.1,True,Internal Training Course Certification,2026-01-15T05:04:38.113844,
1851,249,125,Intermediate,1.3,True,,2026-06-16T05:04:38.113851,
1852,249,94,Beginner,2.6,False,Internal Training Course Certification,2025-11-06T05:04:38.113859,
1853,249,110,Beginner,1.9,True,,2026-03-11T05:04:38.113866,
1854,250,164,Intermediate,4.6,False,Internal Training Course Certification,2026-07-14T05:04:38.113896,
1855,250,39,Expert,6.2,True,Internal Training Course Certification,2025-11-07T05:04:38.113904,
1856,250,87,Intermediate,6.6,False,Internal Training Course Certification,2025-10-02T05:04:38.113912,
1857,250,25,Beginner,4.3,False,,2025-10-17T05:04:38.113920,
1858,250,114,Intermediate,2.7,False,,2025-10-31T05:04:38.113927,
1859,250,54,Expert,0.9,True,,2026-07-02T05:04:38.113935,
1860,250,157,Beginner,4.2,True,Internal Training Course Certification,2025-12-24T05:04:38.113942,
1861,251,17,Beginner,3.3,True,,2026-02-23T05:04:38.113970,
1862,251,185,Beginner,2.1,False,,2026-03-19T05:04:38.113980,
1863,251,52,Intermediate,4.3,True,,2026-01-20T05:04:38.113987,
1864,251,121,Beginner,2.9,True,,2026-02-23T05:04:38.113996,
1865,251,98,Intermediate,5.7,False,,2025-11-20T05:04:38.114004,
1866,251,86,Advanced,1.2,False,,2026-06-07T05:04:38.114011,
1867,252,48,Intermediate,7.3,False,Internal Training Course Certification,2025-10-30T05:04:38.114039,
1868,252,10,Expert,3.6,False,,2026-02-08T05:04:38.114046,
1869,252,3,Intermediate,7.0,False,,2025-09-11T05:04:38.114054,
1870,252,79,Beginner,0.7,True,Internal Training Course Certification,2026-01-24T05:04:38.114062,
1871,252,171,Expert,3.8,True,,2025-08-30T05:04:38.114069,
1872,253,34,Beginner,1.7,True,Internal Training Course Certification,2026-02-01T05:04:38.114097,
1873,253,155,Intermediate,4.7,True,Internal Training Course Certification,2026-05-16T05:04:38.114104,
1874,253,74,Advanced,1.4,True,,2025-12-30T05:04:38.114112,
1875,253,20,Advanced,3.4,True,Internal Training Course Certification,2026-05-30T05:04:38.114119,
1876,253,88,Beginner,3.5,False,,2025-09-15T05:04:38.114127,
1877,254,43,Beginner,2.7,False,Internal Training Course Certification,2025-12-14T05:04:38.114158,
1878,254,107,Expert,4.0,True,,2025-11-09T05:04:38.114165,
1879,254,195,Advanced,5.4,True,,2026-07-28T05:04:38.114173,
1880,254,47,Advanced,7.1,False,,2025-11-29T05:04:38.114180,
1881,254,18,Intermediate,4.7,False,,2026-05-03T05:04:38.114188,
1882,254,185,Advanced,6.4,True,,2026-01-15T05:04:38.114196,
1883,254,178,Expert,2.1,False,,2025-12-10T05:04:38.114204,
1884,254,159,Intermediate,3.9,False,,2025-10-01T05:04:38.114211,
1885,254,186,Advanced,5.0,True,,2026-05-14T05:04:38.114219,
1886,255,186,Beginner,6.5,True,Internal Training Course Certification,2026-03-11T05:04:38.114250,
1887,255,84,Advanced,0.9,False,,2025-12-24T05:04:38.114257,
1888,255,25,Expert,6.6,False,Internal Training Course Certification,2026-02-05T05:04:38.114265,
1889,255,183,Expert,4.1,False,Internal Training Course Certification,2025-10-14T05:04:38.114272,
1890,255,96,Intermediate,7.3,False,Internal Training Course Certification,2025-12-28T05:04:38.114280,
1891,255,178,Expert,5.4,True,,2026-05-01T05:04:38.114287,
1892,255,89,Intermediate,4.7,False,Internal Training Course Certification,2026-06-07T05:04:38.114295,
1893,255,129,Beginner,6.4,False,,2025-09-09T05:04:38.114302,
1894,255,45,Beginner,2.6,True,,2026-07-22T05:04:38.114309,
1895,255,75,Expert,5.4,False,Internal Training Course Certification,2026-06-29T05:04:38.114317,
1896,256,117,Advanced,5.3,True,,2025-11-18T05:04:38.114355,
1897,256,10,Intermediate,1.1,False,,2026-05-05T05:04:38.114363,
1898,256,126,Expert,6.7,True,Internal Training Course Certification,2025-08-18T05:04:38.114371,
1899,256,195,Advanced,5.1,False,,2026-03-31T05:04:38.114379,
1900,256,66,Advanced,7.8,False,,2026-05-22T05:04:38.114386,
1901,256,67,Intermediate,3.9,True,,2026-07-13T05:04:38.114395,
1902,256,70,Beginner,6.4,False,,2026-06-19T05:04:38.114403,
1903,256,87,Expert,2.9,False,,2026-02-27T05:04:38.114410,
1904,256,84,Intermediate,7.0,True,,2026-07-19T05:04:38.114418,
1905,257,58,Beginner,6.8,True,,2025-12-13T05:04:38.114447,
1906,257,43,Advanced,1.0,True,,2025-12-30T05:04:38.114455,
1907,257,1,Intermediate,1.0,False,,2026-06-30T05:04:38.114462,
1908,257,186,Beginner,7.1,False,,2025-09-27T05:04:38.114469,
1909,257,145,Beginner,4.1,True,,2025-10-06T05:04:38.114477,
1910,257,80,Advanced,6.7,False,,2025-11-29T05:04:38.114484,
1911,257,110,Beginner,4.5,True,,2026-01-14T05:04:38.114492,
1912,258,8,Advanced,4.2,False,,2026-07-27T05:04:38.114520,
1913,258,17,Beginner,6.4,False,Internal Training Course Certification,2026-04-18T05:04:38.114528,
1914,258,167,Advanced,7.1,True,,2026-02-21T05:04:38.114535,
1915,258,116,Intermediate,5.4,False,Internal Training Course Certification,2026-04-03T05:04:38.114543,
1916,258,200,Intermediate,2.7,False,,2026-02-07T05:04:38.114550,
1917,258,107,Intermediate,5.5,False,Internal Training Course Certification,2026-01-16T05:04:38.114557,
1918,258,89,Advanced,2.5,True,Internal Training Course Certification,2026-05-04T05:04:38.114565,
1919,258,66,Beginner,0.7,False,Internal Training Course Certification,2025-11-19T05:04:38.114572,
1920,258,100,Beginner,5.9,True,Internal Training Course Certification,2025-10-14T05:04:38.114579,
1921,259,148,Expert,7.9,False,Internal Training Course Certification,2025-11-18T05:04:38.114610,
1922,259,183,Advanced,3.4,True,Internal Training Course Certification,2025-09-06T05:04:38.114618,
1923,259,171,Advanced,7.6,True,,2025-11-07T05:04:38.114625,
1924,259,138,Intermediate,2.3,False,,2026-07-27T05:04:38.114633,
1925,259,18,Advanced,4.2,True,,2026-04-17T05:04:38.114640,
1926,259,116,Beginner,0.8,True,,2026-03-16T05:04:38.114649,
1927,259,165,Beginner,7.3,True,,2025-11-29T05:04:38.114656,
1928,259,103,Advanced,1.6,False,Internal Training Course Certification,2026-05-28T05:04:38.114665,
1929,259,135,Intermediate,2.0,True,Internal Training Course Certification,2026-05-20T05:04:38.114672,
1930,260,127,Beginner,3.4,True,,2025-10-26T05:04:38.114700,
1931,260,183,Expert,5.5,False,Internal Training Course Certification,2025-12-09T05:04:38.114708,
1932,260,70,Intermediate,3.8,True,,2026-07-11T05:04:38.114715,
1933,260,95,Expert,7.5,True,,2025-11-29T05:04:38.114723,
1934,260,143,Expert,6.1,False,,2026-01-31T05:04:38.114730,
1935,260,135,Advanced,1.7,False,Internal Training Course Certification,2026-01-30T05:04:38.114737,
1936,260,69,Intermediate,6.0,True,,2026-02-22T05:04:38.114745,
1937,260,98,Intermediate,5.1,False,Internal Training Course Certification,2026-05-27T05:04:38.114752,
1938,260,178,Beginner,0.6,True,,2025-12-01T05:04:38.114759,
1939,260,24,Advanced,1.6,False,,2025-12-12T05:04:38.114766,
1940,261,172,Intermediate,1.5,False,Internal Training Course Certification,2025-08-27T05:04:38.114795,
1941,261,4,Advanced,6.3,False,Internal Training Course Certification,2026-02-06T05:04:38.114803,
1942,261,135,Advanced,6.2,False,Internal Training Course Certification,2026-03-29T05:04:38.114811,
1943,261,86,Intermediate,4.6,True,Internal Training Course Certification,2025-10-16T05:04:38.114818,
1944,261,66,Intermediate,2.9,True,,2026-02-16T05:04:38.114825,
1945,261,51,Intermediate,2.8,False,,2026-07-08T05:04:38.114833,
1946,262,134,Intermediate,5.9,True,Internal Training Course Certification,2026-06-06T05:04:38.114860,
1947,262,89,Expert,1.4,True,,2026-04-21T05:04:38.114867,
1948,262,169,Expert,6.3,False,,2025-10-19T05:04:38.114875,
1949,262,79,Beginner,0.9,True,Internal Training Course Certification,2026-01-15T05:04:38.114884,
1950,262,6,Advanced,4.7,False,,2026-03-29T05:04:38.114891,
1951,263,55,Intermediate,4.8,True,Internal Training Course Certification,2026-04-30T05:04:38.114919,
1952,263,48,Beginner,7.1,False,,2026-07-15T05:04:38.114926,
1953,263,98,Advanced,6.7,True,,2025-11-09T05:04:38.114934,
1954,263,134,Expert,3.5,False,Internal Training Course Certification,2025-09-30T05:04:38.114941,
1955,263,33,Beginner,0.6,False,,2026-05-13T05:04:38.114949,
1956,263,121,Advanced,0.6,False,,2025-10-12T05:04:38.114956,
1957,263,165,Beginner,7.9,True,Internal Training Course Certification,2025-12-09T05:04:38.114963,
1958,264,58,Advanced,7.4,False,,2026-06-13T05:04:38.114991,
1959,264,69,Beginner,4.3,True,,2025-09-22T05:04:38.114999,
1960,264,18,Beginner,7.4,False,Internal Training Course Certification,2025-09-25T05:04:38.115008,
1961,264,138,Advanced,1.7,True,,2025-09-17T05:04:38.115015,
1962,264,37,Expert,2.1,True,,2025-12-21T05:04:38.115023,
1963,264,71,Advanced,2.0,False,,2025-11-10T05:04:38.115030,
1964,265,74,Expert,5.2,True,Internal Training Course Certification,2026-03-03T05:04:38.115057,
1965,265,160,Advanced,7.3,True,Internal Training Course Certification,2026-04-06T05:04:38.115065,
1966,265,63,Beginner,5.4,False,Internal Training Course Certification,2025-12-04T05:04:38.115073,
1967,265,19,Intermediate,0.7,False,,2026-01-01T05:04:38.115080,
1968,265,114,Beginner,7.8,False,,2025-12-14T05:04:38.115087,
1969,265,66,Advanced,7.6,True,Internal Training Course Certification,2025-10-31T05:04:38.115095,
1970,265,164,Beginner,1.2,False,,2025-10-17T05:04:38.115102,
1971,266,28,Beginner,6.8,True,Internal Training Course Certification,2025-12-31T05:04:38.115130,
1972,266,86,Intermediate,2.1,False,,2026-06-18T05:04:38.115138,
1973,266,119,Intermediate,5.2,False,Internal Training Course Certification,2025-12-19T05:04:38.115145,
1974,266,142,Intermediate,2.9,False,,2025-11-14T05:04:38.115152,
1975,266,111,Advanced,3.4,True,,2026-03-08T05:04:38.115160,
1976,266,148,Beginner,7.2,True,,2026-06-18T05:04:38.115167,
1977,267,78,Advanced,1.2,True,Internal Training Course Certification,2026-06-08T05:04:38.115196,
1978,267,18,Advanced,3.4,False,Internal Training Course Certification,2026-04-17T05:04:38.115204,
1979,267,130,Expert,7.2,False,,2025-09-15T05:04:38.115213,
1980,267,182,Intermediate,1.5,True,,2025-10-09T05:04:38.115221,
1981,267,56,Beginner,5.3,True,,2026-01-22T05:04:38.115229,
1982,267,195,Advanced,6.5,False,Internal Training Course Certification,2026-06-30T05:04:38.115236,
1983,267,116,Intermediate,7.0,True,,2026-07-20T05:04:38.115244,
1984,267,175,Expert,3.0,False,Internal Training Course Certification,2025-10-17T05:04:38.115251,
1985,267,196,Intermediate,0.8,True,Internal Training Course Certification,2026-02-18T05:04:38.115258,
1986,268,43,Expert,2.5,False,Internal Training Course Certification,2025-09-05T05:04:38.115285,
1987,268,89,Expert,4.6,True,,2026-07-23T05:04:38.115293,
1988,268,66,Advanced,0.8,True,,2026-06-21T05:04:38.115301,
1989,268,37,Expert,2.7,False,,2026-05-30T05:04:38.115308,
1990,268,25,Advanced,7.7,True,,2025-10-13T05:04:38.115316,
1991,269,2,Beginner,6.7,False,Internal Training Course Certification,2025-12-25T05:04:38.115344,
1992,269,62,Beginner,6.8,True,Internal Training Course Certification,2026-05-08T05:04:38.115352,
1993,269,113,Advanced,2.2,False,,2026-03-28T05:04:38.115360,
1994,269,56,Expert,1.8,True,Internal Training Course Certification,2025-11-09T05:04:38.115367,
1995,269,159,Advanced,1.3,False,,2026-03-17T05:04:38.115375,
1996,270,165,Beginner,6.3,True,,2026-06-08T05:04:38.115402,
1997,270,155,Beginner,2.8,False,Internal Training Course Certification,2026-06-14T05:04:38.115410,
1998,270,37,Expert,2.5,True,,2026-03-06T05:04:38.115417,
1999,270,66,Expert,4.9,True,Internal Training Course Certification,2025-12-09T05:04:38.115426,
2000,270,139,Advanced,3.3,False,,2026-01-05T05:04:38.115434,
2001,270,14,Intermediate,2.1,True,Internal Training Course Certification,2026-07-19T05:04:38.115441,
2002,271,130,Beginner,2.8,False,Internal Training Course Certification,2026-07-27T05:04:38.115468,
2003,271,75,Intermediate,4.0,False,,2026-05-17T05:04:38.115476,
2004,271,94,Advanced,6.1,False,,2026-05-07T05:04:38.115483,
2005,271,73,Expert,1.4,True,Internal Training Course Certification,2026-07-25T05:04:38.115491,
2006,271,48,Beginner,1.7,False,Internal Training Course Certification,2025-10-11T05:04:38.115498,
2007,271,192,Advanced,7.9,False,,2025-12-02T05:04:38.115505,
2008,271,197,Beginner,3.2,False,,2026-01-23T05:04:38.115513,
2009,271,93,Advanced,4.0,False,,2025-12-07T05:04:38.115520,
2010,272,157,Intermediate,4.7,False,,2026-01-19T05:04:38.115549,
2011,272,129,Intermediate,7.7,False,Internal Training Course Certification,2025-09-30T05:04:38.115557,
2012,272,138,Beginner,5.0,False,,2025-09-09T05:04:38.115564,
2013,272,185,Advanced,0.6,False,,2026-06-28T05:04:38.115572,
2014,272,88,Beginner,5.8,False,Internal Training Course Certification,2026-06-24T05:04:38.115579,
2015,272,46,Intermediate,4.2,False,,2026-01-24T05:04:38.115587,
2016,272,141,Intermediate,5.4,False,,2025-08-26T05:04:38.115594,
2017,273,33,Intermediate,2.1,True,Internal Training Course Certification,2025-12-02T05:04:38.115623,
2018,273,179,Expert,5.5,False,,2026-04-24T05:04:38.115633,
2019,273,57,Expert,4.4,True,Internal Training Course Certification,2026-06-09T05:04:38.115640,
2020,273,47,Advanced,2.9,True,,2026-06-29T05:04:38.115648,
2021,273,155,Expert,6.8,True,,2026-04-17T05:04:38.115655,
2022,273,18,Intermediate,2.4,True,,2026-07-04T05:04:38.115663,
2023,273,62,Advanced,5.2,True,Internal Training Course Certification,2025-09-04T05:04:38.115670,
2024,273,43,Expert,6.4,False,Internal Training Course Certification,2026-02-03T05:04:38.115677,
2025,273,164,Advanced,2.7,False,Internal Training Course Certification,2025-11-01T05:04:38.115684,
2026,274,33,Expert,6.1,True,,2026-04-29T05:04:38.115711,
2027,274,70,Expert,3.4,False,,2025-09-07T05:04:38.115719,
2028,274,51,Intermediate,3.9,True,,2026-03-16T05:04:38.115726,
2029,274,98,Intermediate,4.5,True,Internal Training Course Certification,2026-06-09T05:04:38.115735,
2030,274,2,Intermediate,6.9,False,Internal Training Course Certification,2026-03-07T05:04:38.115743,
2031,275,46,Intermediate,3.7,False,Internal Training Course Certification,2026-07-23T05:04:38.115771,
2032,275,167,Intermediate,5.0,False,,2026-05-20T05:04:38.115778,
2033,275,100,Beginner,3.0,True,Internal Training Course Certification,2026-07-07T05:04:38.115786,
2034,275,105,Expert,4.8,False,Internal Training Course Certification,2025-10-03T05:04:38.115793,
2035,275,5,Advanced,5.0,False,Internal Training Course Certification,2026-07-30T05:04:38.115801,
2036,275,200,Expert,4.7,True,,2026-02-03T05:04:38.115808,
2037,275,155,Intermediate,3.1,True,Internal Training Course Certification,2025-11-06T05:04:38.115815,
2038,275,81,Advanced,4.9,True,,2025-11-03T05:04:38.115824,
2039,275,44,Advanced,6.6,False,Internal Training Course Certification,2026-04-30T05:04:38.115832,
2040,275,156,Expert,6.5,True,Internal Training Course Certification,2026-07-13T05:04:38.115839,
2041,276,169,Advanced,4.8,True,,2026-05-02T05:04:38.115867,
2042,276,196,Beginner,5.8,False,,2026-01-30T05:04:38.115875,
2043,276,184,Advanced,6.3,False,Internal Training Course Certification,2025-12-04T05:04:38.115882,
2044,276,10,Advanced,5.3,False,,2026-05-31T05:04:38.115890,
2045,276,96,Beginner,7.9,False,,2026-02-27T05:04:38.115897,
2046,276,114,Expert,3.5,True,,2026-02-01T05:04:38.115904,
2047,276,183,Intermediate,7.8,False,,2025-09-18T05:04:38.115912,
2048,276,55,Advanced,0.7,False,,2025-10-08T05:04:38.115919,
2049,276,81,Advanced,2.0,False,,2025-11-18T05:04:38.115927,
2050,277,122,Intermediate,5.7,False,Internal Training Course Certification,2026-01-04T05:04:38.115954,
2051,277,86,Intermediate,4.2,True,Internal Training Course Certification,2025-10-15T05:04:38.115962,
2052,277,178,Advanced,2.6,True,,2026-01-19T05:04:38.115969,
2053,277,114,Beginner,6.5,True,Internal Training Course Certification,2025-12-26T05:04:38.115976,
2054,277,163,Advanced,1.0,False,,2026-02-24T05:04:38.115984,
2055,277,157,Advanced,3.5,False,Internal Training Course Certification,2026-06-30T05:04:38.115993,
2056,278,185,Expert,5.6,True,Internal Training Course Certification,2025-11-07T05:04:38.116020,
2057,278,84,Intermediate,0.7,False,Internal Training Course Certification,2026-02-14T05:04:38.116029,
2058,278,12,Intermediate,3.8,True,,2026-07-08T05:04:38.116036,
2059,278,24,Beginner,3.5,False,,2026-01-18T05:04:38.116044,
2060,278,90,Intermediate,6.4,True,,2026-03-23T05:04:38.116051,
2061,278,163,Expert,4.4,True,,2026-04-07T05:04:38.116058,
2062,278,48,Beginner,3.2,True,Internal Training Course Certification,2025-10-22T05:04:38.116065,
2063,279,96,Expert,8.0,False,Internal Training Course Certification,2025-08-29T05:04:38.116093,
2064,279,192,Expert,2.1,False,,2026-01-11T05:04:38.116101,
2065,279,24,Beginner,3.6,True,,2026-02-18T05:04:38.116109,
2066,279,172,Advanced,4.1,False,,2025-11-04T05:04:38.116116,
2067,279,116,Beginner,6.2,True,,2026-01-20T05:04:38.116124,
2068,279,130,Advanced,5.8,False,Internal Training Course Certification,2026-03-12T05:04:38.116131,
2069,279,139,Beginner,3.1,False,Internal Training Course Certification,2026-01-28T05:04:38.116139,
2070,279,140,Expert,6.1,True,,2026-03-15T05:04:38.116146,
2071,279,179,Beginner,2.1,False,,2026-04-14T05:04:38.116154,
2072,279,104,Expert,3.8,True,Internal Training Course Certification,2026-07-30T05:04:38.116161,
2073,280,127,Advanced,3.6,False,,2026-07-09T05:04:38.116192,
2074,280,19,Beginner,1.4,True,,2026-05-02T05:04:38.116199,
2075,280,129,Beginner,5.8,False,,2026-06-03T05:04:38.116207,
2076,280,46,Beginner,1.5,False,Internal Training Course Certification,2026-06-24T05:04:38.116214,
2077,280,145,Expert,6.1,False,,2025-11-23T05:04:38.116223,
2078,280,69,Advanced,2.0,True,,2026-06-12T05:04:38.116230,
2079,280,33,Advanced,2.4,False,,2026-05-25T05:04:38.116238,
2080,280,179,Advanced,3.1,True,Internal Training Course Certification,2026-04-21T05:04:38.116247,
2081,280,185,Advanced,1.7,False,Internal Training Course Certification,2025-09-13T05:04:38.116254,
2082,280,135,Beginner,3.7,False,,2025-12-19T05:04:38.116262,
2083,281,124,Beginner,3.2,True,,2025-12-21T05:04:38.116289,
2084,281,12,Beginner,2.0,False,,2026-02-28T05:04:38.116296,
2085,281,195,Intermediate,2.7,False,,2025-09-09T05:04:38.116304,
2086,281,21,Intermediate,3.7,True,,2025-08-31T05:04:38.116311,
2087,281,94,Advanced,2.3,False,Internal Training Course Certification,2026-02-10T05:04:38.116319,
2088,282,71,Intermediate,5.9,True,Internal Training Course Certification,2025-12-12T05:04:38.116353,
2089,282,57,Expert,3.4,False,Internal Training Course Certification,2025-10-01T05:04:38.116362,
2090,282,1,Intermediate,6.1,True,Internal Training Course Certification,2026-05-17T05:04:38.116369,
2091,282,27,Advanced,3.1,False,,2026-06-10T05:04:38.116377,
2092,282,86,Expert,1.1,False,,2026-06-11T05:04:38.116384,
2093,282,48,Beginner,1.7,False,,2025-10-01T05:04:38.116392,
2094,282,51,Expert,1.6,False,,2025-10-06T05:04:38.116399,
2095,282,39,Expert,1.8,False,Internal Training Course Certification,2025-11-27T05:04:38.116406,
2096,282,62,Beginner,3.8,True,Internal Training Course Certification,2025-12-31T05:04:38.116415,
2097,283,125,Intermediate,4.1,False,Internal Training Course Certification,2026-02-14T05:04:38.116444,
2098,283,141,Advanced,2.5,False,,2026-04-02T05:04:38.116451,
2099,283,97,Intermediate,8.0,True,,2026-02-18T05:04:38.116459,
2100,283,37,Beginner,0.6,True,Internal Training Course Certification,2026-02-22T05:04:38.116466,
2101,283,117,Intermediate,2.4,True,,2025-12-10T05:04:38.116474,
2102,283,200,Beginner,3.5,True,Internal Training Course Certification,2025-11-30T05:04:38.116481,
2103,283,109,Expert,5.9,False,,2026-02-18T05:04:38.116488,
2104,283,81,Advanced,7.9,False,,2026-06-28T05:04:38.116496,
2105,283,18,Beginner,2.2,True,,2025-10-10T05:04:38.116503,
2106,284,175,Expert,5.3,False,,2025-08-19T05:04:38.116529,
2107,284,186,Advanced,5.4,False,,2026-07-11T05:04:38.116537,
2108,284,143,Expert,2.6,False,Internal Training Course Certification,2026-06-19T05:04:38.116544,
2109,284,98,Intermediate,5.6,True,,2026-06-29T05:04:38.116552,
2110,284,61,Expert,7.9,True,,2025-12-03T05:04:38.116559,
2111,285,18,Advanced,6.0,False,Internal Training Course Certification,2026-03-23T05:04:38.116587,
2112,285,93,Advanced,4.3,True,,2026-06-10T05:04:38.116594,
2113,285,114,Beginner,1.3,False,,2026-05-18T05:04:38.116602,
2114,285,171,Advanced,5.8,True,,2026-04-20T05:04:38.116609,
2115,285,155,Intermediate,1.2,True,Internal Training Course Certification,2025-12-07T05:04:38.116616,
2116,285,131,Beginner,7.6,True,Internal Training Course Certification,2026-05-24T05:04:38.116625,
2117,285,122,Beginner,1.4,True,,2026-01-09T05:04:38.116633,
2118,286,119,Expert,3.1,False,,2025-10-08T05:04:38.116663,
2119,286,124,Intermediate,5.1,False,,2026-05-12T05:04:38.116671,
2120,286,115,Advanced,7.1,True,,2026-02-19T05:04:38.116678,
2121,286,52,Beginner,3.4,False,Internal Training Course Certification,2025-09-17T05:04:38.116685,
2122,286,104,Expert,5.4,True,Internal Training Course Certification,2025-12-07T05:04:38.116693,
2123,286,78,Expert,1.9,True,,2025-10-03T05:04:38.116700,
2124,286,126,Advanced,3.8,False,,2026-01-11T05:04:38.116708,
2125,286,37,Beginner,7.4,True,Internal Training Course Certification,2025-08-16T05:04:38.116715,
2126,286,130,Advanced,5.4,False,Internal Training Course Certification,2026-01-01T05:04:38.116723,
2127,287,86,Expert,0.8,False,,2026-02-20T05:04:38.116752,
2128,287,157,Expert,4.6,False,Internal Training Course Certification,2026-04-23T05:04:38.116760,
2129,287,186,Beginner,2.5,True,,2026-01-10T05:04:38.116767,
2130,287,185,Beginner,4.2,True,,2025-09-15T05:04:38.116776,
2131,287,90,Intermediate,1.4,False,,2025-09-20T05:04:38.116784,
2132,287,19,Intermediate,1.6,False,,2025-12-08T05:04:38.116792,
2133,287,103,Intermediate,2.6,True,Internal Training Course Certification,2026-01-27T05:04:38.116799,
2134,287,177,Intermediate,7.5,True,,2026-05-03T05:04:38.116807,
2135,287,183,Intermediate,7.1,False,Internal Training Course Certification,2025-11-07T05:04:38.116815,
2136,288,124,Beginner,4.4,True,,2025-12-16T05:04:38.116845,
2137,288,169,Intermediate,5.0,False,,2026-07-29T05:04:38.116853,
2138,288,100,Beginner,7.4,False,Internal Training Course Certification,2025-10-29T05:04:38.116860,
2139,288,115,Advanced,3.7,True,,2026-05-06T05:04:38.116867,
2140,288,8,Intermediate,5.1,False,,2026-07-02T05:04:38.116875,
2141,288,109,Intermediate,3.3,False,Internal Training Course Certification,2026-05-11T05:04:38.116883,
2142,288,172,Expert,5.1,True,,2026-04-20T05:04:38.116890,
2143,289,162,Expert,3.0,True,Internal Training Course Certification,2026-07-27T05:04:38.116918,
2144,289,141,Advanced,3.3,False,,2026-06-25T05:04:38.116926,
2145,289,183,Expert,7.9,False,,2026-06-23T05:04:38.116934,
2146,289,125,Expert,3.8,False,Internal Training Course Certification,2026-02-01T05:04:38.116941,
2147,289,157,Intermediate,7.6,False,,2026-06-12T05:04:38.116949,
2148,289,46,Beginner,5.5,True,,2026-07-01T05:04:38.116956,
2149,289,197,Intermediate,4.3,True,Internal Training Course Certification,2025-11-24T05:04:38.116964,
2150,289,111,Expert,3.5,True,,2026-07-22T05:04:38.116971,
2151,289,164,Advanced,4.2,False,Internal Training Course Certification,2025-10-22T05:04:38.116979,
2152,289,51,Advanced,6.4,False,,2026-04-03T05:04:38.116986,
2153,290,116,Expert,6.6,False,,2026-02-14T05:04:38.117013,
2154,290,148,Expert,7.4,False,Internal Training Course Certification,2025-11-18T05:04:38.117021,
2155,290,37,Advanced,7.2,False,,2026-03-22T05:04:38.117030,
2156,290,94,Intermediate,5.6,True,,2025-12-02T05:04:38.117037,
2157,290,89,Beginner,3.2,False,,2025-08-20T05:04:38.117045,
2158,291,198,Expert,2.8,False,Internal Training Course Certification,2025-10-30T05:04:38.117072,
2159,291,47,Expert,6.6,True,Internal Training Course Certification,2026-05-24T05:04:38.117080,
2160,291,105,Beginner,2.5,False,,2026-01-11T05:04:38.117087,
2161,291,133,Advanced,5.2,True,,2026-06-17T05:04:38.117094,
2162,291,192,Beginner,2.5,False,,2026-04-01T05:04:38.117101,
2163,292,170,Expert,5.7,False,,2026-02-11T05:04:38.117130,
2164,292,67,Beginner,5.6,False,,2025-12-27T05:04:38.117138,
2165,292,143,Beginner,8.0,False,,2025-11-18T05:04:38.117145,
2166,292,87,Advanced,5.2,False,Internal Training Course Certification,2025-12-12T05:04:38.117152,
2167,292,51,Intermediate,0.9,False,Internal Training Course Certification,2026-07-21T05:04:38.117160,
2168,292,103,Advanced,7.9,False,,2026-03-21T05:04:38.117167,
2169,292,69,Expert,2.6,True,Internal Training Course Certification,2026-03-23T05:04:38.117175,
2170,292,184,Beginner,6.3,False,Internal Training Course Certification,2025-12-18T05:04:38.117182,
2171,292,3,Advanced,5.9,False,,2025-11-18T05:04:38.117190,
2172,292,73,Intermediate,1.7,False,,2025-11-25T05:04:38.117197,
2173,293,93,Intermediate,2.4,False,,2026-05-16T05:04:38.117226,
2174,293,176,Intermediate,0.6,True,,2026-07-21T05:04:38.117236,
2175,293,75,Expert,3.0,False,,2026-04-24T05:04:38.117244,
2176,293,109,Intermediate,6.5,False,,2026-05-20T05:04:38.117251,
2177,293,20,Expert,3.6,False,,2026-01-04T05:04:38.117258,
2178,293,179,Expert,4.2,False,Internal Training Course Certification,2026-07-23T05:04:38.117266,
2179,294,178,Beginner,1.9,False,,2026-04-16T05:04:38.117294,
2180,294,145,Intermediate,3.5,False,Internal Training Course Certification,2025-12-27T05:04:38.117302,
2181,294,134,Expert,2.9,True,Internal Training Course Certification,2025-09-27T05:04:38.117309,
2182,294,18,Intermediate,6.0,False,Internal Training Course Certification,2025-10-05T05:04:38.117320,
2183,294,130,Advanced,2.1,False,,2026-06-06T05:04:38.117328,
2184,294,93,Expert,3.7,True,,2025-12-23T05:04:38.117335,
2185,294,46,Advanced,6.8,False,Internal Training Course Certification,2026-04-14T05:04:38.117342,
2186,295,27,Expert,0.6,True,,2026-01-17T05:04:38.117370,
2187,295,6,Advanced,3.0,True,Internal Training Course Certification,2026-01-07T05:04:38.117378,
2188,295,95,Intermediate,1.0,False,Internal Training Course Certification,2026-01-04T05:04:38.117386,
2189,295,100,Expert,4.0,False,Internal Training Course Certification,2026-05-14T05:04:38.117393,
2190,295,175,Intermediate,5.9,False,Internal Training Course Certification,2026-06-17T05:04:38.117401,
2191,295,194,Expert,4.9,False,Internal Training Course Certification,2026-05-12T05:04:38.117408,
2192,295,113,Beginner,1.3,True,,2025-08-23T05:04:38.117416,
2193,296,87,Beginner,7.2,False,,2026-01-02T05:04:38.117444,
2194,296,80,Beginner,5.3,True,,2026-03-31T05:04:38.117453,
2195,296,178,Advanced,5.8,True,Internal Training Course Certification,2025-12-10T05:04:38.117461,
2196,296,90,Expert,1.5,False,Internal Training Course Certification,2025-10-23T05:04:38.117468,
2197,296,126,Intermediate,2.1,False,Internal Training Course Certification,2025-09-23T05:04:38.117476,
2198,296,192,Advanced,5.9,False,,2026-07-07T05:04:38.117483,
2199,296,107,Beginner,7.7,True,,2025-09-13T05:04:38.117492,
2200,296,164,Beginner,7.4,False,Internal Training Course Certification,2025-09-12T05:04:38.117500,
2201,297,145,Intermediate,3.4,False,,2026-07-02T05:04:38.117528,
2202,297,87,Expert,8.0,True,Internal Training Course Certification,2026-04-05T05:04:38.117536,
2203,297,127,Beginner,3.5,True,,2025-12-19T05:04:38.117543,
2204,297,178,Intermediate,6.3,False,Internal Training Course Certification,2026-06-17T05:04:38.117551,
2205,297,97,Expert,2.5,False,Internal Training Course Certification,2025-09-20T05:04:38.117558,
2206,297,94,Beginner,7.1,True,Internal Training Course Certification,2026-07-15T05:04:38.117565,
2207,297,84,Expert,1.2,True,Internal Training Course Certification,2026-03-26T05:04:38.117573,
2208,297,78,Expert,7.1,False,Internal Training Course Certification,2025-11-21T05:04:38.117580,
2209,298,6,Expert,4.8,True,Internal Training Course Certification,2026-04-24T05:04:38.117608,
2210,298,182,Expert,1.1,False,Internal Training Course Certification,2026-04-26T05:04:38.117616,
2211,298,185,Expert,7.6,True,,2026-01-11T05:04:38.117624,
2212,298,55,Expert,1.5,True,,2026-07-01T05:04:38.117631,
2213,298,194,Advanced,5.0,False,,2026-05-08T05:04:38.117640,
2214,298,34,Expert,2.8,True,,2026-02-06T05:04:38.117647,
2215,298,8,Expert,1.3,False,,2026-01-11T05:04:38.117655,
2216,298,103,Advanced,5.7,True,,2025-11-04T05:04:38.117663,
2217,298,123,Beginner,2.3,False,Internal Training Course Certification,2026-05-16T05:04:38.117670,
2218,298,97,Expert,2.5,False,,2026-05-11T05:04:38.117677,
2219,299,71,Beginner,3.6,True,Internal Training Course Certification,2026-06-08T05:04:38.117705,
2220,299,100,Intermediate,6.2,True,,2026-05-04T05:04:38.117713,
2221,299,81,Expert,7.7,True,,2025-09-01T05:04:38.117720,
2222,299,74,Intermediate,5.3,False,,2025-11-26T05:04:38.117728,
2223,299,57,Expert,0.8,True,Internal Training Course Certification,2026-02-23T05:04:38.117735,
2224,299,55,Advanced,1.1,False,Internal Training Course Certification,2026-07-01T05:04:38.117742,
2225,299,182,Advanced,3.6,True,,2025-09-11T05:04:38.117750,
2226,299,5,Beginner,7.8,False,,2025-12-19T05:04:38.117758,
2227,300,182,Expert,1.1,False,,2026-03-28T05:04:38.117784,
2228,300,183,Expert,0.9,False,Internal Training Course Certification,2026-06-12T05:04:38.117792,
2229,300,167,Intermediate,6.4,False,Internal Training Course Certification,2026-06-10T05:04:38.117800,
2230,300,141,Expert,1.0,False,,2026-06-02T05:04:38.117807,
2231,300,163,Intermediate,1.0,True,,2025-10-08T05:04:38.117815,
2232,301,75,Beginner,3.2,True,,2025-08-28T05:04:38.117845,
2233,301,78,Intermediate,4.3,True,,2026-07-14T05:04:38.117854,
2234,301,171,Beginner,2.8,True,Internal Training Course Certification,2025-12-14T05:04:38.117862,
2235,301,126,Advanced,1.3,False,Internal Training Course Certification,2026-07-11T05:04:38.117870,
2236,301,186,Intermediate,3.6,True,Internal Training Course Certification,2026-05-22T05:04:38.117877,
2237,301,148,Intermediate,5.3,False,,2025-09-16T05:04:38.117885,
2238,301,104,Advanced,2.1,False,,2026-04-14T05:04:38.117892,
2239,302,66,Advanced,4.4,True,Internal Training Course Certification,2025-12-17T05:04:38.117921,
2240,302,114,Expert,6.6,True,Internal Training Course Certification,2025-12-01T05:04:38.117929,
2241,302,177,Advanced,7.2,False,,2026-02-19T05:04:38.117936,
2242,302,192,Expert,2.9,False,,2026-06-15T05:04:38.117944,
2243,302,7,Expert,3.5,True,,2026-03-14T05:04:38.117951,
2244,302,86,Expert,0.9,False,Internal Training Course Certification,2025-10-25T05:04:38.117959,
2245,302,89,Intermediate,6.1,False,Internal Training Course Certification,2025-09-11T05:04:38.117966,
2246,302,5,Expert,6.2,False,,2026-02-21T05:04:38.117975,
2247,303,171,Expert,6.1,False,Internal Training Course Certification,2026-05-21T05:04:38.118005,
2248,303,162,Expert,5.5,False,,2025-11-24T05:04:38.118012,
2249,303,127,Beginner,1.6,True,,2026-02-27T05:04:38.118020,
2250,303,44,Advanced,5.3,False,Internal Training Course Certification,2026-04-14T05:04:38.118028,
2251,303,107,Expert,1.9,True,Internal Training Course Certification,2025-10-07T05:04:38.118035,
2252,303,89,Expert,2.4,False,,2026-04-30T05:04:38.118044,
2253,303,95,Intermediate,7.1,False,,2025-09-13T05:04:38.118051,
2254,303,155,Advanced,2.4,True,Internal Training Course Certification,2025-10-17T05:04:38.118059,
2255,303,192,Advanced,1.1,False,Internal Training Course Certification,2025-09-03T05:04:38.118067,
2256,303,189,Intermediate,5.3,True,,2025-11-22T05:04:38.118074,
2257,304,93,Intermediate,7.4,False,,2026-06-29T05:04:38.118103,
2258,304,157,Advanced,3.7,False,,2025-11-22T05:04:38.118111,
2259,304,87,Intermediate,1.2,False,,2025-08-29T05:04:38.118119,
2260,304,18,Beginner,5.4,True,,2025-12-06T05:04:38.118126,
2261,304,19,Advanced,7.1,True,Internal Training Course Certification,2025-09-07T05:04:38.118134,
2262,304,88,Advanced,4.1,False,Internal Training Course Certification,2026-02-19T05:04:38.118143,
2263,304,149,Advanced,4.9,False,,2026-01-01T05:04:38.118150,
2264,305,8,Advanced,7.8,False,Internal Training Course Certification,2026-02-04T05:04:38.118179,
2265,305,24,Beginner,7.9,False,,2026-07-29T05:04:38.118187,
2266,305,126,Advanced,6.7,False,,2026-03-25T05:04:38.118194,
2267,305,95,Advanced,5.6,False,Internal Training Course Certification,2025-10-10T05:04:38.118202,
2268,305,116,Beginner,2.2,False,,2026-06-01T05:04:38.118210,
2269,305,103,Advanced,7.0,True,Internal Training Course Certification,2026-03-24T05:04:38.118217,
2270,305,142,Beginner,2.9,False,Internal Training Course Certification,2025-10-08T05:04:38.118225,
2271,305,14,Advanced,6.4,False,,2025-10-18T05:04:38.118232,
2272,306,102,Expert,2.1,True,,2025-09-01T05:04:38.118262,
2273,306,62,Advanced,6.8,False,Internal Training Course Certification,2025-09-15T05:04:38.118270,
2274,306,182,Intermediate,6.2,True,Internal Training Course Certification,2025-12-09T05:04:38.118278,
2275,306,132,Beginner,1.7,True,Internal Training Course Certification,2026-03-03T05:04:38.118285,
2276,306,95,Advanced,7.6,True,,2026-06-21T05:04:38.118293,
2277,306,126,Beginner,1.7,False,,2025-08-17T05:04:38.118301,
2278,307,88,Intermediate,7.9,False,Internal Training Course Certification,2026-07-28T05:04:38.118331,
2279,307,96,Beginner,1.8,False,,2025-10-28T05:04:38.118342,
2280,307,150,Intermediate,2.6,False,,2026-06-21T05:04:38.118352,
2281,307,43,Expert,3.6,True,,2025-11-23T05:04:38.118359,
2282,307,186,Intermediate,3.8,False,Internal Training Course Certification,2026-07-29T05:04:38.118367,
2283,307,176,Advanced,6.6,False,Internal Training Course Certification,2026-07-26T05:04:38.118375,
2284,307,119,Intermediate,2.4,False,Internal Training Course Certification,2026-04-15T05:04:38.118384,
2285,307,99,Expert,4.4,False,,2026-07-19T05:04:38.118392,
2286,307,193,Expert,6.5,True,Internal Training Course Certification,2025-08-25T05:04:38.118400,
2287,308,15,Advanced,4.7,True,,2025-09-12T05:04:38.118429,
2288,308,200,Expert,1.7,False,,2026-02-09T05:04:38.118437,
2289,308,33,Expert,2.6,False,,2026-01-05T05:04:38.118445,
2290,308,165,Intermediate,7.5,True,Internal Training Course Certification,2026-01-27T05:04:38.118452,
2291,308,193,Advanced,3.2,False,Internal Training Course Certification,2026-07-28T05:04:38.118462,
2292,309,195,Advanced,2.5,True,,2025-10-21T05:04:38.118492,
2293,309,123,Advanced,5.0,False,Internal Training Course Certification,2025-09-14T05:04:38.118500,
2294,309,103,Expert,6.8,False,,2026-03-27T05:04:38.118508,
2295,309,53,Expert,6.8,True,Internal Training Course Certification,2025-11-02T05:04:38.118516,
2296,309,110,Beginner,8.0,False,Internal Training Course Certification,2026-04-08T05:04:38.118523,
2297,309,154,Intermediate,3.3,False,,2026-04-12T05:04:38.118530,
2298,309,111,Expert,6.4,False,,2026-06-19T05:04:38.118538,
2299,309,93,Intermediate,5.6,False,Internal Training Course Certification,2025-10-31T05:04:38.118546,
2300,310,33,Expert,4.7,True,,2026-02-11T05:04:38.118575,
2301,310,135,Beginner,2.2,True,,2026-07-30T05:04:38.118583,
2302,310,17,Expert,3.5,True,Internal Training Course Certification,2026-03-04T05:04:38.118591,
2303,310,90,Advanced,2.9,True,,2026-01-22T05:04:38.118598,
2304,310,104,Advanced,6.2,True,,2026-01-24T05:04:38.118606,
2305,310,98,Intermediate,5.4,True,,2026-05-18T05:04:38.118613,
2306,310,19,Intermediate,0.5,False,,2026-07-27T05:04:38.118625,
2307,310,134,Advanced,3.0,False,Internal Training Course Certification,2026-05-27T05:04:38.118633,
2308,310,24,Beginner,3.1,False,,2026-07-21T05:04:38.118640,
2309,310,171,Advanced,7.7,True,,2026-06-25T05:04:38.118649,
2310,311,120,Intermediate,1.7,False,Internal Training Course Certification,2025-09-04T05:04:38.118678,
2311,311,178,Beginner,6.4,False,,2025-11-28T05:04:38.118688,
2312,311,87,Intermediate,2.3,True,Internal Training Course Certification,2026-06-13T05:04:38.118695,
2313,311,134,Expert,2.0,False,Internal Training Course Certification,2026-05-19T05:04:38.118703,
2314,311,149,Advanced,7.4,False,,2026-07-17T05:04:38.118710,
2315,311,186,Expert,7.4,True,,2026-04-29T05:04:38.118718,
2316,311,192,Beginner,1.9,False,Internal Training Course Certification,2026-03-13T05:04:38.118726,
2317,311,160,Advanced,3.5,True,Internal Training Course Certification,2025-10-16T05:04:38.118733,
2318,311,43,Expert,7.7,False,,2025-11-01T05:04:38.118741,
2319,311,83,Beginner,2.4,False,,2025-10-29T05:04:38.118748,
2320,312,163,Expert,0.6,True,Internal Training Course Certification,2025-09-28T05:04:38.118777,
2321,312,78,Expert,5.0,True,,2025-12-08T05:04:38.118785,
2322,312,19,Expert,1.4,False,,2025-10-23T05:04:38.118793,
2323,312,86,Expert,1.4,False,,2026-02-15T05:04:38.118802,
2324,312,192,Intermediate,5.1,False,Internal Training Course Certification,2026-02-09T05:04:38.118809,
2325,312,18,Advanced,3.1,False,Internal Training Course Certification,2025-12-29T05:04:38.118817,
2326,312,125,Expert,2.6,False,,2025-12-31T05:04:38.118824,
2327,312,110,Advanced,4.4,False,,2026-05-04T05:04:38.118831,
2328,313,78,Expert,2.7,True,,2026-04-05T05:04:38.118859,
2329,313,85,Beginner,4.6,False,,2025-11-25T05:04:38.118867,
2330,313,123,Intermediate,3.7,False,Internal Training Course Certification,2025-11-08T05:04:38.118876,
2331,313,49,Beginner,1.4,False,Internal Training Course Certification,2025-08-28T05:04:38.118884,
2332,313,157,Advanced,3.2,True,,2026-03-04T05:04:38.118892,
2333,313,195,Advanced,7.7,False,Internal Training Course Certification,2025-09-02T05:04:38.118899,
2334,314,20,Beginner,1.6,False,,2026-04-04T05:04:38.118930,
2335,314,109,Advanced,1.1,True,,2026-07-06T05:04:38.118937,
2336,314,51,Expert,2.0,False,Internal Training Course Certification,2026-03-06T05:04:38.118945,
2337,314,182,Expert,4.5,False,,2026-04-19T05:04:38.118952,
2338,314,21,Beginner,2.4,False,,2026-04-26T05:04:38.118960,
2339,314,135,Advanced,5.1,False,Internal Training Course Certification,2025-10-25T05:04:38.118967,
2340,314,124,Intermediate,5.9,False,,2025-11-11T05:04:38.118974,
2341,314,97,Expert,4.3,False,Internal Training Course Certification,2026-03-18T05:04:38.118982,
2342,314,70,Expert,5.6,False,,2026-05-02T05:04:38.118990,
2343,315,33,Beginner,1.9,False,,2026-06-01T05:04:38.119019,
2344,315,196,Intermediate,2.7,True,,2026-06-04T05:04:38.119027,
2345,315,97,Beginner,5.6,False,Internal Training Course Certification,2025-11-16T05:04:38.119034,
2346,315,89,Advanced,7.8,False,,2026-06-18T05:04:38.119042,
2347,315,83,Advanced,6.8,False,,2025-11-01T05:04:38.119050,
2348,315,84,Intermediate,7.2,False,,2025-09-18T05:04:38.119058,
2349,315,41,Beginner,4.1,False,,2025-10-12T05:04:38.119065,
2350,315,149,Beginner,2.8,False,Internal Training Course Certification,2026-07-22T05:04:38.119074,
2351,315,49,Advanced,1.5,False,Internal Training Course Certification,2026-03-03T05:04:38.119082,
2352,315,53,Intermediate,7.2,False,,2025-10-22T05:04:38.119089,
2353,316,157,Expert,4.3,False,,2025-11-06T05:04:38.119119,
2354,316,56,Intermediate,2.7,True,,2025-10-21T05:04:38.119128,
2355,316,103,Beginner,2.6,False,,2026-06-19T05:04:38.119136,
2356,316,176,Expert,5.0,False,Internal Training Course Certification,2026-07-13T05:04:38.119144,
2357,316,139,Intermediate,5.6,False,,2026-02-27T05:04:38.119152,
2358,316,52,Intermediate,0.9,False,,2026-03-26T05:04:38.119160,
2359,316,43,Beginner,3.0,True,,2026-01-17T05:04:38.119167,
2360,316,41,Advanced,6.3,False,Internal Training Course Certification,2025-12-12T05:04:38.119175,
2361,317,130,Expert,5.7,False,Internal Training Course Certification,2026-01-05T05:04:38.119205,
2362,317,43,Intermediate,5.1,True,,2026-03-27T05:04:38.119212,
2363,317,135,Intermediate,7.0,True,,2025-09-25T05:04:38.119220,
2364,317,171,Expert,6.1,False,Internal Training Course Certification,2025-11-25T05:04:38.119228,
2365,317,8,Advanced,5.0,False,,2025-11-24T05:04:38.119236,
2366,317,159,Advanced,1.6,False,Internal Training Course Certification,2026-04-27T05:04:38.119244,
2367,317,33,Advanced,8.0,False,,2025-10-11T05:04:38.119251,
2368,318,182,Advanced,0.6,True,,2026-02-04T05:04:38.119279,
2369,318,176,Beginner,5.4,False,,2025-12-21T05:04:38.119289,
2370,318,78,Expert,6.3,False,,2026-03-06T05:04:38.119297,
2371,318,173,Intermediate,0.8,False,,2025-10-19T05:04:38.119304,
2372,318,194,Advanced,4.0,False,Internal Training Course Certification,2025-08-26T05:04:38.119312,
2373,319,179,Advanced,5.1,False,Internal Training Course Certification,2025-08-18T05:04:38.119342,
2374,319,183,Expert,2.7,True,Internal Training Course Certification,2025-12-25T05:04:38.119350,
2375,319,27,Expert,6.2,True,,2025-09-04T05:04:38.119357,
2376,319,172,Intermediate,6.5,True,Internal Training Course Certification,2026-01-02T05:04:38.119365,
2377,319,119,Beginner,1.1,False,,2026-02-10T05:04:38.119373,
2378,319,140,Expert,3.1,False,,2026-04-19T05:04:38.119380,
2379,319,105,Advanced,7.5,False,Internal Training Course Certification,2025-12-18T05:04:38.119388,
2380,319,107,Expert,7.8,False,,2026-03-13T05:04:38.119396,
2381,319,127,Expert,2.1,False,,2026-07-01T05:04:38.119404,
2382,320,24,Expert,5.3,False,Internal Training Course Certification,2026-04-11T05:04:38.119435,
2383,320,177,Beginner,2.6,False,,2025-09-21T05:04:38.119444,
2384,320,200,Intermediate,6.5,True,,2025-10-10T05:04:38.119451,
2385,320,89,Expert,2.9,False,,2026-03-22T05:04:38.119462,
2386,320,62,Advanced,6.4,True,Internal Training Course Certification,2026-01-29T05:04:38.119469,
2387,320,18,Intermediate,6.5,True,,2026-06-05T05:04:38.119477,
2388,320,87,Beginner,5.6,True,Internal Training Course Certification,2026-06-20T05:04:38.119484,
2389,320,125,Advanced,8.0,True,,2025-08-23T05:04:38.119493,
2390,320,74,Beginner,3.8,False,,2026-07-11T05:04:38.119500,
2391,321,35,Advanced,1.6,False,Internal Training Course Certification,2026-01-06T05:04:38.119529,
2392,321,143,Beginner,2.5,True,Internal Training Course Certification,2025-12-19T05:04:38.119537,
2393,321,173,Intermediate,6.0,True,Internal Training Course Certification,2026-07-10T05:04:38.119545,
2394,321,177,Beginner,6.0,False,,2026-07-05T05:04:38.119552,
2395,321,192,Beginner,7.1,True,Internal Training Course Certification,2025-09-10T05:04:38.119560,
2396,321,171,Beginner,0.8,False,,2026-03-04T05:04:38.119567,
2397,321,126,Advanced,4.9,False,,2026-01-03T05:04:38.119574,
2398,321,108,Advanced,5.7,True,Internal Training Course Certification,2026-03-20T05:04:38.119582,
2399,321,148,Intermediate,6.7,False,Internal Training Course Certification,2025-10-01T05:04:38.119589,
2400,321,74,Advanced,0.7,False,Internal Training Course Certification,2026-06-23T05:04:38.119596,
2401,322,116,Beginner,4.2,True,,2026-02-08T05:04:38.119624,
2402,322,88,Expert,6.4,False,Internal Training Course Certification,2026-01-04T05:04:38.119632,
2403,322,87,Beginner,3.9,False,,2026-01-27T05:04:38.119640,
2404,322,159,Expert,4.6,False,Internal Training Course Certification,2025-10-11T05:04:38.119647,
2405,322,175,Intermediate,1.6,False,Internal Training Course Certification,2025-10-10T05:04:38.119654,
2406,322,57,Advanced,1.8,False,Internal Training Course Certification,2026-06-12T05:04:38.119662,
2407,322,113,Intermediate,3.8,True,,2026-04-27T05:04:38.119669,
2408,322,110,Advanced,6.9,False,Internal Training Course Certification,2025-09-22T05:04:38.119678,
2409,323,43,Advanced,2.8,False,,2025-11-23T05:04:38.119705,
2410,323,176,Advanced,7.9,False,Internal Training Course Certification,2025-09-24T05:04:38.119712,
2411,323,37,Advanced,5.0,False,,2025-10-07T05:04:38.119720,
2412,323,127,Beginner,4.2,True,,2026-01-01T05:04:38.119727,
2413,323,148,Beginner,6.1,False,Internal Training Course Certification,2025-10-11T05:04:38.119735,
2414,324,163,Expert,5.5,False,,2026-01-02T05:04:38.119761,
2415,324,1,Beginner,4.6,False,,2026-02-07T05:04:38.119769,
2416,324,81,Beginner,0.6,True,Internal Training Course Certification,2026-06-19T05:04:38.119777,
2417,324,135,Advanced,5.5,False,,2026-03-21T05:04:38.119784,
2418,324,25,Beginner,2.6,True,,2026-07-23T05:04:38.119792,
2419,325,43,Expert,6.3,False,,2025-12-24T05:04:38.119821,
2420,325,88,Expert,4.4,False,Internal Training Course Certification,2025-09-19T05:04:38.119829,
2421,325,105,Intermediate,3.3,True,,2026-07-03T05:04:38.119836,
2422,325,103,Intermediate,4.5,False,Internal Training Course Certification,2025-08-29T05:04:38.119843,
2423,325,142,Beginner,0.8,True,Internal Training Course Certification,2025-09-25T05:04:38.119851,
2424,325,176,Expert,3.2,False,,2026-06-22T05:04:38.119859,
2425,325,116,Intermediate,4.0,False,Internal Training Course Certification,2026-03-28T05:04:38.119866,
2426,325,135,Advanced,6.2,False,Internal Training Course Certification,2026-03-11T05:04:38.119873,
2427,325,139,Beginner,5.3,True,,2025-09-27T05:04:38.119881,
2428,325,89,Intermediate,5.1,False,,2026-02-09T05:04:38.119890,
2429,326,104,Expert,5.9,True,,2026-01-17T05:04:38.119919,
2430,326,69,Intermediate,2.7,False,,2025-12-26T05:04:38.119927,
2431,326,24,Advanced,6.6,True,,2026-03-23T05:04:38.119934,
2432,326,138,Beginner,5.9,False,,2026-03-30T05:04:38.119941,
2433,326,173,Intermediate,6.9,False,,2025-10-12T05:04:38.119949,
2434,326,197,Expert,3.5,True,Internal Training Course Certification,2026-06-23T05:04:38.119956,
2435,326,90,Expert,7.1,False,,2025-12-18T05:04:38.119963,
2436,326,106,Advanced,3.6,False,,2025-10-15T05:04:38.119972,
2437,326,149,Intermediate,1.4,False,Internal Training Course Certification,2025-12-25T05:04:38.119981,
2438,326,145,Intermediate,7.9,True,,2026-07-08T05:04:38.119989,
2439,327,9,Beginner,1.1,True,Internal Training Course Certification,2025-09-10T05:04:38.120017,
2440,327,170,Expert,2.4,True,Internal Training Course Certification,2025-08-30T05:04:38.120024,
2441,327,116,Expert,2.8,True,Internal Training Course Certification,2025-08-31T05:04:38.120032,
2442,327,34,Expert,1.3,False,Internal Training Course Certification,2025-12-15T05:04:38.120039,
2443,327,173,Intermediate,3.2,False,Internal Training Course Certification,2026-03-07T05:04:38.120047,
2444,327,80,Intermediate,1.4,False,Internal Training Course Certification,2026-06-05T05:04:38.120054,
2445,327,17,Intermediate,0.8,False,Internal Training Course Certification,2025-12-25T05:04:38.120061,
2446,328,24,Expert,6.4,False,,2026-06-26T05:04:38.120089,
2447,328,120,Expert,3.0,True,Internal Training Course Certification,2026-05-04T05:04:38.120098,
2448,328,142,Advanced,1.7,False,,2026-05-23T05:04:38.120106,
2449,328,171,Intermediate,2.4,True,,2026-07-31T05:04:38.120113,
2450,328,90,Expert,2.3,True,,2026-04-03T05:04:38.120121,
2451,329,143,Intermediate,2.3,True,Internal Training Course Certification,2026-01-23T05:04:38.120149,
2452,329,195,Expert,1.2,True,Internal Training Course Certification,2026-07-08T05:04:38.120156,
2453,329,69,Advanced,1.4,False,Internal Training Course Certification,2026-03-20T05:04:38.120164,
2454,329,159,Intermediate,3.2,False,,2025-11-19T05:04:38.120171,
2455,329,108,Beginner,1.6,False,,2026-04-14T05:04:38.120178,
2456,329,132,Expert,3.1,False,Internal Training Course Certification,2025-09-05T05:04:38.120185,
2457,329,120,Advanced,5.9,False,,2026-04-15T05:04:38.120193,
2458,329,35,Beginner,5.7,True,,2026-07-28T05:04:38.120201,
2459,329,31,Expert,5.8,True,Internal Training Course Certification,2026-05-29T05:04:38.120208,
2460,329,90,Beginner,7.2,False,,2025-11-30T05:04:38.120216,
2461,330,86,Intermediate,5.9,True,,2026-05-10T05:04:38.120242,
2462,330,97,Intermediate,1.6,False,,2025-10-28T05:04:38.120250,
2463,330,162,Advanced,5.7,False,Internal Training Course Certification,2025-12-12T05:04:38.120258,
2464,330,47,Beginner,6.9,False,,2025-12-30T05:04:38.120265,
2465,330,53,Beginner,7.3,False,,2026-03-16T05:04:38.120273,
2466,331,19,Expert,1.7,True,,2026-06-27T05:04:38.120301,
2467,331,159,Advanced,2.4,True,,2025-09-25T05:04:38.120310,
2468,331,24,Intermediate,6.9,False,Internal Training Course Certification,2025-10-29T05:04:38.120318,
2469,331,55,Intermediate,3.2,True,,2026-04-06T05:04:38.120325,
2470,331,25,Beginner,1.9,False,Internal Training Course Certification,2026-07-25T05:04:38.120333,
2471,331,154,Beginner,5.6,False,,2025-09-10T05:04:38.120344,
2472,331,47,Expert,5.2,True,,2026-03-05T05:04:38.120353,
2473,332,11,Expert,6.2,False,Internal Training Course Certification,2025-10-11T05:04:38.120382,
2474,332,123,Expert,5.2,True,,2026-06-16T05:04:38.120390,
2475,332,27,Advanced,5.6,False,,2025-11-17T05:04:38.120397,
2476,332,200,Beginner,5.7,True,Internal Training Course Certification,2025-12-18T05:04:38.120405,
2477,332,1,Expert,6.5,True,Internal Training Course Certification,2026-01-30T05:04:38.120412,
2478,332,116,Expert,4.6,True,,2026-06-05T05:04:38.120419,
2479,332,17,Expert,2.9,False,,2026-04-23T05:04:38.120427,
2480,332,95,Beginner,2.2,True,Internal Training Course Certification,2025-10-18T05:04:38.120434,
2481,333,179,Intermediate,3.2,True,Internal Training Course Certification,2026-01-06T05:04:38.120463,
2482,333,25,Advanced,1.0,False,,2026-02-20T05:04:38.120471,
2483,333,18,Intermediate,1.5,False,Internal Training Course Certification,2026-01-15T05:04:38.120479,
2484,333,89,Intermediate,6.0,True,Internal Training Course Certification,2026-05-28T05:04:38.120486,
2485,333,20,Advanced,7.9,True,Internal Training Course Certification,2026-04-08T05:04:38.120495,
2486,333,78,Expert,6.4,True,,2026-05-03T05:04:38.120503,
2487,333,24,Expert,5.3,False,Internal Training Course Certification,2026-04-14T05:04:38.120511,
2488,333,27,Beginner,2.3,False,,2025-11-29T05:04:38.120520,
2489,333,124,Expert,5.9,False,Internal Training Course Certification,2025-09-03T05:04:38.120527,
2490,334,25,Advanced,1.0,False,Internal Training Course Certification,2026-07-16T05:04:38.120557,
2491,334,134,Expert,7.8,True,,2025-11-01T05:04:38.120565,
2492,334,39,Intermediate,2.6,True,,2026-07-24T05:04:38.120573,
2493,334,189,Advanced,6.6,False,,2026-02-16T05:04:38.120581,
2494,334,179,Intermediate,1.6,False,Internal Training Course Certification,2025-12-26T05:04:38.120588,
2495,334,178,Advanced,3.0,True,,2025-12-26T05:04:38.120596,
2496,334,175,Expert,5.4,True,,2026-02-07T05:04:38.120603,
2497,334,120,Beginner,7.1,False,,2026-01-19T05:04:38.120610,
2498,335,3,Beginner,3.5,True,,2025-12-28T05:04:38.120641,
2499,335,90,Intermediate,4.3,False,,2026-04-21T05:04:38.120648,
2500,335,87,Intermediate,6.9,True,,2026-01-03T05:04:38.120656,
2501,335,52,Beginner,3.3,True,Internal Training Course Certification,2025-08-20T05:04:38.120664,
2502,335,83,Beginner,4.9,False,,2026-01-26T05:04:38.120674,
2503,335,149,Expert,2.7,False,Internal Training Course Certification,2026-02-27T05:04:38.120682,
2504,335,111,Intermediate,5.5,False,,2026-02-08T05:04:38.120689,
2505,335,88,Advanced,6.1,False,Internal Training Course Certification,2026-01-08T05:04:38.120697,
2506,335,196,Advanced,3.4,True,Internal Training Course Certification,2026-05-26T05:04:38.120705,
2507,335,10,Expert,5.4,True,,2026-01-04T05:04:38.120713,
2508,336,62,Advanced,4.1,False,Internal Training Course Certification,2025-10-12T05:04:38.120742,
2509,336,111,Advanced,1.1,False,Internal Training Course Certification,2025-08-22T05:04:38.120750,
2510,336,41,Expert,7.6,False,,2026-07-09T05:04:38.120758,
2511,336,140,Intermediate,4.6,True,,2025-08-24T05:04:38.120765,
2512,336,148,Intermediate,0.7,False,,2025-11-24T05:04:38.120775,
2513,336,183,Expert,2.7,False,Internal Training Course Certification,2026-07-26T05:04:38.120783,
2514,337,113,Expert,4.3,False,Internal Training Course Certification,2026-01-19T05:04:38.120811,
2515,337,57,Advanced,3.7,False,,2026-02-28T05:04:38.120819,
2516,337,116,Beginner,4.5,False,,2025-09-23T05:04:38.120827,
2517,337,34,Expert,1.8,False,,2025-12-02T05:04:38.120835,
2518,337,164,Expert,6.4,False,,2026-03-20T05:04:38.120842,
2519,337,143,Expert,3.2,False,Internal Training Course Certification,2026-01-14T05:04:38.120850,
2520,337,185,Beginner,5.6,True,,2025-11-01T05:04:38.120857,
2521,337,80,Intermediate,6.8,False,Internal Training Course Certification,2026-07-14T05:04:38.120864,
2522,338,48,Intermediate,5.3,False,Internal Training Course Certification,2025-08-22T05:04:38.120893,
2523,338,100,Intermediate,2.4,True,Internal Training Course Certification,2025-10-25T05:04:38.120901,
2524,338,121,Advanced,5.4,False,Internal Training Course Certification,2026-04-15T05:04:38.120909,
2525,338,88,Advanced,1.0,True,,2026-01-16T05:04:38.120918,
2526,338,186,Expert,3.8,False,Internal Training Course Certification,2026-01-31T05:04:38.120926,
2527,338,61,Intermediate,0.6,True,Internal Training Course Certification,2026-06-26T05:04:38.120934,
2528,338,129,Advanced,1.0,True,Internal Training Course Certification,2026-03-03T05:04:38.120941,
2529,339,39,Advanced,1.1,False,,2026-07-28T05:04:38.120972,
2530,339,25,Advanced,3.7,True,,2026-06-02T05:04:38.120980,
2531,339,125,Advanced,7.3,True,Internal Training Course Certification,2025-09-03T05:04:38.120988,
2532,339,134,Beginner,7.2,False,,2026-04-17T05:04:38.120995,
2533,339,115,Advanced,7.8,False,Internal Training Course Certification,2026-06-28T05:04:38.121003,
2534,339,95,Intermediate,0.9,True,Internal Training Course Certification,2025-11-04T05:04:38.121010,
2535,339,192,Expert,5.1,True,Internal Training Course Certification,2025-09-23T05:04:38.121019,
2536,339,178,Expert,0.8,False,Internal Training Course Certification,2025-09-18T05:04:38.121026,
2537,339,186,Expert,3.0,False,,2026-03-03T05:04:38.121034,
2538,340,73,Beginner,6.8,False,,2026-07-07T05:04:38.121065,
2539,340,179,Intermediate,7.8,False,,2026-05-14T05:04:38.121074,
2540,340,183,Intermediate,5.3,True,,2026-02-25T05:04:38.121081,
2541,340,194,Advanced,3.7,False,,2025-10-03T05:04:38.121089,
2542,340,6,Advanced,3.2,False,,2025-08-31T05:04:38.121096,
2543,340,5,Expert,2.0,True,Internal Training Course Certification,2026-04-03T05:04:38.121104,
2544,341,104,Intermediate,6.4,False,,2026-02-20T05:04:38.121133,
2545,341,130,Beginner,3.3,True,,2026-07-31T05:04:38.121143,
2546,341,90,Advanced,3.4,True,,2026-05-17T05:04:38.121150,
2547,341,89,Expert,7.5,True,,2025-09-17T05:04:38.121158,
2548,341,61,Expert,7.3,True,,2025-09-14T05:04:38.121165,
2549,341,155,Expert,4.9,False,,2026-04-11T05:04:38.121173,
2550,341,41,Expert,3.7,False,,2026-07-26T05:04:38.121181,
2551,341,196,Intermediate,2.0,True,,2025-09-06T05:04:38.121188,
2552,342,121,Expert,6.1,False,Internal Training Course Certification,2025-09-10T05:04:38.121219,
2553,342,196,Beginner,2.5,True,,2026-04-20T05:04:38.121227,
2554,342,179,Expert,2.4,False,,2025-09-19T05:04:38.121234,
2555,342,110,Intermediate,6.6,True,Internal Training Course Certification,2026-04-22T05:04:38.121242,
2556,342,138,Advanced,3.5,False,,2026-01-29T05:04:38.121249,
2557,342,39,Beginner,7.0,True,Internal Training Course Certification,2026-04-21T05:04:38.121257,
2558,342,125,Advanced,3.3,False,,2026-03-23T05:04:38.121264,
2559,343,21,Intermediate,7.6,False,,2025-09-23T05:04:38.121294,
2560,343,177,Beginner,4.2,True,,2026-05-13T05:04:38.121302,
2561,343,173,Expert,7.5,False,,2025-09-22T05:04:38.121309,
2562,343,135,Advanced,5.0,False,Internal Training Course Certification,2026-03-07T05:04:38.121317,
2563,343,104,Advanced,0.9,False,,2026-03-22T05:04:38.121325,
2564,343,10,Advanced,4.7,True,,2025-12-09T05:04:38.121335,
2565,343,88,Intermediate,5.4,False,Internal Training Course Certification,2025-10-19T05:04:38.121343,
2566,343,163,Beginner,7.2,True,,2025-08-22T05:04:38.121351,
2567,343,106,Beginner,3.0,False,Internal Training Course Certification,2025-09-06T05:04:38.121358,
2568,344,19,Expert,3.9,False,,2025-11-20T05:04:38.121387,
2569,344,155,Beginner,7.5,False,,2026-07-01T05:04:38.121395,
2570,344,80,Beginner,4.9,False,Internal Training Course Certification,2025-12-30T05:04:38.121402,
2571,344,56,Advanced,1.5,False,,2025-09-29T05:04:38.121410,
2572,344,87,Expert,3.8,True,,2026-07-16T05:04:38.121417,
2573,345,138,Beginner,5.0,False,Internal Training Course Certification,2025-09-30T05:04:38.121446,
2574,345,163,Expert,0.9,False,,2026-01-03T05:04:38.121455,
2575,345,13,Expert,2.2,False,,2026-07-10T05:04:38.121464,
2576,345,36,Advanced,2.5,True,,2026-06-30T05:04:38.121471,
2577,345,198,Expert,7.0,True,,2025-12-18T05:04:38.121479,
2578,345,39,Intermediate,3.0,True,,2026-04-23T05:04:38.121487,
2579,346,165,Beginner,7.1,True,,2026-04-25T05:04:38.121516,
2580,346,105,Expert,6.7,True,,2025-09-19T05:04:38.121525,
2581,346,37,Intermediate,5.1,False,Internal Training Course Certification,2025-11-01T05:04:38.121532,
2582,346,182,Advanced,1.5,True,Internal Training Course Certification,2026-07-25T05:04:38.121541,
2583,346,34,Advanced,5.8,True,,2025-08-29T05:04:38.121548,
2584,347,116,Advanced,6.6,False,Internal Training Course Certification,2025-10-17T05:04:38.121579,
2585,347,102,Intermediate,6.4,False,Internal Training Course Certification,2026-07-04T05:04:38.121587,
2586,347,86,Advanced,6.1,False,,2026-07-19T05:04:38.121595,
2587,347,140,Expert,2.6,True,Internal Training Course Certification,2025-12-12T05:04:38.121603,
2588,347,159,Expert,5.1,True,,2025-10-19T05:04:38.121610,
2589,347,133,Expert,1.0,False,,2026-03-03T05:04:38.121620,
2590,347,155,Beginner,7.0,True,Internal Training Course Certification,2026-07-23T05:04:38.121627,
2591,347,172,Intermediate,7.5,False,Internal Training Course Certification,2025-12-02T05:04:38.121635,
2592,347,75,Beginner,7.3,False,Internal Training Course Certification,2026-03-21T05:04:38.121643,
2593,347,36,Advanced,3.9,False,,2026-01-04T05:04:38.121651,
2594,348,54,Beginner,2.6,True,Internal Training Course Certification,2026-04-04T05:04:38.122317,
2595,348,163,Beginner,5.7,True,Internal Training Course Certification,2026-01-13T05:04:38.122344,
2596,348,138,Advanced,3.4,True,,2025-09-06T05:04:38.122355,
2597,348,61,Beginner,2.7,False,Internal Training Course Certification,2025-09-01T05:04:38.122364,
2598,348,127,Advanced,7.3,False,,2026-02-12T05:04:38.122372,
2599,348,121,Intermediate,5.8,False,Internal Training Course Certification,2025-09-23T05:04:38.122380,
2600,348,134,Beginner,1.9,True,Internal Training Course Certification,2025-10-30T05:04:38.122388,
2601,349,39,Beginner,7.2,True,Internal Training Course Certification,2026-02-08T05:04:38.122425,
2602,349,20,Intermediate,7.0,False,,2025-11-13T05:04:38.122434,
2603,349,10,Beginner,2.6,False,,2026-01-12T05:04:38.122447,
2604,349,126,Expert,5.3,True,,2026-05-20T05:04:38.122455,
2605,349,56,Beginner,3.6,False,Internal Training Course Certification,2026-05-23T05:04:38.122463,
2606,349,6,Intermediate,2.3,False,,2026-04-11T05:04:38.122470,
2607,349,124,Advanced,5.0,False,,2025-11-19T05:04:38.122478,
2608,349,86,Beginner,3.5,True,Internal Training Course Certification,2026-03-02T05:04:38.122485,
2609,350,156,Advanced,7.5,False,Internal Training Course Certification,2026-02-25T05:04:38.122515,
2610,350,97,Intermediate,2.7,False,,2025-08-24T05:04:38.122523,
2611,350,167,Advanced,3.0,False,Internal Training Course Certification,2025-09-28T05:04:38.122531,
2612,350,85,Intermediate,2.9,True,,2025-11-12T05:04:38.122539,
2613,350,58,Expert,4.0,False,,2026-03-13T05:04:38.122546,
2614,350,100,Beginner,6.7,False,,2026-03-24T05:04:38.122553,
2615,350,170,Intermediate,5.3,True,Internal Training Course Certification,2025-10-30T05:04:38.122561,
2616,350,121,Intermediate,4.7,False,Internal Training Course Certification,2026-03-12T05:04:38.122568,
2617,350,33,Intermediate,7.0,True,Internal Training Course Certification,2025-10-05T05:04:38.122575,
2618,350,125,Intermediate,7.0,False,Internal Training Course Certification,2025-12-04T05:04:38.122583,
2619,351,66,Intermediate,2.1,False,,2026-03-25T05:04:38.122612,
2620,351,105,Beginner,7.0,False,,2025-11-07T05:04:38.122621,
2621,351,33,Advanced,3.4,False,Internal Training Course Certification,2025-10-03T05:04:38.122628,
2622,351,39,Advanced,7.6,True,,2025-10-28T05:04:38.122636,
2623,351,135,Expert,7.4,False,,2025-10-29T05:04:38.122645,
2624,351,126,Beginner,3.6,False,,2026-03-02T05:04:38.122652,
2625,352,97,Beginner,1.1,False,Internal Training Course Certification,2025-12-05T05:04:38.122681,
2626,352,171,Expert,1.6,False,,2025-08-23T05:04:38.122699,
2627,352,19,Intermediate,4.1,True,Internal Training Course Certification,2025-10-31T05:04:38.122708,
2628,352,148,Expert,1.5,False,Internal Training Course Certification,2026-05-26T05:04:38.122717,
2629,352,135,Advanced,7.9,False,,2026-05-24T05:04:38.122725,
2630,352,178,Advanced,3.3,False,,2025-09-25T05:04:38.122732,
2631,352,128,Advanced,3.8,False,,2026-06-17T05:04:38.122739,
2632,352,81,Expert,2.3,True,,2026-01-31T05:04:38.122747,
2633,353,66,Beginner,4.2,False,Internal Training Course Certification,2026-04-11T05:04:38.122776,
2634,353,111,Advanced,6.9,False,Internal Training Course Certification,2025-10-16T05:04:38.122783,
2635,353,51,Advanced,7.5,False,Internal Training Course Certification,2025-10-30T05:04:38.122791,
2636,353,47,Expert,1.8,False,,2026-03-25T05:04:38.122798,
2637,353,178,Expert,3.1,True,Internal Training Course Certification,2025-09-26T05:04:38.122806,
2638,353,80,Intermediate,7.8,False,,2026-04-29T05:04:38.122815,
2639,353,200,Advanced,6.5,True,,2026-04-15T05:04:38.122822,
2640,354,7,Expert,3.5,False,,2025-09-13T05:04:38.122852,
2641,354,96,Advanced,1.5,True,,2025-10-11T05:04:38.122859,
2642,354,129,Beginner,6.1,False,Internal Training Course Certification,2026-03-29T05:04:38.122868,
2643,354,123,Expert,5.1,False,Internal Training Course Certification,2026-02-02T05:04:38.122876,
2644,354,93,Intermediate,3.0,False,,2025-10-07T05:04:38.122883,
2645,354,62,Expert,5.0,False,,2026-04-27T05:04:38.122896,
2646,354,48,Advanced,6.5,False,,2026-03-17T05:04:38.122905,
2647,355,124,Advanced,5.0,False,Internal Training Course Certification,2026-04-19T05:04:38.122934,
2648,355,88,Beginner,4.0,False,Internal Training Course Certification,2025-12-31T05:04:38.122942,
2649,355,135,Advanced,2.8,False,Internal Training Course Certification,2026-03-26T05:04:38.122949,
2650,355,24,Expert,7.1,False,,2026-07-31T05:04:38.122957,
2651,355,107,Intermediate,1.9,False,,2025-10-17T05:04:38.122969,
2652,356,177,Advanced,4.3,False,Internal Training Course Certification,2026-02-28T05:04:38.122999,
2653,356,130,Expert,5.0,False,,2025-10-29T05:04:38.123007,
2654,356,172,Advanced,5.8,False,,2026-07-02T05:04:38.123015,
2655,356,192,Advanced,4.5,True,Internal Training Course Certification,2026-02-10T05:04:38.123022,
2656,356,62,Expert,7.6,True,,2025-09-09T05:04:38.123029,
2657,357,43,Beginner,1.0,False,Internal Training Course Certification,2026-03-01T05:04:38.123058,
2658,357,96,Beginner,1.4,False,Internal Training Course Certification,2026-07-14T05:04:38.123066,
2659,357,35,Intermediate,4.2,True,Internal Training Course Certification,2025-09-12T05:04:38.123074,
2660,357,93,Beginner,4.2,False,Internal Training Course Certification,2026-04-09T05:04:38.123081,
2661,357,163,Advanced,1.6,False,Internal Training Course Certification,2026-03-05T05:04:38.123089,
2662,357,145,Expert,1.4,True,Internal Training Course Certification,2025-10-23T05:04:38.123098,
2663,357,33,Beginner,1.8,False,Internal Training Course Certification,2026-04-24T05:04:38.123105,
2664,358,62,Beginner,6.5,True,,2025-08-27T05:04:38.123134,
2665,358,107,Beginner,1.5,False,,2025-09-14T05:04:38.123142,
2666,358,144,Beginner,3.4,False,,2026-05-31T05:04:38.123150,
2667,358,71,Expert,6.3,False,Internal Training Course Certification,2025-10-06T05:04:38.123157,
2668,358,79,Expert,5.8,True,,2025-12-26T05:04:38.123165,
2669,358,177,Intermediate,4.7,False,Internal Training Course Certification,2025-09-20T05:04:38.123172,
2670,359,172,Intermediate,4.6,True,,2026-05-11T05:04:38.123202,
2671,359,178,Beginner,5.0,False,,2026-06-03T05:04:38.123209,
2672,359,134,Intermediate,0.6,True,,2025-10-25T05:04:38.123217,
2673,359,200,Expert,2.9,False,,2025-11-23T05:04:38.123224,
2674,359,95,Intermediate,6.8,False,Internal Training Course Certification,2025-12-09T05:04:38.123232,
2675,359,125,Expert,3.8,True,,2026-07-06T05:04:38.123239,
2676,359,96,Beginner,7.0,False,Internal Training Course Certification,2026-03-09T05:04:38.123247,
2677,359,143,Advanced,1.8,True,Internal Training Course Certification,2026-06-04T05:04:38.123255,
2678,360,90,Advanced,4.7,True,,2026-05-22T05:04:38.123283,
2679,360,176,Beginner,5.3,False,Internal Training Course Certification,2026-05-29T05:04:38.123292,
2680,360,122,Advanced,5.7,False,,2025-12-26T05:04:38.123299,
2681,360,173,Beginner,1.8,False,Internal Training Course Certification,2025-08-30T05:04:38.123308,
2682,360,77,Advanced,1.3,False,,2025-11-25T05:04:38.123316,
2683,360,14,Expert,1.7,False,Internal Training Course Certification,2025-12-28T05:04:38.123323,
2684,361,105,Advanced,0.9,True,Internal Training Course Certification,2026-05-03T05:04:38.123352,
2685,361,138,Intermediate,2.8,False,Internal Training Course Certification,2026-03-06T05:04:38.123360,
2686,361,83,Expert,2.5,True,,2026-03-10T05:04:38.123368,
2687,361,57,Beginner,5.4,False,,2026-06-02T05:04:38.123375,
2688,361,162,Expert,2.0,True,,2026-05-20T05:04:38.123382,
2689,361,185,Beginner,1.6,True,,2026-07-18T05:04:38.123389,
2690,361,85,Intermediate,4.8,False,,2026-07-12T05:04:38.123397,
2691,361,47,Intermediate,7.6,False,,2025-10-07T05:04:38.123404,
2692,361,86,Expert,1.1,True,,2026-01-27T05:04:38.123415,
2693,362,49,Expert,7.5,False,Internal Training Course Certification,2026-02-02T05:04:38.123445,
2694,362,105,Expert,2.1,True,Internal Training Course Certification,2026-03-23T05:04:38.123453,
2695,362,57,Advanced,5.6,True,Internal Training Course Certification,2026-06-13T05:04:38.123460,
2696,362,95,Expert,0.6,False,Internal Training Course Certification,2026-02-24T05:04:38.123468,
2697,362,177,Beginner,2.3,True,,2026-04-24T05:04:38.123475,
2698,362,167,Advanced,3.0,True,Internal Training Course Certification,2026-03-19T05:04:38.123483,
2699,362,114,Beginner,0.8,True,Internal Training Course Certification,2026-06-03T05:04:38.123490,
2700,363,13,Advanced,4.7,True,,2026-06-25T05:04:38.123518,
2701,363,70,Expert,5.4,False,Internal Training Course Certification,2026-02-20T05:04:38.123527,
2702,363,124,Intermediate,3.0,True,Internal Training Course Certification,2025-08-25T05:04:38.123535,
2703,363,35,Expert,1.8,False,Internal Training Course Certification,2025-10-24T05:04:38.123544,
2704,363,126,Advanced,4.9,False,,2026-07-10T05:04:38.123551,
2705,364,100,Expert,3.1,False,,2025-08-24T05:04:38.123578,
2706,364,44,Intermediate,1.4,False,,2026-03-29T05:04:38.123586,
2707,364,58,Beginner,4.4,True,,2026-05-10T05:04:38.123593,
2708,364,196,Expert,7.9,False,,2026-01-14T05:04:38.123601,
2709,364,6,Expert,6.3,False,Internal Training Course Certification,2026-02-28T05:04:38.123608,
2710,365,172,Advanced,3.0,False,,2026-06-02T05:04:38.123635,
2711,365,148,Beginner,3.2,False,,2026-07-06T05:04:38.123643,
2712,365,37,Beginner,2.2,False,,2026-03-22T05:04:38.123651,
2713,365,21,Intermediate,5.4,False,,2026-03-04T05:04:38.123658,
2714,365,10,Intermediate,7.1,False,Internal Training Course Certification,2025-12-16T05:04:38.123665,
2715,365,139,Beginner,7.4,False,Internal Training Course Certification,2026-01-24T05:04:38.123673,
2716,365,195,Beginner,2.5,False,Internal Training Course Certification,2025-09-08T05:04:38.123680,
2717,366,179,Beginner,2.8,True,,2025-08-25T05:04:38.123707,
2718,366,186,Expert,4.2,True,,2025-12-05T05:04:38.123715,
2719,366,98,Intermediate,4.7,False,Internal Training Course Certification,2025-10-14T05:04:38.123722,
2720,366,134,Expert,7.6,False,,2025-08-26T05:04:38.123731,
2721,366,104,Advanced,3.1,True,Internal Training Course Certification,2026-07-21T05:04:38.123739,
2722,366,25,Intermediate,7.7,False,Internal Training Course Certification,2025-10-08T05:04:38.123746,
2723,366,176,Expert,6.0,True,,2026-02-24T05:04:38.123754,
2724,367,171,Expert,4.8,False,,2025-09-13T05:04:38.123781,
2725,367,139,Intermediate,4.8,False,,2025-12-26T05:04:38.123788,
2726,367,105,Expert,5.2,False,Internal Training Course Certification,2026-03-31T05:04:38.123796,
2727,367,69,Beginner,5.8,False,,2025-11-09T05:04:38.123803,
2728,367,6,Expert,0.7,False,Internal Training Course Certification,2026-06-01T05:04:38.123810,
2729,367,46,Beginner,2.5,False,,2026-04-01T05:04:38.123818,
2730,368,183,Intermediate,3.4,True,,2025-08-23T05:04:38.123845,
2731,368,107,Beginner,2.8,False,Internal Training Course Certification,2026-07-20T05:04:38.123853,
2732,368,105,Advanced,1.3,True,,2025-08-26T05:04:38.123861,
2733,368,10,Advanced,3.5,True,,2025-11-24T05:04:38.123868,
2734,368,103,Advanced,4.4,True,Internal Training Course Certification,2026-01-14T05:04:38.123876,
2735,368,45,Advanced,4.9,False,Internal Training Course Certification,2026-03-20T05:04:38.123883,
2736,368,185,Expert,7.1,True,Internal Training Course Certification,2026-01-17T05:04:38.123890,
2737,368,44,Intermediate,0.8,True,,2026-01-27T05:04:38.123897,
2738,369,164,Expert,7.4,True,Internal Training Course Certification,2025-12-17T05:04:38.123924,
2739,369,20,Advanced,1.3,False,,2025-12-09T05:04:38.123931,
2740,369,155,Intermediate,3.0,True,Internal Training Course Certification,2026-02-03T05:04:38.123940,
2741,369,66,Beginner,2.7,False,,2025-09-04T05:04:38.123948,
2742,369,90,Intermediate,2.7,True,,2026-07-06T05:04:38.123956,
2743,370,44,Beginner,2.8,True,,2026-07-07T05:04:38.123985,
2744,370,24,Advanced,2.3,False,,2025-08-22T05:04:38.123993,
2745,370,83,Intermediate,4.5,True,Internal Training Course Certification,2025-10-15T05:04:38.124000,
2746,370,8,Expert,1.2,True,,2026-07-15T05:04:38.124008,
2747,370,67,Expert,6.2,False,Internal Training Course Certification,2026-05-03T05:04:38.124015,
2748,370,192,Beginner,6.2,False,Internal Training Course Certification,2025-11-12T05:04:38.124022,
2749,370,11,Beginner,1.1,False,,2025-09-13T05:04:38.124030,
2750,371,143,Advanced,6.7,True,Internal Training Course Certification,2026-01-07T05:04:38.124058,
2751,371,69,Intermediate,3.8,True,,2025-09-12T05:04:38.124066,
2752,371,74,Advanced,3.7,True,,2026-06-20T05:04:38.124073,
2753,371,14,Advanced,2.3,False,,2025-09-26T05:04:38.124080,
2754,371,142,Expert,1.9,True,,2026-04-01T05:04:38.124088,
2755,371,37,Intermediate,6.1,True,,2026-05-09T05:04:38.124095,
2756,371,99,Intermediate,7.0,False,,2026-07-10T05:04:38.124103,
2757,371,200,Expert,7.1,False,Internal Training Course Certification,2026-06-01T05:04:38.124113,
2758,371,157,Expert,0.8,False,Internal Training Course Certification,2026-05-22T05:04:38.124120,
2759,371,186,Intermediate,6.3,False,Internal Training Course Certification,2026-05-12T05:04:38.124129,
2760,372,127,Expert,2.4,True,,2026-07-24T05:04:38.124157,
2761,372,51,Beginner,8.0,False,Internal Training Course Certification,2026-02-21T05:04:38.124164,
2762,372,84,Intermediate,5.0,False,,2025-08-18T05:04:38.124172,
2763,372,49,Intermediate,4.1,True,,2026-05-22T05:04:38.124179,
2764,372,24,Beginner,1.7,True,,2026-06-20T05:04:38.124187,
2765,372,175,Intermediate,4.8,True,Internal Training Course Certification,2025-10-03T05:04:38.124194,
2766,373,197,Advanced,7.3,False,,2026-06-25T05:04:38.124223,
2767,373,39,Intermediate,3.4,False,,2026-04-24T05:04:38.124231,
2768,373,75,Intermediate,2.4,True,Internal Training Course Certification,2025-11-01T05:04:38.124239,
2769,373,189,Advanced,6.9,True,,2026-04-12T05:04:38.124252,
2770,373,183,Intermediate,7.5,False,,2025-10-19T05:04:38.124260,
2771,373,127,Advanced,4.3,False,,2026-05-11T05:04:38.124268,
2772,373,169,Beginner,2.2,False,,2026-04-03T05:04:38.124275,
2773,374,86,Intermediate,3.9,True,,2026-05-20T05:04:38.124303,
2774,374,34,Beginner,3.4,False,,2026-05-04T05:04:38.124311,
2775,374,148,Intermediate,1.5,False,,2026-04-09T05:04:38.124319,
2776,374,75,Intermediate,4.8,False,Internal Training Course Certification,2026-01-06T05:04:38.124326,
2777,374,175,Intermediate,6.7,True,,2026-05-21T05:04:38.124333,
2778,374,66,Expert,1.8,False,,2025-10-26T05:04:38.124341,
2779,375,2,Beginner,4.2,True,Internal Training Course Certification,2025-08-19T05:04:38.124370,
2780,375,48,Advanced,2.4,False,,2026-02-08T05:04:38.124378,
2781,375,116,Intermediate,7.3,True,Internal Training Course Certification,2026-06-27T05:04:38.124386,
2782,375,46,Beginner,7.1,False,,2025-11-15T05:04:38.124393,
2783,375,53,Expert,6.7,True,Internal Training Course Certification,2025-10-04T05:04:38.124400,
2784,375,107,Advanced,0.5,False,Internal Training Course Certification,2025-09-24T05:04:38.124408,
2785,376,125,Intermediate,3.5,False,,2025-11-20T05:04:38.124436,
2786,376,69,Beginner,4.5,True,Internal Training Course Certification,2026-04-10T05:04:38.124444,
2787,376,194,Beginner,4.4,False,,2026-04-14T05:04:38.124452,
2788,376,87,Beginner,0.8,False,Internal Training Course Certification,2025-10-22T05:04:38.124459,
2789,376,39,Beginner,4.5,False,Internal Training Course Certification,2026-05-01T05:04:38.124466,
2790,376,86,Intermediate,4.7,True,Internal Training Course Certification,2026-06-25T05:04:38.124474,
2791,376,195,Expert,1.9,True,,2025-12-29T05:04:38.124481,
2792,377,25,Expert,3.2,True,,2025-11-25T05:04:38.124510,
2793,377,8,Intermediate,2.6,False,,2025-11-02T05:04:38.124519,
2794,377,80,Beginner,4.8,True,Internal Training Course Certification,2026-07-02T05:04:38.124526,
2795,377,85,Advanced,4.9,True,,2026-02-15T05:04:38.124534,
2796,377,171,Expert,6.0,False,,2025-09-03T05:04:38.124541,
2797,377,114,Intermediate,1.1,False,,2025-11-06T05:04:38.124548,
2798,377,155,Intermediate,1.0,False,Internal Training Course Certification,2026-05-31T05:04:38.124557,
2799,377,138,Intermediate,2.3,False,,2026-03-27T05:04:38.124565,
2800,377,127,Intermediate,3.8,False,Internal Training Course Certification,2026-03-07T05:04:38.124572,
2801,378,135,Intermediate,2.5,False,Internal Training Course Certification,2025-09-27T05:04:38.124601,
2802,378,192,Beginner,5.2,False,Internal Training Course Certification,2025-11-13T05:04:38.124609,
2803,378,139,Advanced,6.6,True,,2025-12-09T05:04:38.124616,
2804,378,115,Expert,7.6,True,Internal Training Course Certification,2025-09-29T05:04:38.124624,
2805,378,126,Intermediate,5.9,True,Internal Training Course Certification,2026-01-01T05:04:38.124631,
2806,378,90,Expert,2.7,False,,2026-07-14T05:04:38.124638,
2807,378,105,Beginner,0.9,True,,2025-12-26T05:04:38.124646,
2808,378,183,Expert,1.2,True,,2026-04-20T05:04:38.124653,
2809,378,19,Intermediate,7.4,False,,2026-05-31T05:04:38.124661,
2810,378,173,Beginner,5.7,False,Internal Training Course Certification,2026-03-17T05:04:38.124668,
2811,379,55,Expert,7.8,False,Internal Training Course Certification,2026-01-13T05:04:38.124697,
2812,379,12,Advanced,7.4,True,,2026-05-07T05:04:38.124705,
2813,379,159,Beginner,4.8,True,,2026-03-31T05:04:38.124712,
2814,379,163,Advanced,2.7,False,,2026-03-21T05:04:38.124720,
2815,379,135,Expert,4.6,True,Internal Training Course Certification,2026-05-29T05:04:38.124727,
2816,379,86,Intermediate,0.6,False,Internal Training Course Certification,2025-11-16T05:04:38.124735,
2817,380,163,Advanced,7.6,True,,2025-11-11T05:04:38.124763,
2818,380,48,Advanced,1.0,False,Internal Training Course Certification,2025-10-21T05:04:38.124773,
2819,380,41,Advanced,5.8,False,,2026-01-20T05:04:38.124781,
2820,380,127,Advanced,5.7,False,,2026-02-13T05:04:38.124789,
2821,380,176,Beginner,2.6,False,Internal Training Course Certification,2025-12-21T05:04:38.124796,
2822,380,154,Intermediate,6.1,True,Internal Training Course Certification,2026-01-10T05:04:38.124804,
2823,380,39,Expert,4.7,True,Internal Training Course Certification,2026-06-15T05:04:38.124811,
2824,380,98,Intermediate,1.2,True,,2026-01-03T05:04:38.124818,
2825,381,130,Advanced,7.8,True,Internal Training Course Certification,2026-02-14T05:04:38.124847,
2826,381,132,Advanced,2.3,True,Internal Training Course Certification,2026-03-05T05:04:38.124855,
2827,381,102,Beginner,1.2,True,Internal Training Course Certification,2026-05-17T05:04:38.124862,
2828,381,19,Beginner,2.9,True,Internal Training Course Certification,2026-05-01T05:04:38.124870,
2829,381,194,Advanced,0.6,True,Internal Training Course Certification,2026-06-06T05:04:38.124879,
2830,381,160,Advanced,7.5,True,,2026-02-15T05:04:38.124886,
2831,381,105,Intermediate,6.2,False,,2026-05-05T05:04:38.124894,
2832,382,78,Intermediate,4.7,True,,2025-11-08T05:04:38.124922,
2833,382,171,Intermediate,4.6,True,,2026-05-02T05:04:38.124930,
2834,382,69,Beginner,5.4,False,,2026-01-24T05:04:38.124937,
2835,382,165,Advanced,4.8,False,Internal Training Course Certification,2026-05-21T05:04:38.124944,
2836,382,185,Expert,6.6,False,,2025-11-14T05:04:38.124952,
2837,382,159,Intermediate,1.7,True,,2025-08-27T05:04:38.124962,
2838,382,87,Advanced,4.2,False,,2026-01-28T05:04:38.124970,
2839,383,149,Beginner,4.3,True,,2026-04-23T05:04:38.125001,
2840,383,78,Expert,5.7,False,Internal Training Course Certification,2026-01-22T05:04:38.125009,
2841,383,89,Advanced,7.2,False,,2025-12-03T05:04:38.125016,
2842,383,141,Advanced,1.3,False,Internal Training Course Certification,2026-07-14T05:04:38.125024,
2843,383,106,Expert,3.6,True,,2025-11-10T05:04:38.125031,
2844,383,148,Advanced,2.1,False,,2025-10-29T05:04:38.125040,
2845,383,156,Advanced,6.5,True,,2025-10-12T05:04:38.125048,
2846,383,48,Intermediate,6.4,False,,2026-04-11T05:04:38.125055,
2847,383,27,Expert,4.3,False,,2026-03-10T05:04:38.125062,
2848,383,44,Intermediate,5.1,True,,2026-03-16T05:04:38.125070,
2849,384,52,Intermediate,5.4,False,,2026-05-07T05:04:38.125100,
2850,384,138,Beginner,1.8,True,,2026-01-28T05:04:38.125107,
2851,384,87,Beginner,2.3,False,,2025-12-11T05:04:38.125115,
2852,384,88,Expert,2.8,False,,2025-09-01T05:04:38.125122,
2853,384,122,Expert,3.0,True,Internal Training Course Certification,2026-05-13T05:04:38.125130,
2854,384,163,Beginner,2.0,True,Internal Training Course Certification,2026-05-29T05:04:38.125137,
2855,384,139,Beginner,1.0,False,Internal Training Course Certification,2026-05-04T05:04:38.125145,
2856,385,185,Beginner,7.5,False,,2026-02-05T05:04:38.125174,
2857,385,75,Intermediate,7.1,False,Internal Training Course Certification,2025-08-21T05:04:38.125184,
2858,385,103,Advanced,3.7,False,,2026-02-21T05:04:38.125191,
2859,385,56,Expert,0.7,False,,2026-02-07T05:04:38.125199,
2860,385,178,Advanced,7.4,True,Internal Training Course Certification,2026-01-09T05:04:38.125206,
2861,385,116,Intermediate,1.1,False,Internal Training Course Certification,2026-01-21T05:04:38.125214,
2862,385,63,Beginner,2.3,False,Internal Training Course Certification,2025-08-29T05:04:38.125221,
2863,385,98,Beginner,6.0,True,,2026-02-09T05:04:38.125229,
2864,385,200,Intermediate,3.4,False,,2025-12-31T05:04:38.125236,
2865,386,2,Intermediate,7.3,True,,2025-09-01T05:04:38.125264,
2866,386,200,Advanced,5.1,False,,2026-02-18T05:04:38.125272,
2867,386,106,Beginner,3.1,True,,2026-04-12T05:04:38.125279,
2868,386,159,Expert,6.5,True,Internal Training Course Certification,2026-07-07T05:04:38.125287,
2869,386,75,Expert,3.6,False,Internal Training Course Certification,2026-05-19T05:04:38.125294,
2870,386,155,Advanced,5.4,False,,2026-07-17T05:04:38.125301,
2871,387,57,Beginner,3.1,False,Internal Training Course Certification,2026-06-21T05:04:38.125329,
2872,387,12,Intermediate,5.8,False,Internal Training Course Certification,2026-01-25T05:04:38.125336,
2873,387,41,Intermediate,2.2,True,Internal Training Course Certification,2026-01-31T05:04:38.125344,
2874,387,182,Beginner,7.7,False,,2026-02-11T05:04:38.125352,
2875,387,114,Beginner,1.2,False,Internal Training Course Certification,2025-10-14T05:04:38.125359,
2876,387,194,Expert,4.5,False,Internal Training Course Certification,2025-12-12T05:04:38.125368,
2877,387,124,Beginner,0.7,False,,2026-07-21T05:04:38.125376,
2878,387,69,Expert,5.8,False,Internal Training Course Certification,2026-04-30T05:04:38.125383,
2879,387,185,Intermediate,2.0,True,Internal Training Course Certification,2025-09-24T05:04:38.125391,
2880,388,25,Advanced,4.1,True,,2025-11-16T05:04:38.125419,
2881,388,148,Expert,1.2,False,,2025-11-15T05:04:38.125427,
2882,388,78,Advanced,1.9,False,,2025-11-13T05:04:38.125435,
2883,388,139,Advanced,0.8,False,,2025-09-19T05:04:38.125443,
2884,388,18,Expert,7.8,False,,2026-06-16T05:04:38.125451,
2885,388,107,Advanced,6.1,False,Internal Training Course Certification,2025-12-29T05:04:38.125458,
2886,388,37,Intermediate,6.7,True,,2026-02-22T05:04:38.125481,
2887,389,62,Beginner,1.3,False,Internal Training Course Certification,2026-03-04T05:04:38.125510,
2888,389,72,Advanced,6.4,True,Internal Training Course Certification,2026-04-29T05:04:38.125518,
2889,389,125,Advanced,7.6,False,,2025-11-01T05:04:38.125526,
2890,389,33,Advanced,7.8,True,,2026-01-29T05:04:38.125533,
2891,389,37,Advanced,3.6,False,,2025-08-20T05:04:38.125541,
2892,389,78,Intermediate,1.0,False,Internal Training Course Certification,2026-03-26T05:04:38.125548,
2893,389,27,Advanced,2.1,True,,2025-08-25T05:04:38.125558,
2894,390,12,Beginner,3.0,False,,2026-05-14T05:04:38.125586,
2895,390,34,Advanced,2.6,True,,2025-09-08T05:04:38.125593,
2896,390,100,Advanced,4.1,False,,2025-10-08T05:04:38.125602,
2897,390,81,Intermediate,5.0,False,,2026-02-01T05:04:38.125611,
2898,390,124,Beginner,2.1,False,,2025-12-29T05:04:38.125619,
2899,390,1,Beginner,6.6,False,Internal Training Course Certification,2026-01-11T05:04:38.125627,
2900,391,106,Expert,6.4,True,,2025-09-19T05:04:38.125656,
2901,391,97,Intermediate,5.6,True,,2025-08-26T05:04:38.125663,
2902,391,115,Advanced,1.6,False,,2025-10-11T05:04:38.125671,
2903,391,114,Advanced,3.7,False,,2026-05-07T05:04:38.125679,
2904,391,173,Intermediate,4.5,False,,2026-06-03T05:04:38.125686,
2905,391,126,Intermediate,3.1,True,,2026-03-18T05:04:38.125694,
2906,391,21,Beginner,7.7,False,Internal Training Course Certification,2026-07-04T05:04:38.125701,
2907,391,178,Intermediate,1.6,True,,2025-10-27T05:04:38.125708,
2908,392,158,Intermediate,3.5,False,Internal Training Course Certification,2025-10-09T05:04:38.125737,
2909,392,34,Expert,6.3,False,Internal Training Course Certification,2026-06-11T05:04:38.125745,
2910,392,17,Advanced,5.3,True,Internal Training Course Certification,2025-11-28T05:04:38.125752,
2911,392,39,Beginner,1.5,True,,2025-10-03T05:04:38.125759,
2912,392,99,Advanced,6.4,True,Internal Training Course Certification,2026-04-21T05:04:38.125767,
2913,392,124,Advanced,6.2,False,,2026-06-05T05:04:38.125774,
2914,392,105,Beginner,2.7,False,,2026-01-23T05:04:38.125781,
2915,392,18,Advanced,4.0,False,,2025-10-26T05:04:38.125790,
2916,392,179,Beginner,3.6,False,,2026-03-14T05:04:38.125797,
2917,392,103,Advanced,1.7,True,,2026-06-16T05:04:38.125805,
2918,393,165,Advanced,4.5,True,Internal Training Course Certification,2025-09-17T05:04:38.125832,
2919,393,120,Intermediate,3.7,True,,2026-01-29T05:04:38.125840,
2920,393,171,Beginner,7.6,True,Internal Training Course Certification,2025-10-09T05:04:38.125847,
2921,393,135,Expert,6.6,False,,2026-06-30T05:04:38.125855,
2922,393,14,Beginner,5.3,False,,2025-10-22T05:04:38.125862,
2923,394,124,Expert,7.8,True,Internal Training Course Certification,2026-01-22T05:04:38.125890,
2924,394,105,Expert,1.0,True,,2025-12-05T05:04:38.125898,
2925,394,66,Beginner,2.1,False,,2026-01-08T05:04:38.125905,
2926,394,27,Intermediate,0.7,False,,2026-02-21T05:04:38.125913,
2927,394,70,Expert,7.6,True,Internal Training Course Certification,2025-12-25T05:04:38.125921,
2928,394,74,Intermediate,2.4,True,Internal Training Course Certification,2026-04-30T05:04:38.125928,
2929,395,49,Expert,1.8,False,Internal Training Course Certification,2025-11-03T05:04:38.125958,
2930,395,74,Beginner,3.2,True,,2026-01-15T05:04:38.125966,
2931,395,172,Expert,1.0,False,,2025-08-30T05:04:38.125974,
2932,395,114,Beginner,1.8,False,,2026-06-27T05:04:38.125981,
2933,395,87,Expert,1.2,False,,2026-05-05T05:04:38.125993,
2934,395,110,Beginner,3.8,False,Internal Training Course Certification,2025-10-27T05:04:38.126002,
2935,395,21,Intermediate,5.6,True,,2025-11-18T05:04:38.126012,
2936,395,170,Intermediate,7.4,False,,2026-03-06T05:04:38.126019,
2937,396,57,Advanced,4.7,False,,2026-06-13T05:04:38.126048,
2938,396,123,Intermediate,6.6,False,,2026-06-30T05:04:38.126056,
2939,396,139,Beginner,4.8,True,,2026-05-26T05:04:38.126063,
2940,396,106,Advanced,4.1,False,Internal Training Course Certification,2025-10-23T05:04:38.126071,
2941,396,46,Beginner,6.3,True,Internal Training Course Certification,2026-01-17T05:04:38.126078,
2942,396,184,Beginner,4.1,True,Internal Training Course Certification,2025-10-08T05:04:38.126086,
2943,396,138,Advanced,7.5,True,,2025-09-25T05:04:38.126093,
2944,397,127,Expert,3.7,True,,2025-11-23T05:04:38.126121,
2945,397,111,Advanced,7.7,False,,2025-08-28T05:04:38.126129,
2946,397,20,Beginner,5.5,False,,2026-06-02T05:04:38.126138,
2947,397,126,Advanced,6.8,True,,2026-04-05T05:04:38.126145,
2948,397,75,Intermediate,6.1,False,,2025-11-19T05:04:38.126154,
2949,397,14,Expert,2.8,True,Internal Training Course Certification,2026-07-17T05:04:38.126162,
2950,397,200,Advanced,5.2,False,Internal Training Course Certification,2026-01-20T05:04:38.126169,
2951,397,31,Beginner,3.5,True,,2026-01-17T05:04:38.126177,
2952,397,18,Advanced,5.0,True,,2026-07-19T05:04:38.126184,
2953,397,89,Advanced,2.0,False,,2026-02-20T05:04:38.126191,
2954,398,90,Beginner,5.5,False,,2025-09-07T05:04:38.126220,
2955,398,62,Beginner,3.7,False,Internal Training Course Certification,2026-05-24T05:04:38.126227,
2956,398,47,Beginner,0.7,False,Internal Training Course Certification,2025-11-17T05:04:38.126235,
2957,398,95,Intermediate,2.3,True,Internal Training Course Certification,2025-12-24T05:04:38.126242,
2958,398,186,Intermediate,2.9,True,,2025-12-15T05:04:38.126252,
2959,399,152,Expert,2.0,True,,2025-11-23T05:04:38.126280,
2960,399,16,Intermediate,6.4,True,Internal Training Course Certification,2026-03-17T05:04:38.126288,
2961,399,35,Expert,4.6,False,,2025-11-13T05:04:38.126295,
2962,399,114,Expert,2.7,True,,2025-11-27T05:04:38.126303,
2963,399,85,Beginner,3.7,False,,2025-10-12T05:04:38.126310,
2964,399,111,Intermediate,4.8,True,Internal Training Course Certification,2025-10-05T05:04:38.126317,
2965,399,74,Expert,6.2,False,,2025-09-10T05:04:38.126325,
2966,399,13,Beginner,4.9,True,Internal Training Course Certification,2025-08-16T05:04:38.126332,
2967,400,34,Expert,3.7,True,Internal Training Course Certification,2026-07-14T05:04:38.126359,
2968,400,172,Expert,1.9,False,,2026-07-08T05:04:38.126366,
2969,400,18,Expert,7.6,True,,2026-07-11T05:04:38.126374,
2970,400,19,Beginner,7.4,False,,2025-08-26T05:04:38.126381,
2971,400,24,Advanced,5.2,True,,2025-12-22T05:04:38.126389,
2972,401,113,Intermediate,7.0,False,,2026-02-13T05:04:38.126417,
2973,401,114,Beginner,7.0,False,Internal Training Course Certification,2025-10-01T05:04:38.126425,
2974,401,143,Expert,2.4,False,,2025-10-29T05:04:38.126434,
2975,401,183,Beginner,4.4,True,,2026-07-18T05:04:38.126442,
2976,401,105,Intermediate,5.9,False,Internal Training Course Certification,2026-07-22T05:04:38.126449,
2977,401,182,Expert,0.7,False,,2025-10-28T05:04:38.126457,
2978,401,194,Beginner,3.6,True,Internal Training Course Certification,2026-01-11T05:04:38.126465,
2979,401,130,Expert,5.7,False,,2025-11-22T05:04:38.126472,
2980,401,145,Advanced,3.7,True,Internal Training Course Certification,2025-12-04T05:04:38.126480,
2981,401,43,Advanced,7.9,False,Internal Training Course Certification,2026-02-10T05:04:38.126488,
2982,402,69,Expert,3.5,False,,2026-04-21T05:04:38.126518,
2983,402,124,Intermediate,4.5,False,,2025-09-06T05:04:38.126526,
2984,402,139,Beginner,7.7,True,Internal Training Course Certification,2026-01-31T05:04:38.126534,
2985,402,2,Expert,6.4,False,,2025-09-22T05:04:38.126542,
2986,402,149,Intermediate,4.4,True,Internal Training Course Certification,2026-06-15T05:04:38.126549,
2987,402,197,Advanced,4.9,False,Internal Training Course Certification,2025-09-11T05:04:38.126557,
2988,403,186,Intermediate,6.1,True,,2025-08-28T05:04:38.126586,
2989,403,69,Advanced,7.5,True,Internal Training Course Certification,2026-06-24T05:04:38.126594,
2990,403,18,Advanced,5.2,False,Internal Training Course Certification,2025-11-14T05:04:38.126601,
2991,403,177,Expert,3.7,True,,2026-04-16T05:04:38.126609,
2992,403,38,Beginner,4.1,True,Internal Training Course Certification,2025-10-27T05:04:38.126616,
2993,403,192,Expert,5.1,False,Internal Training Course Certification,2026-07-20T05:04:38.126625,
2994,403,104,Advanced,5.7,True,,2026-07-16T05:04:38.126632,
2995,403,173,Expert,1.2,True,,2025-10-22T05:04:38.126639,
2996,403,25,Intermediate,1.7,False,,2026-01-25T05:04:38.126647,
2997,403,172,Intermediate,6.8,True,,2025-09-24T05:04:38.126655,
2998,404,80,Advanced,7.9,False,,2026-02-17T05:04:38.126683,
2999,404,179,Advanced,4.3,False,Internal Training Course Certification,2026-05-04T05:04:38.126691,
3000,404,193,Advanced,0.8,False,,2025-10-20T05:04:38.126699,
