id,employee_id,review_cycle,rating,score,strengths,improvement_areas,manager_comments,reviewer_name,review_date,is_final
1,1,FY2025-26,Exceptional,5.0,Demonstrates consistent execution and team work.,Needs to acquire digital skills and safety certifications.,Hardworking and reliable team member.,Vijay Choudhury,2025-09-15T05:04:38.187939,True
2,1,FY2021-22,Partially Meets Expectations,2.0,Demonstrates consistent execution and team work.,Needs to acquire digital skills and safety certifications.,Hardworking and reliable team member.,Rohan Chatterjee,2025-12-08T05:04:38.187974,True
3,2,FY2022-23,Partially Meets Expectations,2.0,Demonstrates consistent execution and team work.,Needs to acquire digital skills and safety certifications.,Hardworking and reliable team member.,Suresh Reddy,2025-12-11T05:04:38.187994,True
4,2,FY2024-25,Meets Expectations,3.0,Demonstrates consistent execution and team work.,Needs to acquire digital skills and safety certifications.,Hardworking and reliable team member.,Tanvi Bose,2024-12-30T05:04:38.188006,True
5,2,FY2023-24,Exceptional,5.0,Demonstrates consistent execution and team work.,Needs to acquire digital skills and safety certifications.,Hardworking and reliable team member.,Rajesh Gupta,2025-04-17T05:04:38.188021,True
6,3,FY2024-25,Meets Expectations,3.0,Demonstrates consistent execution and team work.,Needs to acquire digital skills and safety certifications.,Hardworking and reliable team member.,Hemant Joshi,2025-09-30T05:04:38.188034,True
7,3,FY2022-23,Meets Expectations,3.0,Demonstrates consistent execution and team work.,Needs to acquire digital skills and safety certifications.,Hardworking and reliable team member.,Manish Joshi,2025-02-09T05:04:38.188044,True
8,4,FY2022-23,Exceptional,5.0,Demonstrates consistent execution and team work.,Needs to acquire digital skills and safety certifications.,Hardworking and reliable team member.,Suresh Roy,2024-10-01T05:04:38.188056,True
9,4,FY2021-22,Meets Expectations,3.0,Demonstrates consistent execution and team work.,Needs to acquire digital skills and safety certifications.,Hardworking and reliable team member.,Aditya Dutta,2026-01-12T05:04:38.188066,True
10,5,FY2021-22,Exceptional,5.0,Demonstrates consistent execution and team work.,Needs to acquire digital skills and safety certifications.,Hardworking and reliable team member.,Deepa Chatterjee,2026-01-30T05:04:38.188078,True
11,5,FY2022-23,Meets Expectations,3.0,Demonstrates consistent execution and team work.,Needs to acquire digital skills and safety certifications.,Hardworking and reliable team member.,Madhav Ghosh,2025-07-02T05:04:38.188088,True
12,5,FY2023-24,Exceeds Expectations,4.0,Demonstrates consistent execution and team work.,Needs to acquire digital skills and safety certifications.,Hardworking and reliable team member.,Nikhil Roy,2026-05-22T05:04:38.188097,True
13,6,FY2022-23,Exceeds Expectations,4.0,Demonstrates consistent execution and team work.,Needs to acquire digital skills and safety certifications.,Hardworking and reliable team member.,Chandan Ghosh,2026-01-02T05:04:38.188108,True
14,6,FY2024-25,Partially Meets Expectations,2.0,Demonstrates consistent execution and team work.,Needs to acquire digital skills and safety certifications.,Hardworking and reliable team member.,Yash Joshi,2025-06-29T05:04:38.188118,True
15,6,FY2023-24,Exceptional,5.0,Demonstrates consistent execution and team work.,Needs to acquire digital skills and safety certifications.,Hardworking and reliable team member.,Tanvi Mitra,2025-08-25T05:04:38.188127,True
16,7,FY2022-23,Partially Meets Expectations,2.0,Demonstrates consistent execution and team work.,Needs to acquire digital skills and safety certifications.,Hardworking and reliable team member.,Ananya Singh,2025-03-13T05:04:38.188141,True
17,7,FY2025-26,Partially Meets Expectations,2.0,Demonstrates consistent execution and team work.,Needs to acquire digital skills and safety certifications.,Hardworking and reliable team member.,Rahul Singh,2025-02-26T05:04:38.188151,True
18,7,FY2021-22,Meets Expectations,3.0,Demonstrates consistent execution and team work.,Needs to acquire digital skills and safety certifications.,Hardworking and reliable team member.,Aniket Prasad,2025-02-18T05:04:38.188160,True
19,8,FY2023-24,Exceptional,5.0,Demonstrates consistent execution and team work.,Needs to acquire digital skills and safety certifications.,Hardworking and reliable team member.,Meera Sharma,2025-12-07T05:04:38.188173,True
20,8,FY2021-22,Exceeds Expectations,4.0,Demonstrates consistent execution and team work.,Needs to acquire digital skills and safety certifications.,Hardworking and reliable team member.,Vikram Tripathi,2024-11-18T05:04:38.188183,True
21,8,FY2022-23,Meets Expectations,3.0,Demonstrates consistent execution and team work.,Needs to acquire digital skills and safety certifications.,Hardworking and reliable team member.,Tanvi Mukherjee,2025-07-25T05:04:38.188192,True
22,9,FY2022-23,Meets Expectations,3.0,Demonstrates consistent execution and team work.,Needs to acquire digital skills and safety certifications.,Hardworking and reliable team member.,Neha Chatterjee,2026-06-15T05:04:38.188203,True
23,9,FY2021-22,Meets Expectations,3.0,Demonstrates consistent execution and team work.,Needs to acquire digital skills and safety certifications.,Hardworking and reliable team member.,Alok Choudhury,2024-09-28T05:04:38.188212,True
24,10,FY2022-23,Meets Expectations,3.0,Demonstrates consistent execution and team work.,Needs to acquire digital skills and safety certifications.,Hardworking and reliable team member.,Pooja Mehta,2025-01-22T05:04:38.188224,True
25,10,FY2024-25,Meets Expectations,3.0,Demonstrates consistent execution and team work.,Needs to acquire digital skills and safety certifications.,Hardworking and reliable team member.,Pooja Gupta,2026-03-29T05:04:38.188235,True
26,10,FY2025-26,Meets Expectations,3.0,Demonstrates consistent execution and team work.,Needs to acquire digital skills and safety certifications.,Hardworking and reliable team member.,Alok Banerjee,2026-02-01T05:04:38.188245,True
27,11,FY2025-26,Exceeds Expectations,4.0,Demonstrates consistent execution and team work.,Needs to acquire digital skills and safety certifications.,Hardworking and reliable team member.,Aarav Chatterjee,2025-03-18T05:04:38.188257,True
28,11,FY2024-25,Meets Expectations,3.0,Demonstrates consistent execution and team work.,Needs to acquire digital skills and safety certifications.,Hardworking and reliable team member.,Ganesh Prasad,2024-12-02T05:04:38.188266,True
29,12,FY2022-23,Exceptional,5.0,Demonstrates consistent execution and team work.,Needs to acquire digital skills and safety certifications.,Hardworking and reliable team member.,Ashok Banerjee,2026-01-22T05:04:38.188278,True
30,12,FY2023-24,Exceeds Expectations,4.0,Demonstrates consistent execution and team work.,Needs to acquire digital skills and safety certifications.,Hardworking and reliable team member.,Sunita Ghosh,2025-07-08T05:04:38.188287,True
31,12,FY2024-25,Meets Expectations,3.0,Demonstrates consistent execution and team work.,Needs to acquire digital skills and safety certifications.,Hardworking and reliable team member.,Narendra Joshi,2025-11-30T05:04:38.188297,True
32,13,FY2022-23,Partially Meets Expectations,2.0,Demonstrates consistent execution and team work.,Needs to acquire digital skills and safety certifications.,Hardworking and reliable team member.,Madhav Dubey,2026-01-17T05:04:38.188308,True
33,13,FY2021-22,Exceptional,5.0,Demonstrates consistent execution and team work.,Needs to acquire digital skills and safety certifications.,Hardworking and reliable team member.,Chandan Nair,2025-05-26T05:04:38.188318,True
34,13,FY2024-25,Exceeds Expectations,4.0,Demonstrates consistent execution and team work.,Needs to acquire digital skills and safety certifications.,Hardworking and reliable team member.,Tanvi Dubey,2024-08-24T05:04:38.188327,True
35,14,FY2024-25,Exceptional,5.0,Demonstrates consistent execution and team work.,Needs to acquire digital skills and safety certifications.,Hardworking and reliable team member.,Rahul Choudhury,2024-12-05T05:04:38.188339,True
36,14,FY2021-22,Exceeds Expectations,4.0,Demonstrates consistent execution and team work.,Needs to acquire digital skills and safety certifications.,Hardworking and reliable team member.,Rahul Kumar,2026-06-20T05:04:38.188349,True
37,14,FY2022-23,Exceeds Expectations,4.0,Demonstrates consistent execution and team work.,Needs to acquire digital skills and safety certifications.,Hardworking and reliable team member.,Ashok Mukherjee,2025-12-31T05:04:38.188358,True
38,15,FY2023-24,Exceptional,5.0,Demonstrates consistent execution and team work.,Needs to acquire digital skills and safety certifications.,Hardworking and reliable team member.,Narendra Sinha,2025-12-03T05:04:38.188369,True
39,15,FY2022-23,Partially Meets Expectations,2.0,Demonstrates consistent execution and team work.,Needs to acquire digital skills and safety certifications.,Hardworking and reliable team member.,Deepa Das,2026-05-02T05:04:38.188378,True
40,15,FY2025-26,Meets Expectations,3.0,Demonstrates consistent execution and team work.,Needs to acquire digital skills and safety certifications.,Hardworking and reliable team member.,Deepa Prasad,2026-03-07T05:04:38.188387,True
41,16,FY2023-24,Exceptional,5.0,Demonstrates consistent execution and team work.,Needs to acquire digital skills and safety certifications.,Hardworking and reliable team member.,Jyoti Reddy,2025-09-20T05:04:38.188399,True
42,16,FY2025-26,Exceeds Expectations,4.0,Demonstrates consistent execution and team work.,Needs to acquire digital skills and safety certifications.,Hardworking and reliable team member.,Jay Mishra,2026-01-07T05:04:38.188408,True
43,16,FY2021-22,Partially Meets Expectations,2.0,Demonstrates consistent execution and team work.,Needs to acquire digital skills and safety certifications.,Hardworking and reliable team member.,Alok Rao,2026-03-26T05:04:38.188418,True
44,17,FY2024-25,Exceptional,5.0,Demonstrates consistent execution and team work.,Needs to acquire digital skills and safety certifications.,Hardworking and reliable team member.,Rahul Prasad,2025-03-01T05:04:38.188436,True
45,17,FY2021-22,Exceeds Expectations,4.0,Demonstrates consistent execution and team work.,Needs to acquire digital skills and safety certifications.,Hardworking and reliable team member.,Sita Nair,2026-02-11T05:04:38.188449,True
46,18,FY2024-25,Meets Expectations,3.0,Demonstrates consistent execution and team work.,Needs to acquire digital skills and safety certifications.,Hardworking and reliable team member.,Aniket Bose,2025-05-11T05:04:38.188463,True
47,18,FY2022-23,Meets Expectations,3.0,Demonstrates consistent execution and team work.,Needs to acquire digital skills and safety certifications.,Hardworking and reliable team member.,Hemant Pandey,2026-02-23T05:04:38.188473,True
48,19,FY2025-26,Meets Expectations,3.0,Demonstrates consistent execution and team work.,Needs to acquire digital skills and safety certifications.,Hardworking and reliable team member.,Kailash Sharma,2025-02-27T05:04:38.188486,True
49,19,FY2022-23,Meets Expectations,3.0,Demonstrates consistent execution and team work.,Needs to acquire digital skills and safety certifications.,Hardworking and reliable team member.,Gopal Das,2025-03-17T05:04:38.188496,True
50,20,FY2023-24,Meets Expectations,3.0,Demonstrates consistent execution and team work.,Needs to acquire digital skills and safety certifications.,Hardworking and reliable team member.,Jay Patel,2025-08-17T05:04:38.188509,True
51,20,FY2025-26,Meets Expectations,3.0,Demonstrates consistent execution and team work.,Needs to acquire digital skills and safety certifications.,Hardworking and reliable team member.,Jagdish Verma,2026-06-10T05:04:38.188518,True
52,20,FY2024-25,Exceeds Expectations,4.0,Demonstrates consistent execution and team work.,Needs to acquire digital skills and safety certifications.,Hardworking and reliable team member.,Pankaj Chatterjee,2025-12-14T05:04:38.188527,True
53,21,FY2022-23,Exceptional,5.0,Demonstrates consistent execution and team work.,Needs to acquire digital skills and safety certifications.,Hardworking and reliable team member.,Dinesh Banerjee,2025-07-09T05:04:38.188538,True
54,21,FY2021-22,Partially Meets Expectations,2.0,Demonstrates consistent execution and team work.,Needs to acquire digital skills and safety certifications.,Hardworking and reliable team member.,Ramesh Nair,2025-07-28T05:04:38.188548,True
55,22,FY2022-23,Meets Expectations,3.0,Demonstrates consistent execution and team work.,Needs to acquire digital skills and safety certifications.,Hardworking and reliable team member.,Dev Rao,2025-06-09T05:04:38.188562,True
56,22,FY2024-25,Meets Expectations,3.0,Demonstrates consistent execution and team work.,Needs to acquire digital skills and safety certifications.,Hardworking and reliable team member.,Ramesh Mitra,2026-01-18T05:04:38.188571,True
57,22,FY2023-24,Meets Expectations,3.0,Demonstrates consistent execution and team work.,Needs to acquire digital skills and safety certifications.,Hardworking and reliable team member.,Kiran Ghosh,2025-02-24T05:04:38.188581,True
58,23,FY2022-23,Exceptional,5.0,Demonstrates consistent execution and team work.,Needs to acquire digital skills and safety certifications.,Hardworking and reliable team member.,Jagdish Das,2025-10-30T05:04:38.188592,True
59,23,FY2024-25,Exceptional,5.0,Demonstrates consistent execution and team work.,Needs to acquire digital skills and safety certifications.,Hardworking and reliable team member.,Nikhil Mitra,2025-02-12T05:04:38.188601,True
60,24,FY2022-23,Exceptional,5.0,Demonstrates consistent execution and team work.,Needs to acquire digital skills and safety certifications.,Hardworking and reliable team member.,Pranav Sinha,2025-11-21T05:04:38.188613,True
61,24,FY2023-24,Meets Expectations,3.0,Demonstrates consistent execution and team work.,Needs to acquire digital skills and safety certifications.,Hardworking and reliable team member.,Jyoti Dubey,2025-01-12T05:04:38.188622,True
62,24,FY2025-26,Exceeds Expectations,4.0,Demonstrates consistent execution and team work.,Needs to acquire digital skills and safety certifications.,Hardworking and reliable team member.,Ganesh Kumar,2026-04-19T05:04:38.188631,True
63,25,FY2021-22,Partially Meets Expectations,2.0,Demonstrates consistent execution and team work.,Needs to acquire digital skills and safety certifications.,Hardworking and reliable team member.,Rajesh Reddy,2026-03-08T05:04:38.188702,True
64,25,FY2023-24,Exceeds Expectations,4.0,Demonstrates consistent execution and team work.,Needs to acquire digital skills and safety certifications.,Hardworking and reliable team member.,Pankaj Gupta,2024-08-21T05:04:38.188713,True
65,25,FY2022-23,Partially Meets Expectations,2.0,Demonstrates consistent execution and team work.,Needs to acquire digital skills and safety certifications.,Hardworking and reliable team member.,Pankaj Banerjee,2025-12-07T05:04:38.188723,True
66,26,FY2025-26,Exceeds Expectations,4.0,Demonstrates consistent execution and team work.,Needs to acquire digital skills and safety certifications.,Hardworking and reliable team member.,Bhaskar Dutta,2025-07-06T05:04:38.188737,True
67,26,FY2023-24,Exceptional,5.0,Demonstrates consistent execution and team work.,Needs to acquire digital skills and safety certifications.,Hardworking and reliable team member.,Alok Banerjee,2025-01-24T05:04:38.188746,True
68,27,FY2022-23,Meets Expectations,3.0,Demonstrates consistent execution and team work.,Needs to acquire digital skills and safety certifications.,Hardworking and reliable team member.,Madhav Banerjee,2026-05-10T05:04:38.188757,True
69,27,FY2023-24,Partially Meets Expectations,2.0,Demonstrates consistent execution and team work.,Needs to acquire digital skills and safety certifications.,Hardworking and reliable team member.,Chandan Sharma,2025-05-10T05:04:38.188766,True
70,27,FY2024-25,Exceeds Expectations,4.0,Demonstrates consistent execution and team work.,Needs to acquire digital skills and safety certifications.,Hardworking and reliable team member.,Karan Pandey,2025-04-19T05:04:38.188776,True
71,28,FY2024-25,Partially Meets Expectations,2.0,Demonstrates consistent execution and team work.,Needs to acquire digital skills and safety certifications.,Hardworking and reliable team member.,Dinesh Prasad,2024-11-28T05:04:38.188788,True
72,28,FY2025-26,Exceptional,5.0,Demonstrates consistent execution and team work.,Needs to acquire digital skills and safety certifications.,Hardworking and reliable team member.,Sita Patel,2025-10-31T05:04:38.188797,True
73,28,FY2021-22,Exceptional,5.0,Demonstrates consistent execution and team work.,Needs to acquire digital skills and safety certifications.,Hardworking and reliable team member.,Ashok Dubey,2025-10-25T05:04:38.188807,True
74,29,FY2024-25,Partially Meets Expectations,2.0,Demonstrates consistent execution and team work.,Needs to acquire digital skills and safety certifications.,Hardworking and reliable team member.,Vikram Yadav,2026-01-05T05:04:38.188818,True
75,29,FY2021-22,Partially Meets Expectations,2.0,Demonstrates consistent execution and team work.,Needs to acquire digital skills and safety certifications.,Hardworking and reliable team member.,Suresh Mishra,2026-02-12T05:04:38.188829,True
76,30,FY2024-25,Meets Expectations,3.0,Demonstrates consistent execution and team work.,Needs to acquire digital skills and safety certifications.,Hardworking and reliable team member.,Dev Prasad,2025-04-05T05:04:38.188840,True
77,30,FY2021-22,Exceeds Expectations,4.0,Demonstrates consistent execution and team work.,Needs to acquire digital skills and safety certifications.,Hardworking and reliable team member.,Hemant Ghosh,2025-12-13T05:04:38.188850,True
78,30,FY2025-26,Partially Meets Expectations,2.0,Demonstrates consistent execution and team work.,Needs to acquire digital skills and safety certifications.,Hardworking and reliable team member.,Kiran Dutta,2026-01-10T05:04:38.188860,True
79,31,FY2022-23,Partially Meets Expectations,2.0,Demonstrates consistent execution and team work.,Needs to acquire digital skills and safety certifications.,Hardworking and reliable team member.,Neha Sharma,2024-11-23T05:04:38.188871,True
80,31,FY2023-24,Partially Meets Expectations,2.0,Demonstrates consistent execution and team work.,Needs to acquire digital skills and safety certifications.,Hardworking and reliable team member.,Abhishek Joshi,2025-04-23T05:04:38.188880,True
81,31,FY2021-22,Partially Meets Expectations,2.0,Demonstrates consistent execution and team work.,Needs to acquire digital skills and safety certifications.,Hardworking and reliable team member.,Jyoti Mitra,2025-05-17T05:04:38.188891,True
82,32,FY2024-25,Exceeds Expectations,4.0,Demonstrates consistent execution and team work.,Needs to acquire digital skills and safety certifications.,Hardworking and reliable team member.,Abhishek Sharma,2026-02-25T05:04:38.188902,True
83,32,FY2023-24,Meets Expectations,3.0,Demonstrates consistent execution and team work.,Needs to acquire digital skills and safety certifications.,Hardworking and reliable team member.,Pankaj Reddy,2025-02-14T05:04:38.188912,True
84,32,FY2025-26,Exceeds Expectations,4.0,Demonstrates consistent execution and team work.,Needs to acquire digital skills and safety certifications.,Hardworking and reliable team member.,Ramesh Dubey,2025-06-14T05:04:38.188921,True
85,33,FY2022-23,Exceeds Expectations,4.0,Demonstrates consistent execution and team work.,Needs to acquire digital skills and safety certifications.,Hardworking and reliable team member.,Manish Sen,2026-02-14T05:04:38.188934,True
86,33,FY2025-26,Partially Meets Expectations,2.0,Demonstrates consistent execution and team work.,Needs to acquire digital skills and safety certifications.,Hardworking and reliable team member.,Jagdish Sharma,2024-10-21T05:04:38.188943,True
87,34,FY2025-26,Exceptional,5.0,Demonstrates consistent execution and team work.,Needs to acquire digital skills and safety certifications.,Hardworking and reliable team member.,Amit Rao,2025-02-24T05:04:38.188954,True
88,34,FY2023-24,Exceptional,5.0,Demonstrates consistent execution and team work.,Needs to acquire digital skills and safety certifications.,Hardworking and reliable team member.,Pankaj Mishra,2025-01-04T05:04:38.188964,True
89,34,FY2024-25,Exceeds Expectations,4.0,Demonstrates consistent execution and team work.,Needs to acquire digital skills and safety certifications.,Hardworking and reliable team member.,Pooja Patel,2025-04-26T05:04:38.188973,True
90,35,FY2021-22,Meets Expectations,3.0,Demonstrates consistent execution and team work.,Needs to acquire digital skills and safety certifications.,Hardworking and reliable team member.,Manish Mishra,2025-04-27T05:04:38.188985,True
91,35,FY2024-25,Exceeds Expectations,4.0,Demonstrates consistent execution and team work.,Needs to acquire digital skills and safety certifications.,Hardworking and reliable team member.,Amit Dubey,2025-08-28T05:04:38.188995,True
92,35,FY2023-24,Meets Expectations,3.0,Demonstrates consistent execution and team work.,Needs to acquire digital skills and safety certifications.,Hardworking and reliable team member.,Ritu Das,2026-01-03T05:04:38.189004,True
93,36,FY2022-23,Exceeds Expectations,4.0,Demonstrates consistent execution and team work.,Needs to acquire digital skills and safety certifications.,Hardworking and reliable team member.,Deepa Nair,2025-12-29T05:04:38.189017,True
94,36,FY2021-22,Meets Expectations,3.0,Demonstrates consistent execution and team work.,Needs to acquire digital skills and safety certifications.,Hardworking and reliable team member.,Yash Verma,2025-11-15T05:04:38.189027,True
95,37,FY2025-26,Partially Meets Expectations,2.0,Demonstrates consistent execution and team work.,Needs to acquire digital skills and safety certifications.,Hardworking and reliable team member.,Amit Dubey,2025-08-07T05:04:38.189041,True
96,37,FY2023-24,Meets Expectations,3.0,Demonstrates consistent execution and team work.,Needs to acquire digital skills and safety certifications.,Hardworking and reliable team member.,Amit Choudhury,2026-01-06T05:04:38.189050,True
97,37,FY2022-23,Meets Expectations,3.0,Demonstrates consistent execution and team work.,Needs to acquire digital skills and safety certifications.,Hardworking and reliable team member.,Karan Das,2025-12-25T05:04:38.189062,True
98,38,FY2024-25,Exceptional,5.0,Demonstrates consistent execution and team work.,Needs to acquire digital skills and safety certifications.,Hardworking and reliable team member.,Aarav Mitra,2025-11-23T05:04:38.189074,True
99,38,FY2021-22,Exceptional,5.0,Demonstrates consistent execution and team work.,Needs to acquire digital skills and safety certifications.,Hardworking and reliable team member.,Manish Sharma,2025-07-27T05:04:38.189083,True
100,38,FY2022-23,Exceeds Expectations,4.0,Demonstrates consistent execution and team work.,Needs to acquire digital skills and safety certifications.,Hardworking and reliable team member.,Aniket Chatterjee,2026-03-25T05:04:38.189092,True
101,39,FY2021-22,Partially Meets Expectations,2.0,Demonstrates consistent execution and team work.,Needs to acquire digital skills and safety certifications.,Hardworking and reliable team member.,Kailash Ghosh,2025-01-17T05:04:38.189103,True
102,39,FY2025-26,Exceptional,5.0,Demonstrates consistent execution and team work.,Needs to acquire digital skills and safety certifications.,Hardworking and reliable team member.,Pankaj Joshi,2024-08-30T05:04:38.189113,True
103,40,FY2022-23,Meets Expectations,3.0,Demonstrates consistent execution and team work.,Needs to acquire digital skills and safety certifications.,Hardworking and reliable team member.,Deepa Chatterjee,2025-05-31T05:04:38.189124,True
104,40,FY2023-24,Meets Expectations,3.0,Demonstrates consistent execution and team work.,Needs to acquire digital skills and safety certifications.,Hardworking and reliable team member.,Neha Joshi,2026-05-31T05:04:38.189133,True
105,40,FY2025-26,Exceptional,5.0,Demonstrates consistent execution and team work.,Needs to acquire digital skills and safety certifications.,Hardworking and reliable team member.,Aarav Ghosh,2024-12-27T05:04:38.189144,True
106,41,FY2023-24,Partially Meets Expectations,2.0,Demonstrates consistent execution and team work.,Needs to acquire digital skills and safety certifications.,Hardworking and reliable team member.,Rohan Joshi,2025-11-07T05:04:38.189155,True
107,41,FY2022-23,Partially Meets Expectations,2.0,Demonstrates consistent execution and team work.,Needs to acquire digital skills and safety certifications.,Hardworking and reliable team member.,Manish Chatterjee,2025-01-31T05:04:38.189164,True
108,41,FY2024-25,Meets Expectations,3.0,Demonstrates consistent execution and team work.,Needs to acquire digital skills and safety certifications.,Hardworking and reliable team member.,Hari Patel,2025-04-17T05:04:38.189174,True
109,42,FY2023-24,Meets Expectations,3.0,Demonstrates consistent execution and team work.,Needs to acquire digital skills and safety certifications.,Hardworking and reliable team member.,Madhav Mukherjee,2024-11-19T05:04:38.189184,True
110,42,FY2024-25,Meets Expectations,3.0,Demonstrates consistent execution and team work.,Needs to acquire digital skills and safety certifications.,Hardworking and reliable team member.,Alok Das,2025-03-02T05:04:38.189193,True
111,43,FY2025-26,Exceeds Expectations,4.0,Demonstrates consistent execution and team work.,Needs to acquire digital skills and safety certifications.,Hardworking and reliable team member.,Neha Bose,2025-11-19T05:04:38.189204,True
112,43,FY2024-25,Exceptional,5.0,Demonstrates consistent execution and team work.,Needs to acquire digital skills and safety certifications.,Hardworking and reliable team member.,Dinesh Rao,2024-12-07T05:04:38.189213,True
113,44,FY2024-25,Exceeds Expectations,4.0,Demonstrates consistent execution and team work.,Needs to acquire digital skills and safety certifications.,Hardworking and reliable team member.,Chandan Joshi,2025-07-21T05:04:38.189227,True
114,44,FY2021-22,Partially Meets Expectations,2.0,Demonstrates consistent execution and team work.,Needs to acquire digital skills and safety certifications.,Hardworking and reliable team member.,Sita Sinha,2026-04-23T05:04:38.189236,True
115,44,FY2023-24,Exceptional,5.0,Demonstrates consistent execution and team work.,Needs to acquire digital skills and safety certifications.,Hardworking and reliable team member.,Jagdish Bose,2025-03-12T05:04:38.189246,True
116,45,FY2023-24,Partially Meets Expectations,2.0,Demonstrates consistent execution and team work.,Needs to acquire digital skills and safety certifications.,Hardworking and reliable team member.,Rajesh Verma,2025-09-27T05:04:38.189257,True
117,45,FY2021-22,Partially Meets Expectations,2.0,Demonstrates consistent execution and team work.,Needs to acquire digital skills and safety certifications.,Hardworking and reliable team member.,Gopal Mishra,2024-12-03T05:04:38.189267,True
118,45,FY2024-25,Exceeds Expectations,4.0,Demonstrates consistent execution and team work.,Needs to acquire digital skills and safety certifications.,Hardworking and reliable team member.,Manish Verma,2025-10-19T05:04:38.189276,True
119,46,FY2021-22,Exceeds Expectations,4.0,Demonstrates consistent execution and team work.,Needs to acquire digital skills and safety certifications.,Hardworking and reliable team member.,Karan Nair,2024-12-18T05:04:38.189287,True
120,46,FY2023-24,Exceptional,5.0,Demonstrates consistent execution and team work.,Needs to acquire digital skills and safety certifications.,Hardworking and reliable team member.,Pankaj Das,2025-03-12T05:04:38.189296,True
121,47,FY2023-24,Meets Expectations,3.0,Demonstrates consistent execution and team work.,Needs to acquire digital skills and safety certifications.,Hardworking and reliable team member.,Jyoti Choudhury,2025-09-01T05:04:38.189306,True
122,47,FY2025-26,Meets Expectations,3.0,Demonstrates consistent execution and team work.,Needs to acquire digital skills and safety certifications.,Hardworking and reliable team member.,Manish Bose,2026-05-26T05:04:38.189316,True
123,48,FY2021-22,Meets Expectations,3.0,Demonstrates consistent execution and team work.,Needs to acquire digital skills and safety certifications.,Hardworking and reliable team member.,Dinesh Prasad,2025-02-19T05:04:38.189327,True
124,48,FY2023-24,Exceeds Expectations,4.0,Demonstrates consistent execution and team work.,Needs to acquire digital skills and safety certifications.,Hardworking and reliable team member.,Jagdish Tripathi,2026-04-27T05:04:38.189336,True
125,49,FY2022-23,Meets Expectations,3.0,Demonstrates consistent execution and team work.,Needs to acquire digital skills and safety certifications.,Hardworking and reliable team member.,Deepa Patel,2026-02-27T05:04:38.189348,True
126,49,FY2025-26,Meets Expectations,3.0,Demonstrates consistent execution and team work.,Needs to acquire digital skills and safety certifications.,Hardworking and reliable team member.,Ramesh Dutta,2025-11-20T05:04:38.189357,True
127,50,FY2025-26,Exceeds Expectations,4.0,Demonstrates consistent execution and team work.,Needs to acquire digital skills and safety certifications.,Hardworking and reliable team member.,Dev Banerjee,2025-05-08T05:04:38.189369,True
128,50,FY2022-23,Partially Meets Expectations,2.0,Demonstrates consistent execution and team work.,Needs to acquire digital skills and safety certifications.,Hardworking and reliable team member.,Aarav Mishra,2026-04-14T05:04:38.189378,True
129,50,FY2023-24,Exceeds Expectations,4.0,Demonstrates consistent execution and team work.,Needs to acquire digital skills and safety certifications.,Hardworking and reliable team member.,Jay Ghosh,2025-12-15T05:04:38.189387,True
130,51,FY2021-22,Partially Meets Expectations,2.0,Demonstrates consistent execution and team work.,Needs to acquire digital skills and safety certifications.,Hardworking and reliable team member.,Aditya Banerjee,2025-07-09T05:04:38.189399,True
131,51,FY2022-23,Exceptional,5.0,Demonstrates consistent execution and team work.,Needs to acquire digital skills and safety certifications.,Hardworking and reliable team member.,Madhav Chatterjee,2025-07-03T05:04:38.189408,True
132,51,FY2023-24,Meets Expectations,3.0,Demonstrates consistent execution and team work.,Needs to acquire digital skills and safety certifications.,Hardworking and reliable team member.,Amit Roy,2025-02-20T05:04:38.189417,True
133,52,FY2024-25,Exceptional,5.0,Demonstrates consistent execution and team work.,Needs to acquire digital skills and safety certifications.,Hardworking and reliable team member.,Tanvi Banerjee,2025-01-04T05:04:38.189428,True
134,52,FY2025-26,Exceeds Expectations,4.0,Demonstrates consistent execution and team work.,Needs to acquire digital skills and safety certifications.,Hardworking and reliable team member.,Vikram Dutta,2025-02-11T05:04:38.189437,True
135,52,FY2023-24,Partially Meets Expectations,2.0,Demonstrates consistent execution and team work.,Needs to acquire digital skills and safety certifications.,Hardworking and reliable team member.,Vijay Joshi,2025-03-29T05:04:38.189448,True
136,53,FY2022-23,Exceeds Expectations,4.0,Demonstrates consistent execution and team work.,Needs to acquire digital skills and safety certifications.,Hardworking and reliable team member.,Nikhil Rao,2026-01-16T05:04:38.189459,True
137,53,FY2024-25,Partially Meets Expectations,2.0,Demonstrates consistent execution and team work.,Needs to acquire digital skills and safety certifications.,Hardworking and reliable team member.,Chandan Yadav,2025-04-06T05:04:38.189468,True
138,54,FY2024-25,Exceeds Expectations,4.0,Demonstrates consistent execution and team work.,Needs to acquire digital skills and safety certifications.,Hardworking and reliable team member.,Ganesh Ghosh,2026-05-20T05:04:38.189479,True
139,54,FY2025-26,Meets Expectations,3.0,Demonstrates consistent execution and team work.,Needs to acquire digital skills and safety certifications.,Hardworking and reliable team member.,Alok Mishra,2025-05-16T05:04:38.189488,True
140,54,FY2021-22,Exceptional,5.0,Demonstrates consistent execution and team work.,Needs to acquire digital skills and safety certifications.,Hardworking and reliable team member.,Narendra Mishra,2025-11-08T05:04:38.189506,True
141,55,FY2023-24,Meets Expectations,3.0,Demonstrates consistent execution and team work.,Needs to acquire digital skills and safety certifications.,Hardworking and reliable team member.,Rahul Bose,2026-01-19T05:04:38.189540,True
142,55,FY2022-23,Exceeds Expectations,4.0,Demonstrates consistent execution and team work.,Needs to acquire digital skills and safety certifications.,Hardworking and reliable team member.,Ashok Verma,2025-01-19T05:04:38.189560,True
143,55,FY2025-26,Partially Meets Expectations,2.0,Demonstrates consistent execution and team work.,Needs to acquire digital skills and safety certifications.,Hardworking and reliable team member.,Hari Joshi,2025-10-18T05:04:38.189580,True
144,56,FY2024-25,Partially Meets Expectations,2.0,Demonstrates consistent execution and team work.,Needs to acquire digital skills and safety certifications.,Hardworking and reliable team member.,Neha Mukherjee,2025-12-24T05:04:38.189604,True
145,56,FY2025-26,Partially Meets Expectations,2.0,Demonstrates consistent execution and team work.,Needs to acquire digital skills and safety certifications.,Hardworking and reliable team member.,Hemant Mishra,2024-11-08T05:04:38.189624,True
146,56,FY2023-24,Exceptional,5.0,Demonstrates consistent execution and team work.,Needs to acquire digital skills and safety certifications.,Hardworking and reliable team member.,Madhav Tripathi,2026-03-09T05:04:38.189642,True
147,57,FY2023-24,Exceeds Expectations,4.0,Demonstrates consistent execution and team work.,Needs to acquire digital skills and safety certifications.,Hardworking and reliable team member.,Jay Mitra,2026-04-25T05:04:38.189665,True
148,57,FY2025-26,Meets Expectations,3.0,Demonstrates consistent execution and team work.,Needs to acquire digital skills and safety certifications.,Hardworking and reliable team member.,Sandeep Rao,2025-07-08T05:04:38.189688,True
149,58,FY2025-26,Exceptional,5.0,Demonstrates consistent execution and team work.,Needs to acquire digital skills and safety certifications.,Hardworking and reliable team member.,Ramesh Yadav,2025-05-20T05:04:38.189718,True
150,58,FY2024-25,Meets Expectations,3.0,Demonstrates consistent execution and team work.,Needs to acquire digital skills and safety certifications.,Hardworking and reliable team member.,Sanjay Verma,2025-11-16T05:04:38.189730,True
151,58,FY2021-22,Exceeds Expectations,4.0,Demonstrates consistent execution and team work.,Needs to acquire digital skills and safety certifications.,Hardworking and reliable team member.,Bhaskar Rao,2025-08-22T05:04:38.189739,True
152,59,FY2024-25,Meets Expectations,3.0,Demonstrates consistent execution and team work.,Needs to acquire digital skills and safety certifications.,Hardworking and reliable team member.,Alok Banerjee,2025-02-19T05:04:38.189751,True
153,59,FY2021-22,Partially Meets Expectations,2.0,Demonstrates consistent execution and team work.,Needs to acquire digital skills and safety certifications.,Hardworking and reliable team member.,Aniket Bose,2025-07-13T05:04:38.189760,True
154,60,FY2023-24,Exceptional,5.0,Demonstrates consistent execution and team work.,Needs to acquire digital skills and safety certifications.,Hardworking and reliable team member.,Abhishek Mishra,2026-05-10T05:04:38.189771,True
155,60,FY2025-26,Meets Expectations,3.0,Demonstrates consistent execution and team work.,Needs to acquire digital skills and safety certifications.,Hardworking and reliable team member.,Suresh Mitra,2024-09-25T05:04:38.189782,True
156,60,FY2022-23,Partially Meets Expectations,2.0,Demonstrates consistent execution and team work.,Needs to acquire digital skills and safety certifications.,Hardworking and reliable team member.,Pranav Roy,2024-11-12T05:04:38.189792,True
157,61,FY2025-26,Meets Expectations,3.0,Demonstrates consistent execution and team work.,Needs to acquire digital skills and safety certifications.,Hardworking and reliable team member.,Chandan Sen,2025-04-01T05:04:38.189803,True
158,61,FY2022-23,Partially Meets Expectations,2.0,Demonstrates consistent execution and team work.,Needs to acquire digital skills and safety certifications.,Hardworking and reliable team member.,Rohan Mukherjee,2025-09-04T05:04:38.189813,True
159,61,FY2023-24,Exceptional,5.0,Demonstrates consistent execution and team work.,Needs to acquire digital skills and safety certifications.,Hardworking and reliable team member.,Rajesh Choudhury,2024-12-12T05:04:38.189822,True
160,62,FY2024-25,Partially Meets Expectations,2.0,Demonstrates consistent execution and team work.,Needs to acquire digital skills and safety certifications.,Hardworking and reliable team member.,Gopal Chatterjee,2025-07-22T05:04:38.189833,True
161,62,FY2022-23,Exceeds Expectations,4.0,Demonstrates consistent execution and team work.,Needs to acquire digital skills and safety certifications.,Hardworking and reliable team member.,Chandan Joshi,2025-12-29T05:04:38.189842,True
162,63,FY2021-22,Partially Meets Expectations,2.0,Demonstrates consistent execution and team work.,Needs to acquire digital skills and safety certifications.,Hardworking and reliable team member.,Sandeep Joshi,2025-08-22T05:04:38.189853,True
163,63,FY2025-26,Partially Meets Expectations,2.0,Demonstrates consistent execution and team work.,Needs to acquire digital skills and safety certifications.,Hardworking and reliable team member.,Neha Sen,2026-04-22T05:04:38.189862,True
164,64,FY2021-22,Exceeds Expectations,4.0,Demonstrates consistent execution and team work.,Needs to acquire digital skills and safety certifications.,Hardworking and reliable team member.,Amit Patel,2025-07-30T05:04:38.189874,True
165,64,FY2025-26,Meets Expectations,3.0,Demonstrates consistent execution and team work.,Needs to acquire digital skills and safety certifications.,Hardworking and reliable team member.,Pankaj Ghosh,2026-01-27T05:04:38.189884,True
166,64,FY2024-25,Exceeds Expectations,4.0,Demonstrates consistent execution and team work.,Needs to acquire digital skills and safety certifications.,Hardworking and reliable team member.,Aniket Dutta,2024-11-06T05:04:38.189894,True
167,65,FY2025-26,Exceeds Expectations,4.0,Demonstrates consistent execution and team work.,Needs to acquire digital skills and safety certifications.,Hardworking and reliable team member.,Jagdish Patel,2025-01-04T05:04:38.189905,True
168,65,FY2024-25,Meets Expectations,3.0,Demonstrates consistent execution and team work.,Needs to acquire digital skills and safety certifications.,Hardworking and reliable team member.,Gopal Sen,2025-07-21T05:04:38.189914,True
169,66,FY2021-22,Exceeds Expectations,4.0,Demonstrates consistent execution and team work.,Needs to acquire digital skills and safety certifications.,Hardworking and reliable team member.,Vijay Dutta,2026-05-02T05:04:38.189925,True
170,66,FY2023-24,Exceeds Expectations,4.0,Demonstrates consistent execution and team work.,Needs to acquire digital skills and safety certifications.,Hardworking and reliable team member.,Aditya Sinha,2025-07-06T05:04:38.189934,True
171,67,FY2023-24,Meets Expectations,3.0,Demonstrates consistent execution and team work.,Needs to acquire digital skills and safety certifications.,Hardworking and reliable team member.,Dev Bose,2025-07-24T05:04:38.189946,True
172,67,FY2024-25,Exceptional,5.0,Demonstrates consistent execution and team work.,Needs to acquire digital skills and safety certifications.,Hardworking and reliable team member.,Kailash Mukherjee,2025-04-19T05:04:38.189955,True
173,67,FY2022-23,Exceeds Expectations,4.0,Demonstrates consistent execution and team work.,Needs to acquire digital skills and safety certifications.,Hardworking and reliable team member.,Ananya Mitra,2026-03-23T05:04:38.189964,True
174,68,FY2021-22,Partially Meets Expectations,2.0,Demonstrates consistent execution and team work.,Needs to acquire digital skills and safety certifications.,Hardworking and reliable team member.,Meera Sen,2025-06-23T05:04:38.189976,True
175,68,FY2022-23,Meets Expectations,3.0,Demonstrates consistent execution and team work.,Needs to acquire digital skills and safety certifications.,Hardworking and reliable team member.,Dinesh Sen,2026-01-05T05:04:38.189987,True
176,68,FY2024-25,Exceeds Expectations,4.0,Demonstrates consistent execution and team work.,Needs to acquire digital skills and safety certifications.,Hardworking and reliable team member.,Arjun Nair,2024-11-11T05:04:38.189998,True
177,69,FY2025-26,Meets Expectations,3.0,Demonstrates consistent execution and team work.,Needs to acquire digital skills and safety certifications.,Hardworking and reliable team member.,Karan Reddy,2026-05-03T05:04:38.190009,True
178,69,FY2022-23,Exceeds Expectations,4.0,Demonstrates consistent execution and team work.,Needs to acquire digital skills and safety certifications.,Hardworking and reliable team member.,Amit Sinha,2025-07-02T05:04:38.190018,True
179,69,FY2021-22,Exceeds Expectations,4.0,Demonstrates consistent execution and team work.,Needs to acquire digital skills and safety certifications.,Hardworking and reliable team member.,Pranav Banerjee,2026-03-18T05:04:38.190028,True
180,70,FY2025-26,Exceptional,5.0,Demonstrates consistent execution and team work.,Needs to acquire digital skills and safety certifications.,Hardworking and reliable team member.,Jay Bose,2026-06-02T05:04:38.190039,True
181,70,FY2023-24,Exceptional,5.0,Demonstrates consistent execution and team work.,Needs to acquire digital skills and safety certifications.,Hardworking and reliable team member.,Pranav Tripathi,2026-06-16T05:04:38.190052,True
182,71,FY2025-26,Meets Expectations,3.0,Demonstrates consistent execution and team work.,Needs to acquire digital skills and safety certifications.,Hardworking and reliable team member.,Ganesh Mehta,2024-11-28T05:04:38.190076,True
183,71,FY2021-22,Exceptional,5.0,Demonstrates consistent execution and team work.,Needs to acquire digital skills and safety certifications.,Hardworking and reliable team member.,Bhaskar Yadav,2024-08-18T05:04:38.190092,True
184,71,FY2024-25,Partially Meets Expectations,2.0,Demonstrates consistent execution and team work.,Needs to acquire digital skills and safety certifications.,Hardworking and reliable team member.,Vikram Tripathi,2026-04-02T05:04:38.190110,True
185,72,FY2024-25,Meets Expectations,3.0,Demonstrates consistent execution and team work.,Needs to acquire digital skills and safety certifications.,Hardworking and reliable team member.,Neha Tripathi,2025-12-29T05:04:38.190133,True
186,72,FY2025-26,Meets Expectations,3.0,Demonstrates consistent execution and team work.,Needs to acquire digital skills and safety certifications.,Hardworking and reliable team member.,Narendra Chatterjee,2026-05-27T05:04:38.190150,True
187,73,FY2023-24,Partially Meets Expectations,2.0,Demonstrates consistent execution and team work.,Needs to acquire digital skills and safety certifications.,Hardworking and reliable team member.,Tanvi Prasad,2024-12-11T05:04:38.190169,True
188,73,FY2024-25,Exceptional,5.0,Demonstrates consistent execution and team work.,Needs to acquire digital skills and safety certifications.,Hardworking and reliable team member.,Sita Roy,2025-05-08T05:04:38.190187,True
189,74,FY2022-23,Exceeds Expectations,4.0,Demonstrates consistent execution and team work.,Needs to acquire digital skills and safety certifications.,Hardworking and reliable team member.,Jyoti Mitra,2026-05-31T05:04:38.190208,True
190,74,FY2024-25,Partially Meets Expectations,2.0,Demonstrates consistent execution and team work.,Needs to acquire digital skills and safety certifications.,Hardworking and reliable team member.,Amit Prasad,2025-12-28T05:04:38.190220,True
191,74,FY2023-24,Exceeds Expectations,4.0,Demonstrates consistent execution and team work.,Needs to acquire digital skills and safety certifications.,Hardworking and reliable team member.,Deepa Mitra,2026-02-03T05:04:38.190229,True
192,75,FY2023-24,Meets Expectations,3.0,Demonstrates consistent execution and team work.,Needs to acquire digital skills and safety certifications.,Hardworking and reliable team member.,Jyoti Nair,2025-03-10T05:04:38.190240,True
193,75,FY2022-23,Exceeds Expectations,4.0,Demonstrates consistent execution and team work.,Needs to acquire digital skills and safety certifications.,Hardworking and reliable team member.,Kiran Sen,2024-12-22T05:04:38.190249,True
194,76,FY2025-26,Partially Meets Expectations,2.0,Demonstrates consistent execution and team work.,Needs to acquire digital skills and safety certifications.,Hardworking and reliable team member.,Narendra Singh,2024-10-30T05:04:38.190260,True
195,76,FY2024-25,Exceptional,5.0,Demonstrates consistent execution and team work.,Needs to acquire digital skills and safety certifications.,Hardworking and reliable team member.,Kiran Mehta,2025-01-10T05:04:38.190271,True
196,77,FY2021-22,Partially Meets Expectations,2.0,Demonstrates consistent execution and team work.,Needs to acquire digital skills and safety certifications.,Hardworking and reliable team member.,Hari Bose,2026-06-22T05:04:38.190283,True
197,77,FY2023-24,Exceeds Expectations,4.0,Demonstrates consistent execution and team work.,Needs to acquire digital skills and safety certifications.,Hardworking and reliable team member.,Kiran Tripathi,2025-07-25T05:04:38.190292,True
198,78,FY2021-22,Partially Meets Expectations,2.0,Demonstrates consistent execution and team work.,Needs to acquire digital skills and safety certifications.,Hardworking and reliable team member.,Amit Yadav,2025-10-09T05:04:38.190303,True
199,78,FY2022-23,Meets Expectations,3.0,Demonstrates consistent execution and team work.,Needs to acquire digital skills and safety certifications.,Hardworking and reliable team member.,Hemant Das,2025-01-17T05:04:38.190312,True
200,79,FY2024-25,Exceptional,5.0,Demonstrates consistent execution and team work.,Needs to acquire digital skills and safety certifications.,Hardworking and reliable team member.,Dev Yadav,2026-03-22T05:04:38.190323,True
201,79,FY2023-24,Exceeds Expectations,4.0,Demonstrates consistent execution and team work.,Needs to acquire digital skills and safety certifications.,Hardworking and reliable team member.,Pranav Kumar,2025-07-06T05:04:38.190332,True
202,79,FY2025-26,Exceeds Expectations,4.0,Demonstrates consistent execution and team work.,Needs to acquire digital skills and safety certifications.,Hardworking and reliable team member.,Dev Ghosh,2026-03-30T05:04:38.190342,True
203,80,FY2024-25,Exceptional,5.0,Demonstrates consistent execution and team work.,Needs to acquire digital skills and safety certifications.,Hardworking and reliable team member.,Ganesh Dutta,2026-07-11T05:04:38.190355,True
204,80,FY2025-26,Exceeds Expectations,4.0,Demonstrates consistent execution and team work.,Needs to acquire digital skills and safety certifications.,Hardworking and reliable team member.,Sunita Sinha,2025-03-11T05:04:38.190365,True
205,80,FY2021-22,Partially Meets Expectations,2.0,Demonstrates consistent execution and team work.,Needs to acquire digital skills and safety certifications.,Hardworking and reliable team member.,Pooja Gupta,2024-10-07T05:04:38.190375,True
206,81,FY2022-23,Meets Expectations,3.0,Demonstrates consistent execution and team work.,Needs to acquire digital skills and safety certifications.,Hardworking and reliable team member.,Vijay Dubey,2026-07-11T05:04:38.190387,True
207,81,FY2021-22,Exceeds Expectations,4.0,Demonstrates consistent execution and team work.,Needs to acquire digital skills and safety certifications.,Hardworking and reliable team member.,Meera Banerjee,2025-06-30T05:04:38.190396,True
208,82,FY2023-24,Partially Meets Expectations,2.0,Demonstrates consistent execution and team work.,Needs to acquire digital skills and safety certifications.,Hardworking and reliable team member.,Chandan Pandey,2025-03-07T05:04:38.190409,True
209,82,FY2021-22,Exceeds Expectations,4.0,Demonstrates consistent execution and team work.,Needs to acquire digital skills and safety certifications.,Hardworking and reliable team member.,Jyoti Pandey,2024-12-17T05:04:38.190418,True
210,83,FY2024-25,Meets Expectations,3.0,Demonstrates consistent execution and team work.,Needs to acquire digital skills and safety certifications.,Hardworking and reliable team member.,Dinesh Patel,2025-04-21T05:04:38.190430,True
211,83,FY2022-23,Meets Expectations,3.0,Demonstrates consistent execution and team work.,Needs to acquire digital skills and safety certifications.,Hardworking and reliable team member.,Suresh Tripathi,2025-05-24T05:04:38.190439,True
212,83,FY2023-24,Exceptional,5.0,Demonstrates consistent execution and team work.,Needs to acquire digital skills and safety certifications.,Hardworking and reliable team member.,Jay Tripathi,2025-06-04T05:04:38.190448,True
213,84,FY2021-22,Exceeds Expectations,4.0,Demonstrates consistent execution and team work.,Needs to acquire digital skills and safety certifications.,Hardworking and reliable team member.,Jyoti Bose,2025-11-28T05:04:38.190459,True
214,84,FY2025-26,Meets Expectations,3.0,Demonstrates consistent execution and team work.,Needs to acquire digital skills and safety certifications.,Hardworking and reliable team member.,Kailash Dutta,2025-01-23T05:04:38.190468,True
215,85,FY2023-24,Meets Expectations,3.0,Demonstrates consistent execution and team work.,Needs to acquire digital skills and safety certifications.,Hardworking and reliable team member.,Aniket Dutta,2025-04-19T05:04:38.190481,True
216,85,FY2024-25,Partially Meets Expectations,2.0,Demonstrates consistent execution and team work.,Needs to acquire digital skills and safety certifications.,Hardworking and reliable team member.,Ramesh Roy,2026-01-03T05:04:38.190490,True
217,86,FY2025-26,Exceptional,5.0,Demonstrates consistent execution and team work.,Needs to acquire digital skills and safety certifications.,Hardworking and reliable team member.,Rajesh Prasad,2025-02-02T05:04:38.190502,True
218,86,FY2022-23,Exceeds Expectations,4.0,Demonstrates consistent execution and team work.,Needs to acquire digital skills and safety certifications.,Hardworking and reliable team member.,Dinesh Reddy,2025-09-29T05:04:38.190511,True
219,86,FY2024-25,Partially Meets Expectations,2.0,Demonstrates consistent execution and team work.,Needs to acquire digital skills and safety certifications.,Hardworking and reliable team member.,Bhaskar Mukherjee,2025-06-23T05:04:38.190520,True
220,87,FY2025-26,Exceeds Expectations,4.0,Demonstrates consistent execution and team work.,Needs to acquire digital skills and safety certifications.,Hardworking and reliable team member.,Karan Sen,2024-09-14T05:04:38.190531,True
221,87,FY2022-23,Exceptional,5.0,Demonstrates consistent execution and team work.,Needs to acquire digital skills and safety certifications.,Hardworking and reliable team member.,Nikhil Dutta,2025-10-18T05:04:38.190540,True
222,88,FY2022-23,Meets Expectations,3.0,Demonstrates consistent execution and team work.,Needs to acquire digital skills and safety certifications.,Hardworking and reliable team member.,Aniket Gupta,2024-11-14T05:04:38.190551,True
223,88,FY2024-25,Partially Meets Expectations,2.0,Demonstrates consistent execution and team work.,Needs to acquire digital skills and safety certifications.,Hardworking and reliable team member.,Aditya Tripathi,2026-03-07T05:04:38.190560,True
224,89,FY2022-23,Exceptional,5.0,Demonstrates consistent execution and team work.,Needs to acquire digital skills and safety certifications.,Hardworking and reliable team member.,Suresh Das,2025-01-29T05:04:38.190571,True
225,89,FY2024-25,Partially Meets Expectations,2.0,Demonstrates consistent execution and team work.,Needs to acquire digital skills and safety certifications.,Hardworking and reliable team member.,Deepa Bose,2025-06-28T05:04:38.190582,True
226,90,FY2021-22,Exceptional,5.0,Demonstrates consistent execution and team work.,Needs to acquire digital skills and safety certifications.,Hardworking and reliable team member.,Pooja Tripathi,2024-09-16T05:04:38.190593,True
227,90,FY2024-25,Exceeds Expectations,4.0,Demonstrates consistent execution and team work.,Needs to acquire digital skills and safety certifications.,Hardworking and reliable team member.,Ramesh Banerjee,2024-11-07T05:04:38.190602,True
228,90,FY2025-26,Meets Expectations,3.0,Demonstrates consistent execution and team work.,Needs to acquire digital skills and safety certifications.,Hardworking and reliable team member.,Meera Ghosh,2026-06-13T05:04:38.190611,True
229,91,FY2022-23,Partially Meets Expectations,2.0,Demonstrates consistent execution and team work.,Needs to acquire digital skills and safety certifications.,Hardworking and reliable team member.,Suresh Sen,2025-04-06T05:04:38.190622,True
230,91,FY2025-26,Exceeds Expectations,4.0,Demonstrates consistent execution and team work.,Needs to acquire digital skills and safety certifications.,Hardworking and reliable team member.,Hari Mishra,2026-06-04T05:04:38.190631,True
231,91,FY2021-22,Meets Expectations,3.0,Demonstrates consistent execution and team work.,Needs to acquire digital skills and safety certifications.,Hardworking and reliable team member.,Ritu Banerjee,2024-09-19T05:04:38.190640,True
232,92,FY2022-23,Exceptional,5.0,Demonstrates consistent execution and team work.,Needs to acquire digital skills and safety certifications.,Hardworking and reliable team member.,Rahul Sinha,2026-01-12T05:04:38.190651,True
233,92,FY2021-22,Partially Meets Expectations,2.0,Demonstrates consistent execution and team work.,Needs to acquire digital skills and safety certifications.,Hardworking and reliable team member.,Ritu Singh,2026-01-18T05:04:38.190661,True
234,92,FY2024-25,Meets Expectations,3.0,Demonstrates consistent execution and team work.,Needs to acquire digital skills and safety certifications.,Hardworking and reliable team member.,Kailash Dutta,2026-03-30T05:04:38.190670,True
235,93,FY2022-23,Exceeds Expectations,4.0,Demonstrates consistent execution and team work.,Needs to acquire digital skills and safety certifications.,Hardworking and reliable team member.,Sanjay Ghosh,2024-11-13T05:04:38.190683,True
236,93,FY2025-26,Exceeds Expectations,4.0,Demonstrates consistent execution and team work.,Needs to acquire digital skills and safety certifications.,Hardworking and reliable team member.,Ashok Mishra,2025-08-26T05:04:38.190693,True
237,93,FY2023-24,Exceptional,5.0,Demonstrates consistent execution and team work.,Needs to acquire digital skills and safety certifications.,Hardworking and reliable team member.,Meera Dutta,2025-08-05T05:04:38.190702,True
238,94,FY2024-25,Partially Meets Expectations,2.0,Demonstrates consistent execution and team work.,Needs to acquire digital skills and safety certifications.,Hardworking and reliable team member.,Sunita Tripathi,2024-10-17T05:04:38.190713,True
239,94,FY2021-22,Exceptional,5.0,Demonstrates consistent execution and team work.,Needs to acquire digital skills and safety certifications.,Hardworking and reliable team member.,Ananya Singh,2025-10-12T05:04:38.190721,True
240,94,FY2023-24,Exceeds Expectations,4.0,Demonstrates consistent execution and team work.,Needs to acquire digital skills and safety certifications.,Hardworking and reliable team member.,Rohan Patel,2024-10-14T05:04:38.190732,True
241,95,FY2023-24,Exceptional,5.0,Demonstrates consistent execution and team work.,Needs to acquire digital skills and safety certifications.,Hardworking and reliable team member.,Abhishek Prasad,2026-02-19T05:04:38.190744,True
242,95,FY2024-25,Meets Expectations,3.0,Demonstrates consistent execution and team work.,Needs to acquire digital skills and safety certifications.,Hardworking and reliable team member.,Karan Gupta,2024-08-10T05:04:38.190753,True
243,95,FY2022-23,Partially Meets Expectations,2.0,Demonstrates consistent execution and team work.,Needs to acquire digital skills and safety certifications.,Hardworking and reliable team member.,Madhav Chatterjee,2026-02-12T05:04:38.190762,True
244,96,FY2025-26,Exceeds Expectations,4.0,Demonstrates consistent execution and team work.,Needs to acquire digital skills and safety certifications.,Hardworking and reliable team member.,Bhaskar Sharma,2024-09-23T05:04:38.190772,True
245,96,FY2021-22,Meets Expectations,3.0,Demonstrates consistent execution and team work.,Needs to acquire digital skills and safety certifications.,Hardworking and reliable team member.,Jyoti Nair,2025-09-23T05:04:38.190783,True
246,97,FY2022-23,Meets Expectations,3.0,Demonstrates consistent execution and team work.,Needs to acquire digital skills and safety certifications.,Hardworking and reliable team member.,Abhishek Das,2026-04-07T05:04:38.190794,True
247,97,FY2023-24,Exceptional,5.0,Demonstrates consistent execution and team work.,Needs to acquire digital skills and safety certifications.,Hardworking and reliable team member.,Amit Roy,2024-12-17T05:04:38.190803,True
248,97,FY2024-25,Exceeds Expectations,4.0,Demonstrates consistent execution and team work.,Needs to acquire digital skills and safety certifications.,Hardworking and reliable team member.,Sunita Verma,2025-01-04T05:04:38.190812,True
249,98,FY2022-23,Partially Meets Expectations,2.0,Demonstrates consistent execution and team work.,Needs to acquire digital skills and safety certifications.,Hardworking and reliable team member.,Ramesh Kumar,2025-08-06T05:04:38.190823,True
250,98,FY2025-26,Meets Expectations,3.0,Demonstrates consistent execution and team work.,Needs to acquire digital skills and safety certifications.,Hardworking and reliable team member.,Ganesh Dutta,2025-10-08T05:04:38.190832,True
251,99,FY2023-24,Exceptional,5.0,Demonstrates consistent execution and team work.,Needs to acquire digital skills and safety certifications.,Hardworking and reliable team member.,Kailash Chatterjee,2025-09-08T05:04:38.190843,True
252,99,FY2024-25,Exceptional,5.0,Demonstrates consistent execution and team work.,Needs to acquire digital skills and safety certifications.,Hardworking and reliable team member.,Amit Patel,2025-07-19T05:04:38.190852,True
253,100,FY2023-24,Exceptional,5.0,Demonstrates consistent execution and team work.,Needs to acquire digital skills and safety certifications.,Hardworking and reliable team member.,Deepa Banerjee,2025-05-10T05:04:38.190864,True
254,100,FY2021-22,Exceeds Expectations,4.0,Demonstrates consistent execution and team work.,Needs to acquire digital skills and safety certifications.,Hardworking and reliable team member.,Pankaj Rao,2026-01-27T05:04:38.190873,True
255,100,FY2022-23,Exceptional,5.0,Demonstrates consistent execution and team work.,Needs to acquire digital skills and safety certifications.,Hardworking and reliable team member.,Gopal Pandey,2026-02-21T05:04:38.190884,True
256,101,FY2024-25,Meets Expectations,3.0,Demonstrates consistent execution and team work.,Needs to acquire digital skills and safety certifications.,Hardworking and reliable team member.,Aarav Singh,2024-10-10T05:04:38.190895,True
257,101,FY2022-23,Exceptional,5.0,Demonstrates consistent execution and team work.,Needs to acquire digital skills and safety certifications.,Hardworking and reliable team member.,Manish Mukherjee,2024-12-17T05:04:38.190904,True
258,101,FY2025-26,Exceptional,5.0,Demonstrates consistent execution and team work.,Needs to acquire digital skills and safety certifications.,Hardworking and reliable team member.,Tanvi Mishra,2025-03-20T05:04:38.190913,True
259,102,FY2025-26,Meets Expectations,3.0,Demonstrates consistent execution and team work.,Needs to acquire digital skills and safety certifications.,Hardworking and reliable team member.,Kiran Verma,2025-08-22T05:04:38.190925,True
260,102,FY2024-25,Exceeds Expectations,4.0,Demonstrates consistent execution and team work.,Needs to acquire digital skills and safety certifications.,Hardworking and reliable team member.,Aarav Das,2025-07-10T05:04:38.190935,True
261,102,FY2021-22,Exceptional,5.0,Demonstrates consistent execution and team work.,Needs to acquire digital skills and safety certifications.,Hardworking and reliable team member.,Dev Dutta,2025-10-26T05:04:38.190944,True
262,103,FY2024-25,Meets Expectations,3.0,Demonstrates consistent execution and team work.,Needs to acquire digital skills and safety certifications.,Hardworking and reliable team member.,Vikram Choudhury,2025-02-20T05:04:38.190955,True
263,103,FY2025-26,Meets Expectations,3.0,Demonstrates consistent execution and team work.,Needs to acquire digital skills and safety certifications.,Hardworking and reliable team member.,Chandan Nair,2025-01-18T05:04:38.190964,True
264,104,FY2025-26,Partially Meets Expectations,2.0,Demonstrates consistent execution and team work.,Needs to acquire digital skills and safety certifications.,Hardworking and reliable team member.,Pranav Sharma,2025-09-26T05:04:38.190976,True
265,104,FY2023-24,Partially Meets Expectations,2.0,Demonstrates consistent execution and team work.,Needs to acquire digital skills and safety certifications.,Hardworking and reliable team member.,Pranav Mishra,2026-02-02T05:04:38.190986,True
266,104,FY2021-22,Meets Expectations,3.0,Demonstrates consistent execution and team work.,Needs to acquire digital skills and safety certifications.,Hardworking and reliable team member.,Kailash Nair,2025-02-02T05:04:38.190995,True
267,105,FY2024-25,Partially Meets Expectations,2.0,Demonstrates consistent execution and team work.,Needs to acquire digital skills and safety certifications.,Hardworking and reliable team member.,Rajesh Sen,2025-03-04T05:04:38.191006,True
268,105,FY2023-24,Meets Expectations,3.0,Demonstrates consistent execution and team work.,Needs to acquire digital skills and safety certifications.,Hardworking and reliable team member.,Ananya Pandey,2024-11-02T05:04:38.191016,True
269,106,FY2023-24,Meets Expectations,3.0,Demonstrates consistent execution and team work.,Needs to acquire digital skills and safety certifications.,Hardworking and reliable team member.,Kiran Choudhury,2025-06-12T05:04:38.191027,True
270,106,FY2024-25,Exceeds Expectations,4.0,Demonstrates consistent execution and team work.,Needs to acquire digital skills and safety certifications.,Hardworking and reliable team member.,Neha Dutta,2025-11-07T05:04:38.191036,True
271,107,FY2025-26,Partially Meets Expectations,2.0,Demonstrates consistent execution and team work.,Needs to acquire digital skills and safety certifications.,Hardworking and reliable team member.,Pranav Sharma,2025-12-19T05:04:38.191049,True
272,107,FY2023-24,Exceptional,5.0,Demonstrates consistent execution and team work.,Needs to acquire digital skills and safety certifications.,Hardworking and reliable team member.,Kailash Choudhury,2024-12-16T05:04:38.191058,True
273,108,FY2025-26,Meets Expectations,3.0,Demonstrates consistent execution and team work.,Needs to acquire digital skills and safety certifications.,Hardworking and reliable team member.,Karan Bose,2026-05-06T05:04:38.191069,True
274,108,FY2024-25,Meets Expectations,3.0,Demonstrates consistent execution and team work.,Needs to acquire digital skills and safety certifications.,Hardworking and reliable team member.,Karan Sen,2025-04-01T05:04:38.191078,True
275,108,FY2023-24,Meets Expectations,3.0,Demonstrates consistent execution and team work.,Needs to acquire digital skills and safety certifications.,Hardworking and reliable team member.,Sunita Chatterjee,2025-03-27T05:04:38.191089,True
276,109,FY2025-26,Exceeds Expectations,4.0,Demonstrates consistent execution and team work.,Needs to acquire digital skills and safety certifications.,Hardworking and reliable team member.,Pooja Dutta,2026-06-27T05:04:38.191100,True
277,109,FY2024-25,Partially Meets Expectations,2.0,Demonstrates consistent execution and team work.,Needs to acquire digital skills and safety certifications.,Hardworking and reliable team member.,Pranav Nair,2024-10-26T05:04:38.191109,True
278,109,FY2021-22,Exceptional,5.0,Demonstrates consistent execution and team work.,Needs to acquire digital skills and safety certifications.,Hardworking and reliable team member.,Sandeep Mishra,2025-05-30T05:04:38.191119,True
279,110,FY2023-24,Meets Expectations,3.0,Demonstrates consistent execution and team work.,Needs to acquire digital skills and safety certifications.,Hardworking and reliable team member.,Ramesh Singh,2026-07-08T05:04:38.191130,True
280,110,FY2022-23,Partially Meets Expectations,2.0,Demonstrates consistent execution and team work.,Needs to acquire digital skills and safety certifications.,Hardworking and reliable team member.,Ritu Chatterjee,2026-02-17T05:04:38.191139,True
281,110,FY2021-22,Exceptional,5.0,Demonstrates consistent execution and team work.,Needs to acquire digital skills and safety certifications.,Hardworking and reliable team member.,Suresh Mukherjee,2025-12-10T05:04:38.191148,True
282,111,FY2024-25,Meets Expectations,3.0,Demonstrates consistent execution and team work.,Needs to acquire digital skills and safety certifications.,Hardworking and reliable team member.,Ritu Kumar,2025-01-31T05:04:38.191159,True
283,111,FY2022-23,Meets Expectations,3.0,Demonstrates consistent execution and team work.,Needs to acquire digital skills and safety certifications.,Hardworking and reliable team member.,Narendra Kumar,2024-11-21T05:04:38.191168,True
284,111,FY2021-22,Meets Expectations,3.0,Demonstrates consistent execution and team work.,Needs to acquire digital skills and safety certifications.,Hardworking and reliable team member.,Ananya Yadav,2026-02-09T05:04:38.191177,True
285,112,FY2023-24,Meets Expectations,3.0,Demonstrates consistent execution and team work.,Needs to acquire digital skills and safety certifications.,Hardworking and reliable team member.,Madhav Prasad,2024-12-20T05:04:38.191189,True
286,112,FY2021-22,Meets Expectations,3.0,Demonstrates consistent execution and team work.,Needs to acquire digital skills and safety certifications.,Hardworking and reliable team member.,Kailash Nair,2026-03-14T05:04:38.191199,True
287,113,FY2025-26,Partially Meets Expectations,2.0,Demonstrates consistent execution and team work.,Needs to acquire digital skills and safety certifications.,Hardworking and reliable team member.,Gopal Mukherjee,2026-02-13T05:04:38.191210,True
288,113,FY2022-23,Exceeds Expectations,4.0,Demonstrates consistent execution and team work.,Needs to acquire digital skills and safety certifications.,Hardworking and reliable team member.,Jyoti Kumar,2024-11-15T05:04:38.191219,True
289,114,FY2023-24,Exceptional,5.0,Demonstrates consistent execution and team work.,Needs to acquire digital skills and safety certifications.,Hardworking and reliable team member.,Kiran Prasad,2025-06-22T05:04:38.191230,True
290,114,FY2024-25,Exceeds Expectations,4.0,Demonstrates consistent execution and team work.,Needs to acquire digital skills and safety certifications.,Hardworking and reliable team member.,Rohan Sen,2025-09-12T05:04:38.191239,True
291,114,FY2025-26,Exceptional,5.0,Demonstrates consistent execution and team work.,Needs to acquire digital skills and safety certifications.,Hardworking and reliable team member.,Gopal Dutta,2025-04-20T05:04:38.191248,True
292,115,FY2022-23,Partially Meets Expectations,2.0,Demonstrates consistent execution and team work.,Needs to acquire digital skills and safety certifications.,Hardworking and reliable team member.,Bhaskar Pandey,2025-07-22T05:04:38.191260,True
293,115,FY2025-26,Exceptional,5.0,Demonstrates consistent execution and team work.,Needs to acquire digital skills and safety certifications.,Hardworking and reliable team member.,Jay Reddy,2024-08-11T05:04:38.191269,True
294,115,FY2023-24,Exceptional,5.0,Demonstrates consistent execution and team work.,Needs to acquire digital skills and safety certifications.,Hardworking and reliable team member.,Chandan Chatterjee,2025-05-19T05:04:38.191278,True
295,116,FY2022-23,Exceptional,5.0,Demonstrates consistent execution and team work.,Needs to acquire digital skills and safety certifications.,Hardworking and reliable team member.,Abhishek Tripathi,2026-04-10T05:04:38.191291,True
296,116,FY2025-26,Exceeds Expectations,4.0,Demonstrates consistent execution and team work.,Needs to acquire digital skills and safety certifications.,Hardworking and reliable team member.,Ramesh Mishra,2025-08-10T05:04:38.191300,True
297,116,FY2023-24,Exceptional,5.0,Demonstrates consistent execution and team work.,Needs to acquire digital skills and safety certifications.,Hardworking and reliable team member.,Madhav Bose,2025-04-09T05:04:38.191309,True
298,117,FY2024-25,Exceeds Expectations,4.0,Demonstrates consistent execution and team work.,Needs to acquire digital skills and safety certifications.,Hardworking and reliable team member.,Rahul Patel,2024-12-31T05:04:38.191320,True
299,117,FY2022-23,Exceeds Expectations,4.0,Demonstrates consistent execution and team work.,Needs to acquire digital skills and safety certifications.,Hardworking and reliable team member.,Abhishek Sharma,2025-11-04T05:04:38.191329,True
300,117,FY2025-26,Exceeds Expectations,4.0,Demonstrates consistent execution and team work.,Needs to acquire digital skills and safety certifications.,Hardworking and reliable team member.,Abhishek Kumar,2024-09-28T05:04:38.191338,True
301,118,FY2025-26,Exceptional,5.0,Demonstrates consistent execution and team work.,Needs to acquire digital skills and safety certifications.,Hardworking and reliable team member.,Pankaj Prasad,2026-03-09T05:04:38.191349,True
302,118,FY2022-23,Partially Meets Expectations,2.0,Demonstrates consistent execution and team work.,Needs to acquire digital skills and safety certifications.,Hardworking and reliable team member.,Hemant Patel,2026-01-26T05:04:38.191358,True
303,118,FY2023-24,Exceptional,5.0,Demonstrates consistent execution and team work.,Needs to acquire digital skills and safety certifications.,Hardworking and reliable team member.,Alok Mukherjee,2024-08-12T05:04:38.191367,True
304,119,FY2023-24,Partially Meets Expectations,2.0,Demonstrates consistent execution and team work.,Needs to acquire digital skills and safety certifications.,Hardworking and reliable team member.,Pankaj Das,2024-08-12T05:04:38.191381,True
305,119,FY2021-22,Exceptional,5.0,Demonstrates consistent execution and team work.,Needs to acquire digital skills and safety certifications.,Hardworking and reliable team member.,Ganesh Sinha,2025-10-22T05:04:38.191392,True
306,120,FY2022-23,Meets Expectations,3.0,Demonstrates consistent execution and team work.,Needs to acquire digital skills and safety certifications.,Hardworking and reliable team member.,Narendra Singh,2024-09-02T05:04:38.191403,True
307,120,FY2023-24,Meets Expectations,3.0,Demonstrates consistent execution and team work.,Needs to acquire digital skills and safety certifications.,Hardworking and reliable team member.,Narendra Mukherjee,2025-01-11T05:04:38.191412,True
308,121,FY2025-26,Exceptional,5.0,Demonstrates consistent execution and team work.,Needs to acquire digital skills and safety certifications.,Hardworking and reliable team member.,Arjun Reddy,2024-09-08T05:04:38.191423,True
309,121,FY2022-23,Exceptional,5.0,Demonstrates consistent execution and team work.,Needs to acquire digital skills and safety certifications.,Hardworking and reliable team member.,Rohan Chatterjee,2024-09-04T05:04:38.191432,True
310,122,FY2022-23,Meets Expectations,3.0,Demonstrates consistent execution and team work.,Needs to acquire digital skills and safety certifications.,Hardworking and reliable team member.,Meera Das,2024-12-04T05:04:38.191443,True
311,122,FY2023-24,Partially Meets Expectations,2.0,Demonstrates consistent execution and team work.,Needs to acquire digital skills and safety certifications.,Hardworking and reliable team member.,Aniket Mishra,2026-03-02T05:04:38.191453,True
312,122,FY2021-22,Exceptional,5.0,Demonstrates consistent execution and team work.,Needs to acquire digital skills and safety certifications.,Hardworking and reliable team member.,Vijay Kumar,2026-02-21T05:04:38.191462,True
313,123,FY2021-22,Exceptional,5.0,Demonstrates consistent execution and team work.,Needs to acquire digital skills and safety certifications.,Hardworking and reliable team member.,Ashok Dutta,2025-05-21T05:04:38.191472,True
314,123,FY2023-24,Exceeds Expectations,4.0,Demonstrates consistent execution and team work.,Needs to acquire digital skills and safety certifications.,Hardworking and reliable team member.,Narendra Sen,2025-06-09T05:04:38.191481,True
315,124,FY2024-25,Partially Meets Expectations,2.0,Demonstrates consistent execution and team work.,Needs to acquire digital skills and safety certifications.,Hardworking and reliable team member.,Alok Mishra,2025-07-24T05:04:38.191494,True
316,124,FY2023-24,Exceeds Expectations,4.0,Demonstrates consistent execution and team work.,Needs to acquire digital skills and safety certifications.,Hardworking and reliable team member.,Tanvi Roy,2026-04-27T05:04:38.191503,True
317,124,FY2021-22,Meets Expectations,3.0,Demonstrates consistent execution and team work.,Needs to acquire digital skills and safety certifications.,Hardworking and reliable team member.,Gopal Dubey,2025-02-24T05:04:38.191512,True
318,125,FY2022-23,Exceeds Expectations,4.0,Demonstrates consistent execution and team work.,Needs to acquire digital skills and safety certifications.,Hardworking and reliable team member.,Rahul Das,2025-06-22T05:04:38.191529,True
319,125,FY2021-22,Meets Expectations,3.0,Demonstrates consistent execution and team work.,Needs to acquire digital skills and safety certifications.,Hardworking and reliable team member.,Karan Dubey,2024-11-19T05:04:38.191539,True
320,126,FY2024-25,Exceptional,5.0,Demonstrates consistent execution and team work.,Needs to acquire digital skills and safety certifications.,Hardworking and reliable team member.,Tanvi Reddy,2025-01-10T05:04:38.191550,True
321,126,FY2022-23,Exceeds Expectations,4.0,Demonstrates consistent execution and team work.,Needs to acquire digital skills and safety certifications.,Hardworking and reliable team member.,Rahul Das,2024-09-13T05:04:38.191559,True
322,126,FY2023-24,Exceeds Expectations,4.0,Demonstrates consistent execution and team work.,Needs to acquire digital skills and safety certifications.,Hardworking and reliable team member.,Meera Dubey,2024-10-02T05:04:38.191568,True
323,127,FY2024-25,Partially Meets Expectations,2.0,Demonstrates consistent execution and team work.,Needs to acquire digital skills and safety certifications.,Hardworking and reliable team member.,Arjun Mehta,2025-04-25T05:04:38.191580,True
324,127,FY2023-24,Partially Meets Expectations,2.0,Demonstrates consistent execution and team work.,Needs to acquire digital skills and safety certifications.,Hardworking and reliable team member.,Chandan Sinha,2025-09-26T05:04:38.191589,True
325,127,FY2022-23,Partially Meets Expectations,2.0,Demonstrates consistent execution and team work.,Needs to acquire digital skills and safety certifications.,Hardworking and reliable team member.,Sandeep Singh,2025-08-06T05:04:38.191599,True
326,128,FY2023-24,Exceptional,5.0,Demonstrates consistent execution and team work.,Needs to acquire digital skills and safety certifications.,Hardworking and reliable team member.,Rohan Das,2026-06-02T05:04:38.191610,True
327,128,FY2021-22,Partially Meets Expectations,2.0,Demonstrates consistent execution and team work.,Needs to acquire digital skills and safety certifications.,Hardworking and reliable team member.,Vijay Joshi,2025-07-08T05:04:38.191620,True
328,129,FY2023-24,Exceeds Expectations,4.0,Demonstrates consistent execution and team work.,Needs to acquire digital skills and safety certifications.,Hardworking and reliable team member.,Rahul Das,2026-03-26T05:04:38.191631,True
329,129,FY2022-23,Partially Meets Expectations,2.0,Demonstrates consistent execution and team work.,Needs to acquire digital skills and safety certifications.,Hardworking and reliable team member.,Pooja Rao,2024-08-21T05:04:38.191640,True
330,130,FY2022-23,Partially Meets Expectations,2.0,Demonstrates consistent execution and team work.,Needs to acquire digital skills and safety certifications.,Hardworking and reliable team member.,Ganesh Pandey,2026-06-25T05:04:38.191651,True
331,130,FY2024-25,Exceeds Expectations,4.0,Demonstrates consistent execution and team work.,Needs to acquire digital skills and safety certifications.,Hardworking and reliable team member.,Ritu Sen,2025-05-04T05:04:38.191660,True
332,131,FY2024-25,Partially Meets Expectations,2.0,Demonstrates consistent execution and team work.,Needs to acquire digital skills and safety certifications.,Hardworking and reliable team member.,Pranav Chatterjee,2025-09-03T05:04:38.191671,True
333,131,FY2022-23,Exceptional,5.0,Demonstrates consistent execution and team work.,Needs to acquire digital skills and safety certifications.,Hardworking and reliable team member.,Arjun Pandey,2026-05-31T05:04:38.191680,True
334,132,FY2025-26,Partially Meets Expectations,2.0,Demonstrates consistent execution and team work.,Needs to acquire digital skills and safety certifications.,Hardworking and reliable team member.,Abhishek Verma,2026-04-22T05:04:38.191691,True
335,132,FY2024-25,Exceeds Expectations,4.0,Demonstrates consistent execution and team work.,Needs to acquire digital skills and safety certifications.,Hardworking and reliable team member.,Dev Mishra,2024-08-13T05:04:38.191702,True
336,132,FY2022-23,Exceptional,5.0,Demonstrates consistent execution and team work.,Needs to acquire digital skills and safety certifications.,Hardworking and reliable team member.,Jagdish Pandey,2025-01-10T05:04:38.191712,True
337,133,FY2022-23,Exceeds Expectations,4.0,Demonstrates consistent execution and team work.,Needs to acquire digital skills and safety certifications.,Hardworking and reliable team member.,Rohan Bose,2024-09-16T05:04:38.191723,True
338,133,FY2025-26,Exceeds Expectations,4.0,Demonstrates consistent execution and team work.,Needs to acquire digital skills and safety certifications.,Hardworking and reliable team member.,Vikram Dutta,2024-08-15T05:04:38.191733,True
339,133,FY2023-24,Meets Expectations,3.0,Demonstrates consistent execution and team work.,Needs to acquire digital skills and safety certifications.,Hardworking and reliable team member.,Sita Mitra,2025-10-01T05:04:38.191742,True
340,134,FY2021-22,Meets Expectations,3.0,Demonstrates consistent execution and team work.,Needs to acquire digital skills and safety certifications.,Hardworking and reliable team member.,Rajesh Rao,2025-11-22T05:04:38.191753,True
341,134,FY2022-23,Exceptional,5.0,Demonstrates consistent execution and team work.,Needs to acquire digital skills and safety certifications.,Hardworking and reliable team member.,Karan Reddy,2026-04-22T05:04:38.191762,True
342,134,FY2024-25,Exceeds Expectations,4.0,Demonstrates consistent execution and team work.,Needs to acquire digital skills and safety certifications.,Hardworking and reliable team member.,Ashok Reddy,2026-01-06T05:04:38.191771,True
343,135,FY2025-26,Exceeds Expectations,4.0,Demonstrates consistent execution and team work.,Needs to acquire digital skills and safety certifications.,Hardworking and reliable team member.,Dinesh Chatterjee,2024-11-02T05:04:38.191782,True
344,135,FY2021-22,Partially Meets Expectations,2.0,Demonstrates consistent execution and team work.,Needs to acquire digital skills and safety certifications.,Hardworking and reliable team member.,Chandan Sen,2024-11-03T05:04:38.191791,True
345,136,FY2025-26,Meets Expectations,3.0,Demonstrates consistent execution and team work.,Needs to acquire digital skills and safety certifications.,Hardworking and reliable team member.,Ganesh Dubey,2024-09-22T05:04:38.191804,True
346,136,FY2023-24,Exceptional,5.0,Demonstrates consistent execution and team work.,Needs to acquire digital skills and safety certifications.,Hardworking and reliable team member.,Hari Roy,2026-05-18T05:04:38.191813,True
347,137,FY2021-22,Partially Meets Expectations,2.0,Demonstrates consistent execution and team work.,Needs to acquire digital skills and safety certifications.,Hardworking and reliable team member.,Arjun Choudhury,2025-09-22T05:04:38.191824,True
348,137,FY2023-24,Exceeds Expectations,4.0,Demonstrates consistent execution and team work.,Needs to acquire digital skills and safety certifications.,Hardworking and reliable team member.,Aarav Prasad,2024-11-02T05:04:38.191833,True
349,138,FY2024-25,Exceeds Expectations,4.0,Demonstrates consistent execution and team work.,Needs to acquire digital skills and safety certifications.,Hardworking and reliable team member.,Ananya Rao,2025-07-25T05:04:38.191844,True
350,138,FY2023-24,Exceptional,5.0,Demonstrates consistent execution and team work.,Needs to acquire digital skills and safety certifications.,Hardworking and reliable team member.,Jay Tripathi,2024-08-30T05:04:38.191853,True
351,139,FY2025-26,Exceptional,5.0,Demonstrates consistent execution and team work.,Needs to acquire digital skills and safety certifications.,Hardworking and reliable team member.,Kiran Sen,2025-09-06T05:04:38.191864,True
352,139,FY2021-22,Meets Expectations,3.0,Demonstrates consistent execution and team work.,Needs to acquire digital skills and safety certifications.,Hardworking and reliable team member.,Pankaj Mishra,2025-08-09T05:04:38.191873,True
353,139,FY2024-25,Exceptional,5.0,Demonstrates consistent execution and team work.,Needs to acquire digital skills and safety certifications.,Hardworking and reliable team member.,Sanjay Sen,2025-06-14T05:04:38.191882,True
354,140,FY2023-24,Exceeds Expectations,4.0,Demonstrates consistent execution and team work.,Needs to acquire digital skills and safety certifications.,Hardworking and reliable team member.,Jagdish Banerjee,2026-03-31T05:04:38.191893,True
355,140,FY2021-22,Partially Meets Expectations,2.0,Demonstrates consistent execution and team work.,Needs to acquire digital skills and safety certifications.,Hardworking and reliable team member.,Gopal Tripathi,2026-03-11T05:04:38.191904,True
356,141,FY2021-22,Exceptional,5.0,Demonstrates consistent execution and team work.,Needs to acquire digital skills and safety certifications.,Hardworking and reliable team member.,Chandan Sharma,2024-09-14T05:04:38.191915,True
357,141,FY2022-23,Exceptional,5.0,Demonstrates consistent execution and team work.,Needs to acquire digital skills and safety certifications.,Hardworking and reliable team member.,Ganesh Joshi,2025-12-24T05:04:38.191924,True
358,141,FY2025-26,Meets Expectations,3.0,Demonstrates consistent execution and team work.,Needs to acquire digital skills and safety certifications.,Hardworking and reliable team member.,Neha Choudhury,2024-11-05T05:04:38.191934,True
359,142,FY2023-24,Partially Meets Expectations,2.0,Demonstrates consistent execution and team work.,Needs to acquire digital skills and safety certifications.,Hardworking and reliable team member.,Aniket Banerjee,2025-04-22T05:04:38.191945,True
360,142,FY2022-23,Exceeds Expectations,4.0,Demonstrates consistent execution and team work.,Needs to acquire digital skills and safety certifications.,Hardworking and reliable team member.,Sandeep Yadav,2026-05-07T05:04:38.191954,True
361,143,FY2021-22,Partially Meets Expectations,2.0,Demonstrates consistent execution and team work.,Needs to acquire digital skills and safety certifications.,Hardworking and reliable team member.,Kiran Singh,2025-02-17T05:04:38.191965,True
362,143,FY2022-23,Exceeds Expectations,4.0,Demonstrates consistent execution and team work.,Needs to acquire digital skills and safety certifications.,Hardworking and reliable team member.,Rohan Verma,2024-08-28T05:04:38.191974,True
363,143,FY2023-24,Exceeds Expectations,4.0,Demonstrates consistent execution and team work.,Needs to acquire digital skills and safety certifications.,Hardworking and reliable team member.,Jay Rao,2026-04-30T05:04:38.191983,True
364,144,FY2021-22,Meets Expectations,3.0,Demonstrates consistent execution and team work.,Needs to acquire digital skills and safety certifications.,Hardworking and reliable team member.,Tanvi Prasad,2025-05-05T05:04:38.191995,True
365,144,FY2024-25,Partially Meets Expectations,2.0,Demonstrates consistent execution and team work.,Needs to acquire digital skills and safety certifications.,Hardworking and reliable team member.,Nikhil Mishra,2025-08-24T05:04:38.192006,True
366,145,FY2022-23,Meets Expectations,3.0,Demonstrates consistent execution and team work.,Needs to acquire digital skills and safety certifications.,Hardworking and reliable team member.,Ritu Mitra,2025-09-12T05:04:38.192017,True
367,145,FY2024-25,Exceeds Expectations,4.0,Demonstrates consistent execution and team work.,Needs to acquire digital skills and safety certifications.,Hardworking and reliable team member.,Amit Reddy,2025-08-14T05:04:38.192026,True
368,146,FY2022-23,Exceptional,5.0,Demonstrates consistent execution and team work.,Needs to acquire digital skills and safety certifications.,Hardworking and reliable team member.,Tanvi Choudhury,2026-04-12T05:04:38.192039,True
369,146,FY2023-24,Partially Meets Expectations,2.0,Demonstrates consistent execution and team work.,Needs to acquire digital skills and safety certifications.,Hardworking and reliable team member.,Hemant Pandey,2024-10-29T05:04:38.192048,True
370,146,FY2024-25,Partially Meets Expectations,2.0,Demonstrates consistent execution and team work.,Needs to acquire digital skills and safety certifications.,Hardworking and reliable team member.,Meera Rao,2026-02-07T05:04:38.192057,True
371,147,FY2023-24,Partially Meets Expectations,2.0,Demonstrates consistent execution and team work.,Needs to acquire digital skills and safety certifications.,Hardworking and reliable team member.,Ananya Ghosh,2025-11-28T05:04:38.192069,True
372,147,FY2022-23,Partially Meets Expectations,2.0,Demonstrates consistent execution and team work.,Needs to acquire digital skills and safety certifications.,Hardworking and reliable team member.,Amit Dutta,2025-04-30T05:04:38.192078,True
373,147,FY2025-26,Exceptional,5.0,Demonstrates consistent execution and team work.,Needs to acquire digital skills and safety certifications.,Hardworking and reliable team member.,Ritu Joshi,2026-02-02T05:04:38.192089,True
374,148,FY2023-24,Partially Meets Expectations,2.0,Demonstrates consistent execution and team work.,Needs to acquire digital skills and safety certifications.,Hardworking and reliable team member.,Meera Chatterjee,2025-07-14T05:04:38.192099,True
375,148,FY2022-23,Exceeds Expectations,4.0,Demonstrates consistent execution and team work.,Needs to acquire digital skills and safety certifications.,Hardworking and reliable team member.,Dinesh Verma,2024-10-26T05:04:38.192110,True
376,149,FY2024-25,Partially Meets Expectations,2.0,Demonstrates consistent execution and team work.,Needs to acquire digital skills and safety certifications.,Hardworking and reliable team member.,Vijay Pandey,2026-05-04T05:04:38.192121,True
377,149,FY2025-26,Exceeds Expectations,4.0,Demonstrates consistent execution and team work.,Needs to acquire digital skills and safety certifications.,Hardworking and reliable team member.,Ramesh Rao,2025-03-07T05:04:38.192131,True
378,150,FY2021-22,Exceeds Expectations,4.0,Demonstrates consistent execution and team work.,Needs to acquire digital skills and safety certifications.,Hardworking and reliable team member.,Hemant Dutta,2025-07-05T05:04:38.192142,True
379,150,FY2024-25,Partially Meets Expectations,2.0,Demonstrates consistent execution and team work.,Needs to acquire digital skills and safety certifications.,Hardworking and reliable team member.,Narendra Roy,2025-07-19T05:04:38.192151,True
380,150,FY2023-24,Partially Meets Expectations,2.0,Demonstrates consistent execution and team work.,Needs to acquire digital skills and safety certifications.,Hardworking and reliable team member.,Tanvi Verma,2026-04-27T05:04:38.192160,True
381,151,FY2022-23,Exceptional,5.0,Demonstrates consistent execution and team work.,Needs to acquire digital skills and safety certifications.,Hardworking and reliable team member.,Aarav Patel,2026-05-18T05:04:38.192171,True
382,151,FY2025-26,Exceptional,5.0,Demonstrates consistent execution and team work.,Needs to acquire digital skills and safety certifications.,Hardworking and reliable team member.,Dinesh Sharma,2025-10-24T05:04:38.192180,True
383,151,FY2023-24,Exceptional,5.0,Demonstrates consistent execution and team work.,Needs to acquire digital skills and safety certifications.,Hardworking and reliable team member.,Ashok Sinha,2024-08-12T05:04:38.192189,True
384,152,FY2025-26,Exceeds Expectations,4.0,Demonstrates consistent execution and team work.,Needs to acquire digital skills and safety certifications.,Hardworking and reliable team member.,Yash Kumar,2026-03-30T05:04:38.192200,True
385,152,FY2023-24,Exceptional,5.0,Demonstrates consistent execution and team work.,Needs to acquire digital skills and safety certifications.,Hardworking and reliable team member.,Ritu Yadav,2025-03-30T05:04:38.192211,True
386,153,FY2022-23,Exceeds Expectations,4.0,Demonstrates consistent execution and team work.,Needs to acquire digital skills and safety certifications.,Hardworking and reliable team member.,Bhaskar Verma,2025-10-29T05:04:38.192222,True
387,153,FY2025-26,Exceptional,5.0,Demonstrates consistent execution and team work.,Needs to acquire digital skills and safety certifications.,Hardworking and reliable team member.,Pooja Pandey,2025-01-20T05:04:38.192231,True
388,154,FY2024-25,Meets Expectations,3.0,Demonstrates consistent execution and team work.,Needs to acquire digital skills and safety certifications.,Hardworking and reliable team member.,Tanvi Patel,2025-11-06T05:04:38.192242,True
389,154,FY2025-26,Partially Meets Expectations,2.0,Demonstrates consistent execution and team work.,Needs to acquire digital skills and safety certifications.,Hardworking and reliable team member.,Vikram Banerjee,2025-03-21T05:04:38.192251,True
390,154,FY2023-24,Exceeds Expectations,4.0,Demonstrates consistent execution and team work.,Needs to acquire digital skills and safety certifications.,Hardworking and reliable team member.,Pankaj Patel,2025-07-28T05:04:38.192260,True
391,155,FY2024-25,Exceeds Expectations,4.0,Demonstrates consistent execution and team work.,Needs to acquire digital skills and safety certifications.,Hardworking and reliable team member.,Ganesh Dubey,2024-11-12T05:04:38.192271,True
392,155,FY2021-22,Partially Meets Expectations,2.0,Demonstrates consistent execution and team work.,Needs to acquire digital skills and safety certifications.,Hardworking and reliable team member.,Sita Sen,2026-01-15T05:04:38.192280,True
393,155,FY2022-23,Exceeds Expectations,4.0,Demonstrates consistent execution and team work.,Needs to acquire digital skills and safety certifications.,Hardworking and reliable team member.,Rohan Mukherjee,2024-11-25T05:04:38.192289,True
394,156,FY2024-25,Meets Expectations,3.0,Demonstrates consistent execution and team work.,Needs to acquire digital skills and safety certifications.,Hardworking and reliable team member.,Jay Pandey,2024-10-15T05:04:38.192300,True
395,156,FY2022-23,Exceeds Expectations,4.0,Demonstrates consistent execution and team work.,Needs to acquire digital skills and safety certifications.,Hardworking and reliable team member.,Jay Bose,2026-04-12T05:04:38.192310,True
396,157,FY2025-26,Exceptional,5.0,Demonstrates consistent execution and team work.,Needs to acquire digital skills and safety certifications.,Hardworking and reliable team member.,Madhav Bose,2024-09-17T05:04:38.192321,True
397,157,FY2022-23,Partially Meets Expectations,2.0,Demonstrates consistent execution and team work.,Needs to acquire digital skills and safety certifications.,Hardworking and reliable team member.,Rahul Verma,2025-10-16T05:04:38.192330,True
398,157,FY2023-24,Exceptional,5.0,Demonstrates consistent execution and team work.,Needs to acquire digital skills and safety certifications.,Hardworking and reliable team member.,Rajesh Dutta,2025-02-23T05:04:38.192339,True
399,158,FY2022-23,Partially Meets Expectations,2.0,Demonstrates consistent execution and team work.,Needs to acquire digital skills and safety certifications.,Hardworking and reliable team member.,Nikhil Chatterjee,2025-08-01T05:04:38.192351,True
400,158,FY2024-25,Exceeds Expectations,4.0,Demonstrates consistent execution and team work.,Needs to acquire digital skills and safety certifications.,Hardworking and reliable team member.,Nikhil Das,2026-06-18T05:04:38.192360,True
401,159,FY2022-23,Partially Meets Expectations,2.0,Demonstrates consistent execution and team work.,Needs to acquire digital skills and safety certifications.,Hardworking and reliable team member.,Nikhil Singh,2025-08-08T05:04:38.192372,True
402,159,FY2023-24,Exceptional,5.0,Demonstrates consistent execution and team work.,Needs to acquire digital skills and safety certifications.,Hardworking and reliable team member.,Ramesh Banerjee,2025-11-23T05:04:38.192381,True
403,159,FY2024-25,Exceptional,5.0,Demonstrates consistent execution and team work.,Needs to acquire digital skills and safety certifications.,Hardworking and reliable team member.,Aditya Choudhury,2026-04-29T05:04:38.192390,True
404,160,FY2025-26,Meets Expectations,3.0,Demonstrates consistent execution and team work.,Needs to acquire digital skills and safety certifications.,Hardworking and reliable team member.,Abhishek Chatterjee,2026-04-13T05:04:38.192401,True
405,160,FY2024-25,Partially Meets Expectations,2.0,Demonstrates consistent execution and team work.,Needs to acquire digital skills and safety certifications.,Hardworking and reliable team member.,Ganesh Banerjee,2026-01-29T05:04:38.192411,True
406,161,FY2025-26,Exceptional,5.0,Demonstrates consistent execution and team work.,Needs to acquire digital skills and safety certifications.,Hardworking and reliable team member.,Suresh Kumar,2025-09-05T05:04:38.192424,True
407,161,FY2023-24,Exceeds Expectations,4.0,Demonstrates consistent execution and team work.,Needs to acquire digital skills and safety certifications.,Hardworking and reliable team member.,Rajesh Chatterjee,2024-09-02T05:04:38.192434,True
408,161,FY2022-23,Partially Meets Expectations,2.0,Demonstrates consistent execution and team work.,Needs to acquire digital skills and safety certifications.,Hardworking and reliable team member.,Aarav Yadav,2025-12-04T05:04:38.192444,True
409,162,FY2022-23,Partially Meets Expectations,2.0,Demonstrates consistent execution and team work.,Needs to acquire digital skills and safety certifications.,Hardworking and reliable team member.,Pankaj Mishra,2025-11-24T05:04:38.192455,True
410,162,FY2024-25,Meets Expectations,3.0,Demonstrates consistent execution and team work.,Needs to acquire digital skills and safety certifications.,Hardworking and reliable team member.,Madhav Patel,2026-06-08T05:04:38.192464,True
411,163,FY2025-26,Partially Meets Expectations,2.0,Demonstrates consistent execution and team work.,Needs to acquire digital skills and safety certifications.,Hardworking and reliable team member.,Pooja Patel,2024-12-08T05:04:38.192475,True
412,163,FY2024-25,Partially Meets Expectations,2.0,Demonstrates consistent execution and team work.,Needs to acquire digital skills and safety certifications.,Hardworking and reliable team member.,Karan Bose,2026-06-17T05:04:38.192484,True
413,164,FY2021-22,Exceeds Expectations,4.0,Demonstrates consistent execution and team work.,Needs to acquire digital skills and safety certifications.,Hardworking and reliable team member.,Rohan Roy,2026-05-09T05:04:38.192495,True
414,164,FY2025-26,Exceeds Expectations,4.0,Demonstrates consistent execution and team work.,Needs to acquire digital skills and safety certifications.,Hardworking and reliable team member.,Amit Gupta,2026-03-09T05:04:38.192504,True
415,165,FY2022-23,Partially Meets Expectations,2.0,Demonstrates consistent execution and team work.,Needs to acquire digital skills and safety certifications.,Hardworking and reliable team member.,Kailash Dutta,2024-08-19T05:04:38.192516,True
416,165,FY2025-26,Exceptional,5.0,Demonstrates consistent execution and team work.,Needs to acquire digital skills and safety certifications.,Hardworking and reliable team member.,Ananya Reddy,2025-12-11T05:04:38.192525,True
417,165,FY2024-25,Partially Meets Expectations,2.0,Demonstrates consistent execution and team work.,Needs to acquire digital skills and safety certifications.,Hardworking and reliable team member.,Neha Ghosh,2026-06-03T05:04:38.192534,True
418,166,FY2021-22,Exceptional,5.0,Demonstrates consistent execution and team work.,Needs to acquire digital skills and safety certifications.,Hardworking and reliable team member.,Aditya Bose,2026-04-09T05:04:38.192545,True
419,166,FY2025-26,Exceeds Expectations,4.0,Demonstrates consistent execution and team work.,Needs to acquire digital skills and safety certifications.,Hardworking and reliable team member.,Nikhil Ghosh,2026-06-10T05:04:38.192554,True
420,167,FY2024-25,Exceptional,5.0,Demonstrates consistent execution and team work.,Needs to acquire digital skills and safety certifications.,Hardworking and reliable team member.,Ashok Das,2024-10-06T05:04:38.192566,True
421,167,FY2025-26,Exceeds Expectations,4.0,Demonstrates consistent execution and team work.,Needs to acquire digital skills and safety certifications.,Hardworking and reliable team member.,Kiran Gupta,2025-08-28T05:04:38.192575,True
422,167,FY2021-22,Partially Meets Expectations,2.0,Demonstrates consistent execution and team work.,Needs to acquire digital skills and safety certifications.,Hardworking and reliable team member.,Dev Joshi,2025-09-06T05:04:38.192584,True
423,168,FY2023-24,Exceeds Expectations,4.0,Demonstrates consistent execution and team work.,Needs to acquire digital skills and safety certifications.,Hardworking and reliable team member.,Yash Sinha,2025-04-24T05:04:38.192595,True
424,168,FY2024-25,Partially Meets Expectations,2.0,Demonstrates consistent execution and team work.,Needs to acquire digital skills and safety certifications.,Hardworking and reliable team member.,Ritu Mishra,2026-04-26T05:04:38.192604,True
425,168,FY2025-26,Exceptional,5.0,Demonstrates consistent execution and team work.,Needs to acquire digital skills and safety certifications.,Hardworking and reliable team member.,Tanvi Rao,2026-06-17T05:04:38.192614,True
426,169,FY2024-25,Exceptional,5.0,Demonstrates consistent execution and team work.,Needs to acquire digital skills and safety certifications.,Hardworking and reliable team member.,Hemant Mitra,2024-10-10T05:04:38.192625,True
427,169,FY2023-24,Exceptional,5.0,Demonstrates consistent execution and team work.,Needs to acquire digital skills and safety certifications.,Hardworking and reliable team member.,Gopal Tripathi,2026-02-12T05:04:38.192635,True
428,169,FY2022-23,Partially Meets Expectations,2.0,Demonstrates consistent execution and team work.,Needs to acquire digital skills and safety certifications.,Hardworking and reliable team member.,Suresh Sinha,2026-03-21T05:04:38.192644,True
429,170,FY2024-25,Exceeds Expectations,4.0,Demonstrates consistent execution and team work.,Needs to acquire digital skills and safety certifications.,Hardworking and reliable team member.,Aditya Dubey,2024-09-05T05:04:38.192655,True
430,170,FY2023-24,Exceptional,5.0,Demonstrates consistent execution and team work.,Needs to acquire digital skills and safety certifications.,Hardworking and reliable team member.,Dev Roy,2025-07-15T05:04:38.192664,True
431,170,FY2022-23,Exceptional,5.0,Demonstrates consistent execution and team work.,Needs to acquire digital skills and safety certifications.,Hardworking and reliable team member.,Deepa Das,2026-02-11T05:04:38.192673,True
432,171,FY2025-26,Partially Meets Expectations,2.0,Demonstrates consistent execution and team work.,Needs to acquire digital skills and safety certifications.,Hardworking and reliable team member.,Ritu Choudhury,2024-10-22T05:04:38.192686,True
433,171,FY2021-22,Partially Meets Expectations,2.0,Demonstrates consistent execution and team work.,Needs to acquire digital skills and safety certifications.,Hardworking and reliable team member.,Ashok Mishra,2024-11-01T05:04:38.192696,True
434,171,FY2024-25,Exceeds Expectations,4.0,Demonstrates consistent execution and team work.,Needs to acquire digital skills and safety certifications.,Hardworking and reliable team member.,Sandeep Banerjee,2025-08-06T05:04:38.192704,True
435,172,FY2022-23,Exceeds Expectations,4.0,Demonstrates consistent execution and team work.,Needs to acquire digital skills and safety certifications.,Hardworking and reliable team member.,Ganesh Sinha,2025-07-30T05:04:38.192717,True
436,172,FY2024-25,Exceeds Expectations,4.0,Demonstrates consistent execution and team work.,Needs to acquire digital skills and safety certifications.,Hardworking and reliable team member.,Rahul Mehta,2024-09-02T05:04:38.192726,True
437,173,FY2024-25,Partially Meets Expectations,2.0,Demonstrates consistent execution and team work.,Needs to acquire digital skills and safety certifications.,Hardworking and reliable team member.,Dinesh Sen,2024-09-26T05:04:38.192737,True
438,173,FY2025-26,Exceeds Expectations,4.0,Demonstrates consistent execution and team work.,Needs to acquire digital skills and safety certifications.,Hardworking and reliable team member.,Suresh Rao,2025-07-31T05:04:38.192746,True
439,174,FY2021-22,Exceptional,5.0,Demonstrates consistent execution and team work.,Needs to acquire digital skills and safety certifications.,Hardworking and reliable team member.,Dinesh Nair,2024-12-13T05:04:38.192758,True
440,174,FY2023-24,Meets Expectations,3.0,Demonstrates consistent execution and team work.,Needs to acquire digital skills and safety certifications.,Hardworking and reliable team member.,Ritu Nair,2024-08-10T05:04:38.192767,True
441,174,FY2025-26,Exceeds Expectations,4.0,Demonstrates consistent execution and team work.,Needs to acquire digital skills and safety certifications.,Hardworking and reliable team member.,Rohan Rao,2025-12-27T05:04:38.192776,True
442,175,FY2021-22,Meets Expectations,3.0,Demonstrates consistent execution and team work.,Needs to acquire digital skills and safety certifications.,Hardworking and reliable team member.,Deepa Choudhury,2025-07-08T05:04:38.192788,True
443,175,FY2022-23,Meets Expectations,3.0,Demonstrates consistent execution and team work.,Needs to acquire digital skills and safety certifications.,Hardworking and reliable team member.,Hari Choudhury,2026-06-23T05:04:38.192797,True
444,175,FY2025-26,Exceeds Expectations,4.0,Demonstrates consistent execution and team work.,Needs to acquire digital skills and safety certifications.,Hardworking and reliable team member.,Hari Das,2025-01-09T05:04:38.192806,True
445,176,FY2024-25,Exceeds Expectations,4.0,Demonstrates consistent execution and team work.,Needs to acquire digital skills and safety certifications.,Hardworking and reliable team member.,Sanjay Chatterjee,2025-08-22T05:04:38.192818,True
446,176,FY2021-22,Partially Meets Expectations,2.0,Demonstrates consistent execution and team work.,Needs to acquire digital skills and safety certifications.,Hardworking and reliable team member.,Deepa Sharma,2025-07-13T05:04:38.192827,True
447,177,FY2021-22,Exceeds Expectations,4.0,Demonstrates consistent execution and team work.,Needs to acquire digital skills and safety certifications.,Hardworking and reliable team member.,Chandan Gupta,2025-08-25T05:04:38.192838,True
448,177,FY2024-25,Exceptional,5.0,Demonstrates consistent execution and team work.,Needs to acquire digital skills and safety certifications.,Hardworking and reliable team member.,Yash Mitra,2025-10-19T05:04:38.192847,True
449,177,FY2022-23,Meets Expectations,3.0,Demonstrates consistent execution and team work.,Needs to acquire digital skills and safety certifications.,Hardworking and reliable team member.,Jyoti Dubey,2024-12-29T05:04:38.192856,True
450,178,FY2023-24,Meets Expectations,3.0,Demonstrates consistent execution and team work.,Needs to acquire digital skills and safety certifications.,Hardworking and reliable team member.,Abhishek Reddy,2025-11-03T05:04:38.192867,True
451,178,FY2021-22,Exceeds Expectations,4.0,Demonstrates consistent execution and team work.,Needs to acquire digital skills and safety certifications.,Hardworking and reliable team member.,Alok Sinha,2024-10-24T05:04:38.192876,True
452,179,FY2024-25,Exceptional,5.0,Demonstrates consistent execution and team work.,Needs to acquire digital skills and safety certifications.,Hardworking and reliable team member.,Alok Das,2025-06-17T05:04:38.192887,True
453,179,FY2025-26,Partially Meets Expectations,2.0,Demonstrates consistent execution and team work.,Needs to acquire digital skills and safety certifications.,Hardworking and reliable team member.,Manish Rao,2025-09-20T05:04:38.192896,True
454,180,FY2021-22,Exceeds Expectations,4.0,Demonstrates consistent execution and team work.,Needs to acquire digital skills and safety certifications.,Hardworking and reliable team member.,Kiran Joshi,2024-12-02T05:04:38.192908,True
455,180,FY2023-24,Exceptional,5.0,Demonstrates consistent execution and team work.,Needs to acquire digital skills and safety certifications.,Hardworking and reliable team member.,Ashok Mehta,2026-06-14T05:04:38.192918,True
456,180,FY2024-25,Exceeds Expectations,4.0,Demonstrates consistent execution and team work.,Needs to acquire digital skills and safety certifications.,Hardworking and reliable team member.,Pooja Pandey,2026-06-05T05:04:38.192927,True
457,181,FY2023-24,Exceeds Expectations,4.0,Demonstrates consistent execution and team work.,Needs to acquire digital skills and safety certifications.,Hardworking and reliable team member.,Hari Yadav,2025-02-04T05:04:38.192940,True
458,181,FY2021-22,Meets Expectations,3.0,Demonstrates consistent execution and team work.,Needs to acquire digital skills and safety certifications.,Hardworking and reliable team member.,Jagdish Sinha,2025-05-30T05:04:38.192949,True
459,182,FY2025-26,Partially Meets Expectations,2.0,Demonstrates consistent execution and team work.,Needs to acquire digital skills and safety certifications.,Hardworking and reliable team member.,Narendra Pandey,2025-03-11T05:04:38.192961,True
460,182,FY2021-22,Exceptional,5.0,Demonstrates consistent execution and team work.,Needs to acquire digital skills and safety certifications.,Hardworking and reliable team member.,Rohan Verma,2025-06-03T05:04:38.192970,True
461,183,FY2023-24,Partially Meets Expectations,2.0,Demonstrates consistent execution and team work.,Needs to acquire digital skills and safety certifications.,Hardworking and reliable team member.,Suresh Sharma,2024-09-08T05:04:38.192981,True
462,183,FY2024-25,Exceeds Expectations,4.0,Demonstrates consistent execution and team work.,Needs to acquire digital skills and safety certifications.,Hardworking and reliable team member.,Pooja Patel,2025-04-15T05:04:38.192990,True
463,183,FY2022-23,Meets Expectations,3.0,Demonstrates consistent execution and team work.,Needs to acquire digital skills and safety certifications.,Hardworking and reliable team member.,Meera Singh,2024-08-10T05:04:38.192999,True
464,184,FY2024-25,Partially Meets Expectations,2.0,Demonstrates consistent execution and team work.,Needs to acquire digital skills and safety certifications.,Hardworking and reliable team member.,Aarav Mukherjee,2026-01-17T05:04:38.193011,True
465,184,FY2022-23,Partially Meets Expectations,2.0,Demonstrates consistent execution and team work.,Needs to acquire digital skills and safety certifications.,Hardworking and reliable team member.,Aarav Mehta,2025-09-14T05:04:38.193022,True
466,185,FY2021-22,Partially Meets Expectations,2.0,Demonstrates consistent execution and team work.,Needs to acquire digital skills and safety certifications.,Hardworking and reliable team member.,Suresh Banerjee,2024-11-22T05:04:38.193033,True
467,185,FY2023-24,Exceeds Expectations,4.0,Demonstrates consistent execution and team work.,Needs to acquire digital skills and safety certifications.,Hardworking and reliable team member.,Tanvi Das,2024-09-17T05:04:38.193042,True
468,185,FY2022-23,Meets Expectations,3.0,Demonstrates consistent execution and team work.,Needs to acquire digital skills and safety certifications.,Hardworking and reliable team member.,Ananya Roy,2026-03-14T05:04:38.193051,True
469,186,FY2024-25,Exceptional,5.0,Demonstrates consistent execution and team work.,Needs to acquire digital skills and safety certifications.,Hardworking and reliable team member.,Deepa Chatterjee,2025-03-08T05:04:38.193062,True
470,186,FY2022-23,Partially Meets Expectations,2.0,Demonstrates consistent execution and team work.,Needs to acquire digital skills and safety certifications.,Hardworking and reliable team member.,Sunita Mitra,2025-10-20T05:04:38.193071,True
471,186,FY2025-26,Exceeds Expectations,4.0,Demonstrates consistent execution and team work.,Needs to acquire digital skills and safety certifications.,Hardworking and reliable team member.,Ashok Tripathi,2025-09-29T05:04:38.193080,True
472,187,FY2022-23,Exceeds Expectations,4.0,Demonstrates consistent execution and team work.,Needs to acquire digital skills and safety certifications.,Hardworking and reliable team member.,Rohan Mishra,2025-10-30T05:04:38.193092,True
473,187,FY2023-24,Exceeds Expectations,4.0,Demonstrates consistent execution and team work.,Needs to acquire digital skills and safety certifications.,Hardworking and reliable team member.,Hari Reddy,2024-10-09T05:04:38.193101,True
474,187,FY2024-25,Partially Meets Expectations,2.0,Demonstrates consistent execution and team work.,Needs to acquire digital skills and safety certifications.,Hardworking and reliable team member.,Jagdish Das,2024-12-09T05:04:38.193110,True
475,188,FY2023-24,Meets Expectations,3.0,Demonstrates consistent execution and team work.,Needs to acquire digital skills and safety certifications.,Hardworking and reliable team member.,Vijay Dutta,2025-06-29T05:04:38.193122,True
476,188,FY2024-25,Exceptional,5.0,Demonstrates consistent execution and team work.,Needs to acquire digital skills and safety certifications.,Hardworking and reliable team member.,Jagdish Reddy,2025-08-05T05:04:38.193132,True
477,188,FY2025-26,Exceptional,5.0,Demonstrates consistent execution and team work.,Needs to acquire digital skills and safety certifications.,Hardworking and reliable team member.,Manish Kumar,2024-11-20T05:04:38.193141,True
478,189,FY2022-23,Exceptional,5.0,Demonstrates consistent execution and team work.,Needs to acquire digital skills and safety certifications.,Hardworking and reliable team member.,Rohan Nair,2025-01-01T05:04:38.193152,True
479,189,FY2023-24,Meets Expectations,3.0,Demonstrates consistent execution and team work.,Needs to acquire digital skills and safety certifications.,Hardworking and reliable team member.,Vijay Nair,2026-04-03T05:04:38.193161,True
480,189,FY2024-25,Exceptional,5.0,Demonstrates consistent execution and team work.,Needs to acquire digital skills and safety certifications.,Hardworking and reliable team member.,Bhaskar Prasad,2025-04-24T05:04:38.193170,True
481,190,FY2021-22,Exceeds Expectations,4.0,Demonstrates consistent execution and team work.,Needs to acquire digital skills and safety certifications.,Hardworking and reliable team member.,Ananya Sharma,2024-08-23T05:04:38.193182,True
482,190,FY2023-24,Partially Meets Expectations,2.0,Demonstrates consistent execution and team work.,Needs to acquire digital skills and safety certifications.,Hardworking and reliable team member.,Vikram Roy,2025-06-13T05:04:38.193190,True
483,190,FY2025-26,Meets Expectations,3.0,Demonstrates consistent execution and team work.,Needs to acquire digital skills and safety certifications.,Hardworking and reliable team member.,Pankaj Mishra,2024-11-13T05:04:38.193199,True
484,191,FY2021-22,Exceptional,5.0,Demonstrates consistent execution and team work.,Needs to acquire digital skills and safety certifications.,Hardworking and reliable team member.,Dinesh Dutta,2025-11-10T05:04:38.193210,True
485,191,FY2023-24,Meets Expectations,3.0,Demonstrates consistent execution and team work.,Needs to acquire digital skills and safety certifications.,Hardworking and reliable team member.,Nikhil Dubey,2024-10-07T05:04:38.193221,True
486,191,FY2022-23,Exceptional,5.0,Demonstrates consistent execution and team work.,Needs to acquire digital skills and safety certifications.,Hardworking and reliable team member.,Aniket Pandey,2024-12-29T05:04:38.193230,True
487,192,FY2023-24,Exceptional,5.0,Demonstrates consistent execution and team work.,Needs to acquire digital skills and safety certifications.,Hardworking and reliable team member.,Pooja Ghosh,2025-10-30T05:04:38.193241,True
488,192,FY2025-26,Exceptional,5.0,Demonstrates consistent execution and team work.,Needs to acquire digital skills and safety certifications.,Hardworking and reliable team member.,Sita Joshi,2025-03-14T05:04:38.193251,True
489,192,FY2024-25,Exceptional,5.0,Demonstrates consistent execution and team work.,Needs to acquire digital skills and safety certifications.,Hardworking and reliable team member.,Ganesh Nair,2025-11-10T05:04:38.193264,True
490,193,FY2021-22,Exceptional,5.0,Demonstrates consistent execution and team work.,Needs to acquire digital skills and safety certifications.,Hardworking and reliable team member.,Arjun Yadav,2025-06-07T05:04:38.193276,True
491,193,FY2022-23,Exceptional,5.0,Demonstrates consistent execution and team work.,Needs to acquire digital skills and safety certifications.,Hardworking and reliable team member.,Sandeep Ghosh,2025-12-12T05:04:38.193286,True
492,194,FY2023-24,Exceeds Expectations,4.0,Demonstrates consistent execution and team work.,Needs to acquire digital skills and safety certifications.,Hardworking and reliable team member.,Dev Mehta,2025-01-17T05:04:38.193297,True
493,194,FY2022-23,Partially Meets Expectations,2.0,Demonstrates consistent execution and team work.,Needs to acquire digital skills and safety certifications.,Hardworking and reliable team member.,Dev Reddy,2025-12-14T05:04:38.193306,True
494,194,FY2025-26,Meets Expectations,3.0,Demonstrates consistent execution and team work.,Needs to acquire digital skills and safety certifications.,Hardworking and reliable team member.,Rajesh Nair,2026-04-16T05:04:38.193315,True
495,195,FY2023-24,Exceeds Expectations,4.0,Demonstrates consistent execution and team work.,Needs to acquire digital skills and safety certifications.,Hardworking and reliable team member.,Ramesh Mitra,2025-02-19T05:04:38.193329,True
496,195,FY2025-26,Exceptional,5.0,Demonstrates consistent execution and team work.,Needs to acquire digital skills and safety certifications.,Hardworking and reliable team member.,Hari Kumar,2025-02-01T05:04:38.193339,True
497,196,FY2024-25,Partially Meets Expectations,2.0,Demonstrates consistent execution and team work.,Needs to acquire digital skills and safety certifications.,Hardworking and reliable team member.,Chandan Tripathi,2024-12-06T05:04:38.193350,True
498,196,FY2025-26,Exceeds Expectations,4.0,Demonstrates consistent execution and team work.,Needs to acquire digital skills and safety certifications.,Hardworking and reliable team member.,Kailash Tripathi,2026-01-20T05:04:38.193359,True
499,197,FY2023-24,Meets Expectations,3.0,Demonstrates consistent execution and team work.,Needs to acquire digital skills and safety certifications.,Hardworking and reliable team member.,Vikram Mehta,2025-01-09T05:04:38.193370,True
500,197,FY2025-26,Partially Meets Expectations,2.0,Demonstrates consistent execution and team work.,Needs to acquire digital skills and safety certifications.,Hardworking and reliable team member.,Jay Bose,2026-03-09T05:04:38.193379,True
501,198,FY2024-25,Partially Meets Expectations,2.0,Demonstrates consistent execution and team work.,Needs to acquire digital skills and safety certifications.,Hardworking and reliable team member.,Pooja Roy,2025-07-08T05:04:38.193390,True
502,198,FY2022-23,Partially Meets Expectations,2.0,Demonstrates consistent execution and team work.,Needs to acquire digital skills and safety certifications.,Hardworking and reliable team member.,Pooja Chatterjee,2026-03-02T05:04:38.193401,True
503,198,FY2025-26,Exceeds Expectations,4.0,Demonstrates consistent execution and team work.,Needs to acquire digital skills and safety certifications.,Hardworking and reliable team member.,Manish Pandey,2024-10-31T05:04:38.193410,True
504,199,FY2024-25,Meets Expectations,3.0,Demonstrates consistent execution and team work.,Needs to acquire digital skills and safety certifications.,Hardworking and reliable team member.,Sandeep Patel,2025-04-04T05:04:38.193421,True
505,199,FY2025-26,Meets Expectations,3.0,Demonstrates consistent execution and team work.,Needs to acquire digital skills and safety certifications.,Hardworking and reliable team member.,Kailash Tripathi,2025-07-23T05:04:38.193432,True
506,200,FY2021-22,Meets Expectations,3.0,Demonstrates consistent execution and team work.,Needs to acquire digital skills and safety certifications.,Hardworking and reliable team member.,Suresh Rao,2024-09-26T05:04:38.193443,True
507,200,FY2023-24,Meets Expectations,3.0,Demonstrates consistent execution and team work.,Needs to acquire digital skills and safety certifications.,Hardworking and reliable team member.,Meera Pandey,2025-10-27T05:04:38.193453,True
508,201,FY2024-25,Exceeds Expectations,4.0,Demonstrates consistent execution and team work.,Needs to acquire digital skills and safety certifications.,Hardworking and reliable team member.,Vikram Joshi,2025-01-12T05:04:38.193466,True
509,201,FY2022-23,Meets Expectations,3.0,Demonstrates consistent execution and team work.,Needs to acquire digital skills and safety certifications.,Hardworking and reliable team member.,Rohan Nair,2025-06-04T05:04:38.193476,True
510,202,FY2022-23,Exceptional,5.0,Demonstrates consistent execution and team work.,Needs to acquire digital skills and safety certifications.,Hardworking and reliable team member.,Dinesh Tripathi,2026-06-27T05:04:38.193487,True
511,202,FY2023-24,Meets Expectations,3.0,Demonstrates consistent execution and team work.,Needs to acquire digital skills and safety certifications.,Hardworking and reliable team member.,Aditya Bose,2026-02-26T05:04:38.193496,True
512,203,FY2022-23,Meets Expectations,3.0,Demonstrates consistent execution and team work.,Needs to acquire digital skills and safety certifications.,Hardworking and reliable team member.,Sunita Joshi,2025-01-03T05:04:38.193507,True
513,203,FY2023-24,Exceptional,5.0,Demonstrates consistent execution and team work.,Needs to acquire digital skills and safety certifications.,Hardworking and reliable team member.,Ramesh Joshi,2026-02-27T05:04:38.193516,True
514,204,FY2024-25,Exceeds Expectations,4.0,Demonstrates consistent execution and team work.,Needs to acquire digital skills and safety certifications.,Hardworking and reliable team member.,Sunita Mitra,2026-02-11T05:04:38.193527,True
515,204,FY2021-22,Exceptional,5.0,Demonstrates consistent execution and team work.,Needs to acquire digital skills and safety certifications.,Hardworking and reliable team member.,Aditya Yadav,2025-08-23T05:04:38.193537,True
516,204,FY2022-23,Exceptional,5.0,Demonstrates consistent execution and team work.,Needs to acquire digital skills and safety certifications.,Hardworking and reliable team member.,Hemant Sinha,2026-05-01T05:04:38.193546,True
517,205,FY2023-24,Exceptional,5.0,Demonstrates consistent execution and team work.,Needs to acquire digital skills and safety certifications.,Hardworking and reliable team member.,Sandeep Das,2025-04-03T05:04:38.193557,True
518,205,FY2024-25,Partially Meets Expectations,2.0,Demonstrates consistent execution and team work.,Needs to acquire digital skills and safety certifications.,Hardworking and reliable team member.,Arjun Verma,2025-02-21T05:04:38.193566,True
519,206,FY2024-25,Exceeds Expectations,4.0,Demonstrates consistent execution and team work.,Needs to acquire digital skills and safety certifications.,Hardworking and reliable team member.,Jyoti Mukherjee,2025-09-12T05:04:38.193577,True
520,206,FY2021-22,Exceeds Expectations,4.0,Demonstrates consistent execution and team work.,Needs to acquire digital skills and safety certifications.,Hardworking and reliable team member.,Sunita Choudhury,2024-08-15T05:04:38.193586,True
521,207,FY2022-23,Partially Meets Expectations,2.0,Demonstrates consistent execution and team work.,Needs to acquire digital skills and safety certifications.,Hardworking and reliable team member.,Dinesh Banerjee,2026-02-25T05:04:38.193597,True
522,207,FY2023-24,Partially Meets Expectations,2.0,Demonstrates consistent execution and team work.,Needs to acquire digital skills and safety certifications.,Hardworking and reliable team member.,Rohan Patel,2024-08-27T05:04:38.193607,True
523,207,FY2021-22,Exceeds Expectations,4.0,Demonstrates consistent execution and team work.,Needs to acquire digital skills and safety certifications.,Hardworking and reliable team member.,Meera Prasad,2025-12-17T05:04:38.193616,True
524,208,FY2021-22,Exceptional,5.0,Demonstrates consistent execution and team work.,Needs to acquire digital skills and safety certifications.,Hardworking and reliable team member.,Ananya Choudhury,2026-03-19T05:04:38.193627,True
525,208,FY2023-24,Partially Meets Expectations,2.0,Demonstrates consistent execution and team work.,Needs to acquire digital skills and safety certifications.,Hardworking and reliable team member.,Deepa Joshi,2025-06-30T05:04:38.193637,True
526,208,FY2025-26,Exceptional,5.0,Demonstrates consistent execution and team work.,Needs to acquire digital skills and safety certifications.,Hardworking and reliable team member.,Pranav Gupta,2026-04-27T05:04:38.193646,True
527,209,FY2025-26,Exceptional,5.0,Demonstrates consistent execution and team work.,Needs to acquire digital skills and safety certifications.,Hardworking and reliable team member.,Kailash Chatterjee,2025-07-31T05:04:38.193659,True
528,209,FY2022-23,Partially Meets Expectations,2.0,Demonstrates consistent execution and team work.,Needs to acquire digital skills and safety certifications.,Hardworking and reliable team member.,Karan Singh,2025-08-22T05:04:38.193668,True
529,210,FY2023-24,Exceeds Expectations,4.0,Demonstrates consistent execution and team work.,Needs to acquire digital skills and safety certifications.,Hardworking and reliable team member.,Rohan Pandey,2024-10-20T05:04:38.193679,True
530,210,FY2021-22,Exceeds Expectations,4.0,Demonstrates consistent execution and team work.,Needs to acquire digital skills and safety certifications.,Hardworking and reliable team member.,Nikhil Reddy,2025-02-17T05:04:38.193688,True
531,211,FY2023-24,Exceptional,5.0,Demonstrates consistent execution and team work.,Needs to acquire digital skills and safety certifications.,Hardworking and reliable team member.,Jagdish Dubey,2025-01-21T05:04:38.193700,True
532,211,FY2025-26,Exceeds Expectations,4.0,Demonstrates consistent execution and team work.,Needs to acquire digital skills and safety certifications.,Hardworking and reliable team member.,Deepa Mitra,2025-11-30T05:04:38.193709,True
533,212,FY2024-25,Meets Expectations,3.0,Demonstrates consistent execution and team work.,Needs to acquire digital skills and safety certifications.,Hardworking and reliable team member.,Meera Roy,2026-06-22T05:04:38.193720,True
534,212,FY2021-22,Meets Expectations,3.0,Demonstrates consistent execution and team work.,Needs to acquire digital skills and safety certifications.,Hardworking and reliable team member.,Vijay Ghosh,2025-08-02T05:04:38.193729,True
535,212,FY2025-26,Partially Meets Expectations,2.0,Demonstrates consistent execution and team work.,Needs to acquire digital skills and safety certifications.,Hardworking and reliable team member.,Jay Singh,2025-02-12T05:04:38.193739,True
536,213,FY2024-25,Partially Meets Expectations,2.0,Demonstrates consistent execution and team work.,Needs to acquire digital skills and safety certifications.,Hardworking and reliable team member.,Rahul Choudhury,2025-01-25T05:04:38.193750,True
537,213,FY2022-23,Exceeds Expectations,4.0,Demonstrates consistent execution and team work.,Needs to acquire digital skills and safety certifications.,Hardworking and reliable team member.,Amit Reddy,2026-01-28T05:04:38.193759,True
538,214,FY2022-23,Partially Meets Expectations,2.0,Demonstrates consistent execution and team work.,Needs to acquire digital skills and safety certifications.,Hardworking and reliable team member.,Suresh Ghosh,2025-09-27T05:04:38.193770,True
539,214,FY2025-26,Exceeds Expectations,4.0,Demonstrates consistent execution and team work.,Needs to acquire digital skills and safety certifications.,Hardworking and reliable team member.,Kiran Reddy,2026-04-21T05:04:38.193780,True
540,215,FY2024-25,Meets Expectations,3.0,Demonstrates consistent execution and team work.,Needs to acquire digital skills and safety certifications.,Hardworking and reliable team member.,Rajesh Dutta,2025-08-14T05:04:38.193790,True
541,215,FY2022-23,Exceeds Expectations,4.0,Demonstrates consistent execution and team work.,Needs to acquire digital skills and safety certifications.,Hardworking and reliable team member.,Madhav Dutta,2026-01-22T05:04:38.193799,True
542,216,FY2022-23,Partially Meets Expectations,2.0,Demonstrates consistent execution and team work.,Needs to acquire digital skills and safety certifications.,Hardworking and reliable team member.,Jay Tripathi,2026-06-09T05:04:38.193810,True
543,216,FY2021-22,Exceeds Expectations,4.0,Demonstrates consistent execution and team work.,Needs to acquire digital skills and safety certifications.,Hardworking and reliable team member.,Nikhil Singh,2026-01-30T05:04:38.193819,True
544,217,FY2023-24,Exceeds Expectations,4.0,Demonstrates consistent execution and team work.,Needs to acquire digital skills and safety certifications.,Hardworking and reliable team member.,Sandeep Dubey,2024-11-26T05:04:38.193830,True
545,217,FY2021-22,Meets Expectations,3.0,Demonstrates consistent execution and team work.,Needs to acquire digital skills and safety certifications.,Hardworking and reliable team member.,Bhaskar Banerjee,2025-07-14T05:04:38.193841,True
546,218,FY2022-23,Exceptional,5.0,Demonstrates consistent execution and team work.,Needs to acquire digital skills and safety certifications.,Hardworking and reliable team member.,Alok Sharma,2025-07-16T05:04:38.193851,True
547,218,FY2025-26,Partially Meets Expectations,2.0,Demonstrates consistent execution and team work.,Needs to acquire digital skills and safety certifications.,Hardworking and reliable team member.,Kailash Mishra,2026-01-21T05:04:38.193860,True
548,218,FY2024-25,Meets Expectations,3.0,Demonstrates consistent execution and team work.,Needs to acquire digital skills and safety certifications.,Hardworking and reliable team member.,Manish Nair,2025-04-30T05:04:38.193869,True
549,219,FY2024-25,Partially Meets Expectations,2.0,Demonstrates consistent execution and team work.,Needs to acquire digital skills and safety certifications.,Hardworking and reliable team member.,Vikram Prasad,2025-10-22T05:04:38.193880,True
550,219,FY2022-23,Partially Meets Expectations,2.0,Demonstrates consistent execution and team work.,Needs to acquire digital skills and safety certifications.,Hardworking and reliable team member.,Sunita Sen,2025-02-05T05:04:38.193890,True
551,219,FY2021-22,Partially Meets Expectations,2.0,Demonstrates consistent execution and team work.,Needs to acquire digital skills and safety certifications.,Hardworking and reliable team member.,Sunita Banerjee,2026-02-06T05:04:38.193899,True
552,220,FY2023-24,Meets Expectations,3.0,Demonstrates consistent execution and team work.,Needs to acquire digital skills and safety certifications.,Hardworking and reliable team member.,Ritu Singh,2025-03-27T05:04:38.193909,True
553,220,FY2022-23,Exceptional,5.0,Demonstrates consistent execution and team work.,Needs to acquire digital skills and safety certifications.,Hardworking and reliable team member.,Hari Prasad,2024-12-21T05:04:38.193918,True
554,221,FY2021-22,Exceeds Expectations,4.0,Demonstrates consistent execution and team work.,Needs to acquire digital skills and safety certifications.,Hardworking and reliable team member.,Narendra Reddy,2026-06-12T05:04:38.193929,True
555,221,FY2022-23,Meets Expectations,3.0,Demonstrates consistent execution and team work.,Needs to acquire digital skills and safety certifications.,Hardworking and reliable team member.,Sunita Yadav,2024-11-03T05:04:38.193939,True
556,222,FY2022-23,Partially Meets Expectations,2.0,Demonstrates consistent execution and team work.,Needs to acquire digital skills and safety certifications.,Hardworking and reliable team member.,Bhaskar Bose,2026-04-16T05:04:38.193951,True
557,222,FY2023-24,Exceptional,5.0,Demonstrates consistent execution and team work.,Needs to acquire digital skills and safety certifications.,Hardworking and reliable team member.,Dev Roy,2026-01-10T05:04:38.193960,True
558,223,FY2024-25,Partially Meets Expectations,2.0,Demonstrates consistent execution and team work.,Needs to acquire digital skills and safety certifications.,Hardworking and reliable team member.,Chandan Mehta,2025-09-18T05:04:38.193971,True
559,223,FY2021-22,Exceeds Expectations,4.0,Demonstrates consistent execution and team work.,Needs to acquire digital skills and safety certifications.,Hardworking and reliable team member.,Pooja Choudhury,2025-06-09T05:04:38.193981,True
560,223,FY2022-23,Exceeds Expectations,4.0,Demonstrates consistent execution and team work.,Needs to acquire digital skills and safety certifications.,Hardworking and reliable team member.,Deepa Tripathi,2025-10-31T05:04:38.193992,True
561,224,FY2024-25,Exceptional,5.0,Demonstrates consistent execution and team work.,Needs to acquire digital skills and safety certifications.,Hardworking and reliable team member.,Meera Ghosh,2025-02-02T05:04:38.194003,True
562,224,FY2021-22,Partially Meets Expectations,2.0,Demonstrates consistent execution and team work.,Needs to acquire digital skills and safety certifications.,Hardworking and reliable team member.,Dev Roy,2026-02-03T05:04:38.194012,True
563,224,FY2023-24,Meets Expectations,3.0,Demonstrates consistent execution and team work.,Needs to acquire digital skills and safety certifications.,Hardworking and reliable team member.,Hemant Pandey,2025-04-01T05:04:38.194021,True
564,225,FY2025-26,Partially Meets Expectations,2.0,Demonstrates consistent execution and team work.,Needs to acquire digital skills and safety certifications.,Hardworking and reliable team member.,Ritu Mishra,2025-01-26T05:04:38.194032,True
565,225,FY2022-23,Exceeds Expectations,4.0,Demonstrates consistent execution and team work.,Needs to acquire digital skills and safety certifications.,Hardworking and reliable team member.,Dev Rao,2026-01-03T05:04:38.194043,True
566,226,FY2025-26,Meets Expectations,3.0,Demonstrates consistent execution and team work.,Needs to acquire digital skills and safety certifications.,Hardworking and reliable team member.,Narendra Mitra,2025-11-15T05:04:38.194054,True
567,226,FY2024-25,Exceeds Expectations,4.0,Demonstrates consistent execution and team work.,Needs to acquire digital skills and safety certifications.,Hardworking and reliable team member.,Ganesh Singh,2025-05-25T05:04:38.194063,True
568,226,FY2023-24,Exceptional,5.0,Demonstrates consistent execution and team work.,Needs to acquire digital skills and safety certifications.,Hardworking and reliable team member.,Hari Dutta,2025-01-24T05:04:38.194072,True
569,227,FY2021-22,Exceptional,5.0,Demonstrates consistent execution and team work.,Needs to acquire digital skills and safety certifications.,Hardworking and reliable team member.,Dinesh Banerjee,2025-05-08T05:04:38.194083,True
570,227,FY2025-26,Meets Expectations,3.0,Demonstrates consistent execution and team work.,Needs to acquire digital skills and safety certifications.,Hardworking and reliable team member.,Meera Roy,2026-05-11T05:04:38.194092,True
571,227,FY2023-24,Partially Meets Expectations,2.0,Demonstrates consistent execution and team work.,Needs to acquire digital skills and safety certifications.,Hardworking and reliable team member.,Alok Tripathi,2025-07-09T05:04:38.194101,True
572,228,FY2025-26,Partially Meets Expectations,2.0,Demonstrates consistent execution and team work.,Needs to acquire digital skills and safety certifications.,Hardworking and reliable team member.,Alok Kumar,2025-01-15T05:04:38.194112,True
573,228,FY2024-25,Meets Expectations,3.0,Demonstrates consistent execution and team work.,Needs to acquire digital skills and safety certifications.,Hardworking and reliable team member.,Abhishek Verma,2025-06-30T05:04:38.194121,True
574,229,FY2022-23,Exceptional,5.0,Demonstrates consistent execution and team work.,Needs to acquire digital skills and safety certifications.,Hardworking and reliable team member.,Chandan Gupta,2025-10-01T05:04:38.194132,True
575,229,FY2024-25,Meets Expectations,3.0,Demonstrates consistent execution and team work.,Needs to acquire digital skills and safety certifications.,Hardworking and reliable team member.,Chandan Rao,2025-12-26T05:04:38.194143,True
576,229,FY2025-26,Exceeds Expectations,4.0,Demonstrates consistent execution and team work.,Needs to acquire digital skills and safety certifications.,Hardworking and reliable team member.,Ritu Rao,2025-04-03T05:04:38.194152,True
577,230,FY2021-22,Exceptional,5.0,Demonstrates consistent execution and team work.,Needs to acquire digital skills and safety certifications.,Hardworking and reliable team member.,Tanvi Sharma,2024-09-19T05:04:38.194163,True
578,230,FY2024-25,Exceptional,5.0,Demonstrates consistent execution and team work.,Needs to acquire digital skills and safety certifications.,Hardworking and reliable team member.,Jyoti Prasad,2025-04-05T05:04:38.194172,True
579,230,FY2023-24,Exceptional,5.0,Demonstrates consistent execution and team work.,Needs to acquire digital skills and safety certifications.,Hardworking and reliable team member.,Suresh Pandey,2026-01-22T05:04:38.194181,True
580,231,FY2022-23,Exceeds Expectations,4.0,Demonstrates consistent execution and team work.,Needs to acquire digital skills and safety certifications.,Hardworking and reliable team member.,Ashok Mukherjee,2025-01-03T05:04:38.194192,True
581,231,FY2023-24,Partially Meets Expectations,2.0,Demonstrates consistent execution and team work.,Needs to acquire digital skills and safety certifications.,Hardworking and reliable team member.,Deepa Choudhury,2025-01-20T05:04:38.194201,True
582,232,FY2023-24,Partially Meets Expectations,2.0,Demonstrates consistent execution and team work.,Needs to acquire digital skills and safety certifications.,Hardworking and reliable team member.,Pranav Rao,2024-11-16T05:04:38.194212,True
583,232,FY2025-26,Partially Meets Expectations,2.0,Demonstrates consistent execution and team work.,Needs to acquire digital skills and safety certifications.,Hardworking and reliable team member.,Aniket Singh,2024-08-30T05:04:38.194222,True
584,233,FY2023-24,Exceeds Expectations,4.0,Demonstrates consistent execution and team work.,Needs to acquire digital skills and safety certifications.,Hardworking and reliable team member.,Pranav Mishra,2025-04-19T05:04:38.194233,True
585,233,FY2021-22,Meets Expectations,3.0,Demonstrates consistent execution and team work.,Needs to acquire digital skills and safety certifications.,Hardworking and reliable team member.,Rahul Mehta,2025-05-22T05:04:38.194244,True
586,233,FY2022-23,Meets Expectations,3.0,Demonstrates consistent execution and team work.,Needs to acquire digital skills and safety certifications.,Hardworking and reliable team member.,Ananya Singh,2025-05-16T05:04:38.194253,True
587,234,FY2024-25,Exceptional,5.0,Demonstrates consistent execution and team work.,Needs to acquire digital skills and safety certifications.,Hardworking and reliable team member.,Rajesh Sinha,2025-10-27T05:04:38.194264,True
588,234,FY2025-26,Exceeds Expectations,4.0,Demonstrates consistent execution and team work.,Needs to acquire digital skills and safety certifications.,Hardworking and reliable team member.,Sanjay Kumar,2025-09-04T05:04:38.194273,True
589,235,FY2023-24,Meets Expectations,3.0,Demonstrates consistent execution and team work.,Needs to acquire digital skills and safety certifications.,Hardworking and reliable team member.,Karan Mehta,2025-08-10T05:04:38.194284,True
590,235,FY2021-22,Exceptional,5.0,Demonstrates consistent execution and team work.,Needs to acquire digital skills and safety certifications.,Hardworking and reliable team member.,Alok Mukherjee,2025-11-29T05:04:38.194292,True
591,236,FY2025-26,Meets Expectations,3.0,Demonstrates consistent execution and team work.,Needs to acquire digital skills and safety certifications.,Hardworking and reliable team member.,Sita Ghosh,2026-05-04T05:04:38.194304,True
592,236,FY2021-22,Exceeds Expectations,4.0,Demonstrates consistent execution and team work.,Needs to acquire digital skills and safety certifications.,Hardworking and reliable team member.,Kailash Mehta,2025-03-16T05:04:38.194313,True
593,237,FY2025-26,Meets Expectations,3.0,Demonstrates consistent execution and team work.,Needs to acquire digital skills and safety certifications.,Hardworking and reliable team member.,Nikhil Prasad,2025-07-09T05:04:38.194325,True
594,237,FY2022-23,Meets Expectations,3.0,Demonstrates consistent execution and team work.,Needs to acquire digital skills and safety certifications.,Hardworking and reliable team member.,Ananya Patel,2025-01-26T05:04:38.194335,True
595,238,FY2021-22,Partially Meets Expectations,2.0,Demonstrates consistent execution and team work.,Needs to acquire digital skills and safety certifications.,Hardworking and reliable team member.,Pooja Mehta,2025-12-06T05:04:38.194347,True
596,238,FY2022-23,Meets Expectations,3.0,Demonstrates consistent execution and team work.,Needs to acquire digital skills and safety certifications.,Hardworking and reliable team member.,Gopal Verma,2025-09-09T05:04:38.194356,True
597,238,FY2023-24,Meets Expectations,3.0,Demonstrates consistent execution and team work.,Needs to acquire digital skills and safety certifications.,Hardworking and reliable team member.,Jagdish Mitra,2026-01-08T05:04:38.194365,True
598,239,FY2023-24,Meets Expectations,3.0,Demonstrates consistent execution and team work.,Needs to acquire digital skills and safety certifications.,Hardworking and reliable team member.,Aarav Dutta,2024-10-06T05:04:38.194376,True
599,239,FY2025-26,Exceeds Expectations,4.0,Demonstrates consistent execution and team work.,Needs to acquire digital skills and safety certifications.,Hardworking and reliable team member.,Sita Nair,2025-08-18T05:04:38.194385,True
600,240,FY2022-23,Meets Expectations,3.0,Demonstrates consistent execution and team work.,Needs to acquire digital skills and safety certifications.,Hardworking and reliable team member.,Yash Patel,2025-12-16T05:04:38.194396,True
601,240,FY2021-22,Meets Expectations,3.0,Demonstrates consistent execution and team work.,Needs to acquire digital skills and safety certifications.,Hardworking and reliable team member.,Aniket Pandey,2025-01-13T05:04:38.194405,True
602,240,FY2024-25,Meets Expectations,3.0,Demonstrates consistent execution and team work.,Needs to acquire digital skills and safety certifications.,Hardworking and reliable team member.,Ananya Dubey,2025-08-15T05:04:38.194414,True
603,241,FY2025-26,Meets Expectations,3.0,Demonstrates consistent execution and team work.,Needs to acquire digital skills and safety certifications.,Hardworking and reliable team member.,Suresh Kumar,2024-10-23T05:04:38.194425,True
604,241,FY2023-24,Meets Expectations,3.0,Demonstrates consistent execution and team work.,Needs to acquire digital skills and safety certifications.,Hardworking and reliable team member.,Suresh Tripathi,2026-03-24T05:04:38.194434,True
605,242,FY2024-25,Exceptional,5.0,Demonstrates consistent execution and team work.,Needs to acquire digital skills and safety certifications.,Hardworking and reliable team member.,Pranav Mehta,2025-05-17T05:04:38.194447,True
606,242,FY2021-22,Partially Meets Expectations,2.0,Demonstrates consistent execution and team work.,Needs to acquire digital skills and safety certifications.,Hardworking and reliable team member.,Kailash Kumar,2026-07-04T05:04:38.194456,True
607,242,FY2023-24,Meets Expectations,3.0,Demonstrates consistent execution and team work.,Needs to acquire digital skills and safety certifications.,Hardworking and reliable team member.,Dinesh Choudhury,2024-12-04T05:04:38.194465,True
608,243,FY2025-26,Meets Expectations,3.0,Demonstrates consistent execution and team work.,Needs to acquire digital skills and safety certifications.,Hardworking and reliable team member.,Amit Dubey,2025-10-07T05:04:38.194476,True
609,243,FY2021-22,Meets Expectations,3.0,Demonstrates consistent execution and team work.,Needs to acquire digital skills and safety certifications.,Hardworking and reliable team member.,Jagdish Nair,2025-03-28T05:04:38.194485,True
610,244,FY2025-26,Partially Meets Expectations,2.0,Demonstrates consistent execution and team work.,Needs to acquire digital skills and safety certifications.,Hardworking and reliable team member.,Gopal Banerjee,2025-12-30T05:04:38.194496,True
611,244,FY2021-22,Exceptional,5.0,Demonstrates consistent execution and team work.,Needs to acquire digital skills and safety certifications.,Hardworking and reliable team member.,Aniket Joshi,2026-06-06T05:04:38.194506,True
612,245,FY2022-23,Meets Expectations,3.0,Demonstrates consistent execution and team work.,Needs to acquire digital skills and safety certifications.,Hardworking and reliable team member.,Aarav Prasad,2025-10-14T05:04:38.194517,True
613,245,FY2024-25,Meets Expectations,3.0,Demonstrates consistent execution and team work.,Needs to acquire digital skills and safety certifications.,Hardworking and reliable team member.,Pranav Gupta,2025-05-23T05:04:38.194527,True
614,246,FY2023-24,Exceeds Expectations,4.0,Demonstrates consistent execution and team work.,Needs to acquire digital skills and safety certifications.,Hardworking and reliable team member.,Aarav Choudhury,2024-09-04T05:04:38.194538,True
615,246,FY2021-22,Meets Expectations,3.0,Demonstrates consistent execution and team work.,Needs to acquire digital skills and safety certifications.,Hardworking and reliable team member.,Abhishek Pandey,2025-08-16T05:04:38.194548,True
616,247,FY2021-22,Partially Meets Expectations,2.0,Demonstrates consistent execution and team work.,Needs to acquire digital skills and safety certifications.,Hardworking and reliable team member.,Aditya Dubey,2025-12-24T05:04:38.194560,True
617,247,FY2024-25,Partially Meets Expectations,2.0,Demonstrates consistent execution and team work.,Needs to acquire digital skills and safety certifications.,Hardworking and reliable team member.,Vijay Mehta,2026-01-08T05:04:38.194569,True
618,247,FY2022-23,Partially Meets Expectations,2.0,Demonstrates consistent execution and team work.,Needs to acquire digital skills and safety certifications.,Hardworking and reliable team member.,Pooja Pandey,2025-12-28T05:04:38.194578,True
619,248,FY2024-25,Exceptional,5.0,Demonstrates consistent execution and team work.,Needs to acquire digital skills and safety certifications.,Hardworking and reliable team member.,Ritu Sinha,2026-07-07T05:04:38.194589,True
620,248,FY2021-22,Exceeds Expectations,4.0,Demonstrates consistent execution and team work.,Needs to acquire digital skills and safety certifications.,Hardworking and reliable team member.,Madhav Mishra,2024-08-18T05:04:38.194598,True
621,248,FY2023-24,Partially Meets Expectations,2.0,Demonstrates consistent execution and team work.,Needs to acquire digital skills and safety certifications.,Hardworking and reliable team member.,Amit Gupta,2025-04-23T05:04:38.194607,True
622,249,FY2021-22,Partially Meets Expectations,2.0,Demonstrates consistent execution and team work.,Needs to acquire digital skills and safety certifications.,Hardworking and reliable team member.,Yash Tripathi,2024-11-12T05:04:38.194619,True
623,249,FY2024-25,Exceptional,5.0,Demonstrates consistent execution and team work.,Needs to acquire digital skills and safety certifications.,Hardworking and reliable team member.,Pranav Dubey,2024-08-25T05:04:38.194628,True
624,249,FY2023-24,Exceeds Expectations,4.0,Demonstrates consistent execution and team work.,Needs to acquire digital skills and safety certifications.,Hardworking and reliable team member.,Rajesh Banerjee,2025-11-23T05:04:38.194637,True
625,250,FY2022-23,Exceeds Expectations,4.0,Demonstrates consistent execution and team work.,Needs to acquire digital skills and safety certifications.,Hardworking and reliable team member.,Rohan Sharma,2025-03-12T05:04:38.194651,True
626,250,FY2021-22,Exceeds Expectations,4.0,Demonstrates consistent execution and team work.,Needs to acquire digital skills and safety certifications.,Hardworking and reliable team member.,Alok Sinha,2026-05-10T05:04:38.194660,True
627,251,FY2022-23,Meets Expectations,3.0,Demonstrates consistent execution and team work.,Needs to acquire digital skills and safety certifications.,Hardworking and reliable team member.,Aarav Singh,2025-04-05T05:04:38.194672,True
628,251,FY2025-26,Exceeds Expectations,4.0,Demonstrates consistent execution and team work.,Needs to acquire digital skills and safety certifications.,Hardworking and reliable team member.,Tanvi Dubey,2025-02-12T05:04:38.194681,True
629,251,FY2023-24,Meets Expectations,3.0,Demonstrates consistent execution and team work.,Needs to acquire digital skills and safety certifications.,Hardworking and reliable team member.,Arjun Prasad,2025-08-05T05:04:38.194692,True
630,252,FY2022-23,Partially Meets Expectations,2.0,Demonstrates consistent execution and team work.,Needs to acquire digital skills and safety certifications.,Hardworking and reliable team member.,Karan Nair,2025-04-30T05:04:38.194704,True
631,252,FY2024-25,Meets Expectations,3.0,Demonstrates consistent execution and team work.,Needs to acquire digital skills and safety certifications.,Hardworking and reliable team member.,Madhav Mehta,2026-07-07T05:04:38.194713,True
632,252,FY2025-26,Partially Meets Expectations,2.0,Demonstrates consistent execution and team work.,Needs to acquire digital skills and safety certifications.,Hardworking and reliable team member.,Sita Verma,2025-11-04T05:04:38.194723,True
633,253,FY2022-23,Meets Expectations,3.0,Demonstrates consistent execution and team work.,Needs to acquire digital skills and safety certifications.,Hardworking and reliable team member.,Ganesh Chatterjee,2026-01-04T05:04:38.194734,True
634,253,FY2021-22,Partially Meets Expectations,2.0,Demonstrates consistent execution and team work.,Needs to acquire digital skills and safety certifications.,Hardworking and reliable team member.,Arjun Yadav,2026-06-15T05:04:38.194743,True
635,253,FY2025-26,Exceeds Expectations,4.0,Demonstrates consistent execution and team work.,Needs to acquire digital skills and safety certifications.,Hardworking and reliable team member.,Aarav Sinha,2025-08-01T05:04:38.194754,True
636,254,FY2024-25,Partially Meets Expectations,2.0,Demonstrates consistent execution and team work.,Needs to acquire digital skills and safety certifications.,Hardworking and reliable team member.,Aarav Pandey,2024-12-15T05:04:38.194765,True
637,254,FY2021-22,Meets Expectations,3.0,Demonstrates consistent execution and team work.,Needs to acquire digital skills and safety certifications.,Hardworking and reliable team member.,Pranav Ghosh,2024-09-26T05:04:38.194774,True
638,255,FY2023-24,Exceeds Expectations,4.0,Demonstrates consistent execution and team work.,Needs to acquire digital skills and safety certifications.,Hardworking and reliable team member.,Sita Sharma,2026-03-27T05:04:38.194785,True
639,255,FY2021-22,Meets Expectations,3.0,Demonstrates consistent execution and team work.,Needs to acquire digital skills and safety certifications.,Hardworking and reliable team member.,Tanvi Choudhury,2025-10-09T05:04:38.194794,True
640,256,FY2021-22,Exceptional,5.0,Demonstrates consistent execution and team work.,Needs to acquire digital skills and safety certifications.,Hardworking and reliable team member.,Tanvi Mukherjee,2024-10-21T05:04:38.194805,True
641,256,FY2022-23,Partially Meets Expectations,2.0,Demonstrates consistent execution and team work.,Needs to acquire digital skills and safety certifications.,Hardworking and reliable team member.,Ramesh Joshi,2024-10-03T05:04:38.194815,True
642,257,FY2024-25,Exceptional,5.0,Demonstrates consistent execution and team work.,Needs to acquire digital skills and safety certifications.,Hardworking and reliable team member.,Aniket Sharma,2025-11-29T05:04:38.194827,True
643,257,FY2025-26,Exceeds Expectations,4.0,Demonstrates consistent execution and team work.,Needs to acquire digital skills and safety certifications.,Hardworking and reliable team member.,Vikram Dubey,2024-10-24T05:04:38.194836,True
644,257,FY2023-24,Partially Meets Expectations,2.0,Demonstrates consistent execution and team work.,Needs to acquire digital skills and safety certifications.,Hardworking and reliable team member.,Aditya Banerjee,2026-06-01T05:04:38.194845,True
645,258,FY2024-25,Partially Meets Expectations,2.0,Demonstrates consistent execution and team work.,Needs to acquire digital skills and safety certifications.,Hardworking and reliable team member.,Aditya Prasad,2024-10-03T05:04:38.194858,True
646,258,FY2023-24,Meets Expectations,3.0,Demonstrates consistent execution and team work.,Needs to acquire digital skills and safety certifications.,Hardworking and reliable team member.,Yash Kumar,2024-09-04T05:04:38.194867,True
647,258,FY2025-26,Exceeds Expectations,4.0,Demonstrates consistent execution and team work.,Needs to acquire digital skills and safety certifications.,Hardworking and reliable team member.,Pranav Rao,2025-10-18T05:04:38.194876,True
648,259,FY2022-23,Meets Expectations,3.0,Demonstrates consistent execution and team work.,Needs to acquire digital skills and safety certifications.,Hardworking and reliable team member.,Ganesh Choudhury,2026-01-22T05:04:38.194887,True
649,259,FY2025-26,Meets Expectations,3.0,Demonstrates consistent execution and team work.,Needs to acquire digital skills and safety certifications.,Hardworking and reliable team member.,Kiran Gupta,2024-09-10T05:04:38.194896,True
650,259,FY2021-22,Partially Meets Expectations,2.0,Demonstrates consistent execution and team work.,Needs to acquire digital skills and safety certifications.,Hardworking and reliable team member.,Deepa Yadav,2025-07-07T05:04:38.194905,True
651,260,FY2025-26,Exceptional,5.0,Demonstrates consistent execution and team work.,Needs to acquire digital skills and safety certifications.,Hardworking and reliable team member.,Ramesh Pandey,2026-05-29T05:04:38.194917,True
652,260,FY2022-23,Partially Meets Expectations,2.0,Demonstrates consistent execution and team work.,Needs to acquire digital skills and safety certifications.,Hardworking and reliable team member.,Rahul Chatterjee,2024-09-05T05:04:38.194926,True
653,260,FY2021-22,Exceeds Expectations,4.0,Demonstrates consistent execution and team work.,Needs to acquire digital skills and safety certifications.,Hardworking and reliable team member.,Karan Reddy,2026-06-25T05:04:38.194935,True
654,261,FY2023-24,Exceeds Expectations,4.0,Demonstrates consistent execution and team work.,Needs to acquire digital skills and safety certifications.,Hardworking and reliable team member.,Vijay Dutta,2025-05-04T05:04:38.194946,True
655,261,FY2021-22,Exceptional,5.0,Demonstrates consistent execution and team work.,Needs to acquire digital skills and safety certifications.,Hardworking and reliable team member.,Vijay Das,2026-03-25T05:04:38.194956,True
656,262,FY2022-23,Meets Expectations,3.0,Demonstrates consistent execution and team work.,Needs to acquire digital skills and safety certifications.,Hardworking and reliable team member.,Gopal Banerjee,2025-05-20T05:04:38.194969,True
657,262,FY2025-26,Partially Meets Expectations,2.0,Demonstrates consistent execution and team work.,Needs to acquire digital skills and safety certifications.,Hardworking and reliable team member.,Gopal Dubey,2025-07-05T05:04:38.194978,True
658,262,FY2021-22,Exceeds Expectations,4.0,Demonstrates consistent execution and team work.,Needs to acquire digital skills and safety certifications.,Hardworking and reliable team member.,Karan Banerjee,2024-10-08T05:04:38.194987,True
659,263,FY2024-25,Exceeds Expectations,4.0,Demonstrates consistent execution and team work.,Needs to acquire digital skills and safety certifications.,Hardworking and reliable team member.,Deepa Chatterjee,2025-09-16T05:04:38.194999,True
660,263,FY2023-24,Exceeds Expectations,4.0,Demonstrates consistent execution and team work.,Needs to acquire digital skills and safety certifications.,Hardworking and reliable team member.,Arjun Reddy,2025-07-17T05:04:38.195008,True
661,263,FY2022-23,Meets Expectations,3.0,Demonstrates consistent execution and team work.,Needs to acquire digital skills and safety certifications.,Hardworking and reliable team member.,Ritu Sinha,2026-03-25T05:04:38.195018,True
662,264,FY2021-22,Meets Expectations,3.0,Demonstrates consistent execution and team work.,Needs to acquire digital skills and safety certifications.,Hardworking and reliable team member.,Chandan Sharma,2026-01-20T05:04:38.195029,True
663,264,FY2022-23,Exceeds Expectations,4.0,Demonstrates consistent execution and team work.,Needs to acquire digital skills and safety certifications.,Hardworking and reliable team member.,Rohan Bose,2025-01-07T05:04:38.195038,True
664,265,FY2025-26,Exceeds Expectations,4.0,Demonstrates consistent execution and team work.,Needs to acquire digital skills and safety certifications.,Hardworking and reliable team member.,Chandan Choudhury,2025-05-05T05:04:38.195050,True
665,265,FY2024-25,Exceptional,5.0,Demonstrates consistent execution and team work.,Needs to acquire digital skills and safety certifications.,Hardworking and reliable team member.,Vikram Banerjee,2024-08-31T05:04:38.195060,True
666,265,FY2023-24,Meets Expectations,3.0,Demonstrates consistent execution and team work.,Needs to acquire digital skills and safety certifications.,Hardworking and reliable team member.,Sita Sen,2024-12-09T05:04:38.195069,True
667,266,FY2023-24,Meets Expectations,3.0,Demonstrates consistent execution and team work.,Needs to acquire digital skills and safety certifications.,Hardworking and reliable team member.,Karan Tripathi,2025-01-08T05:04:38.195080,True
668,266,FY2024-25,Exceptional,5.0,Demonstrates consistent execution and team work.,Needs to acquire digital skills and safety certifications.,Hardworking and reliable team member.,Ashok Verma,2024-09-06T05:04:38.195090,True
669,266,FY2021-22,Exceptional,5.0,Demonstrates consistent execution and team work.,Needs to acquire digital skills and safety certifications.,Hardworking and reliable team member.,Tanvi Bose,2026-06-29T05:04:38.195099,True
670,267,FY2021-22,Meets Expectations,3.0,Demonstrates consistent execution and team work.,Needs to acquire digital skills and safety certifications.,Hardworking and reliable team member.,Suresh Banerjee,2024-10-20T05:04:38.195110,True
671,267,FY2025-26,Exceptional,5.0,Demonstrates consistent execution and team work.,Needs to acquire digital skills and safety certifications.,Hardworking and reliable team member.,Hemant Bose,2026-04-25T05:04:38.195119,True
672,267,FY2022-23,Exceeds Expectations,4.0,Demonstrates consistent execution and team work.,Needs to acquire digital skills and safety certifications.,Hardworking and reliable team member.,Narendra Chatterjee,2025-04-16T05:04:38.195128,True
673,268,FY2022-23,Exceeds Expectations,4.0,Demonstrates consistent execution and team work.,Needs to acquire digital skills and safety certifications.,Hardworking and reliable team member.,Ashok Gupta,2024-12-24T05:04:38.195139,True
674,268,FY2025-26,Exceptional,5.0,Demonstrates consistent execution and team work.,Needs to acquire digital skills and safety certifications.,Hardworking and reliable team member.,Alok Pandey,2026-03-03T05:04:38.195149,True
675,268,FY2024-25,Exceeds Expectations,4.0,Demonstrates consistent execution and team work.,Needs to acquire digital skills and safety certifications.,Hardworking and reliable team member.,Ananya Singh,2024-10-01T05:04:38.195159,True
676,269,FY2025-26,Meets Expectations,3.0,Demonstrates consistent execution and team work.,Needs to acquire digital skills and safety certifications.,Hardworking and reliable team member.,Meera Gupta,2025-10-13T05:04:38.195171,True
677,269,FY2022-23,Exceeds Expectations,4.0,Demonstrates consistent execution and team work.,Needs to acquire digital skills and safety certifications.,Hardworking and reliable team member.,Hari Reddy,2026-02-22T05:04:38.195180,True
678,269,FY2023-24,Exceptional,5.0,Demonstrates consistent execution and team work.,Needs to acquire digital skills and safety certifications.,Hardworking and reliable team member.,Nikhil Mitra,2025-03-26T05:04:38.195189,True
679,270,FY2021-22,Exceeds Expectations,4.0,Demonstrates consistent execution and team work.,Needs to acquire digital skills and safety certifications.,Hardworking and reliable team member.,Narendra Tripathi,2025-09-02T05:04:38.195200,True
680,270,FY2022-23,Meets Expectations,3.0,Demonstrates consistent execution and team work.,Needs to acquire digital skills and safety certifications.,Hardworking and reliable team member.,Hari Singh,2025-06-10T05:04:38.195209,True
681,271,FY2022-23,Partially Meets Expectations,2.0,Demonstrates consistent execution and team work.,Needs to acquire digital skills and safety certifications.,Hardworking and reliable team member.,Ashok Prasad,2025-12-22T05:04:38.195219,True
682,271,FY2024-25,Partially Meets Expectations,2.0,Demonstrates consistent execution and team work.,Needs to acquire digital skills and safety certifications.,Hardworking and reliable team member.,Kailash Gupta,2025-02-13T05:04:38.195228,True
683,272,FY2023-24,Exceptional,5.0,Demonstrates consistent execution and team work.,Needs to acquire digital skills and safety certifications.,Hardworking and reliable team member.,Manish Ghosh,2026-03-30T05:04:38.195239,True
684,272,FY2022-23,Partially Meets Expectations,2.0,Demonstrates consistent execution and team work.,Needs to acquire digital skills and safety certifications.,Hardworking and reliable team member.,Deepa Choudhury,2026-05-06T05:04:38.195248,True
685,273,FY2024-25,Exceptional,5.0,Demonstrates consistent execution and team work.,Needs to acquire digital skills and safety certifications.,Hardworking and reliable team member.,Pooja Dutta,2026-02-07T05:04:38.195265,True
686,273,FY2021-22,Exceptional,5.0,Demonstrates consistent execution and team work.,Needs to acquire digital skills and safety certifications.,Hardworking and reliable team member.,Rahul Dubey,2025-11-06T05:04:38.195275,True
687,274,FY2024-25,Meets Expectations,3.0,Demonstrates consistent execution and team work.,Needs to acquire digital skills and safety certifications.,Hardworking and reliable team member.,Aniket Yadav,2024-10-18T05:04:38.195287,True
688,274,FY2023-24,Exceptional,5.0,Demonstrates consistent execution and team work.,Needs to acquire digital skills and safety certifications.,Hardworking and reliable team member.,Rahul Mitra,2024-09-20T05:04:38.195296,True
689,275,FY2021-22,Meets Expectations,3.0,Demonstrates consistent execution and team work.,Needs to acquire digital skills and safety certifications.,Hardworking and reliable team member.,Bhaskar Dubey,2026-06-03T05:04:38.195309,True
690,275,FY2024-25,Exceptional,5.0,Demonstrates consistent execution and team work.,Needs to acquire digital skills and safety certifications.,Hardworking and reliable team member.,Narendra Reddy,2026-03-29T05:04:38.195318,True
691,276,FY2022-23,Exceeds Expectations,4.0,Demonstrates consistent execution and team work.,Needs to acquire digital skills and safety certifications.,Hardworking and reliable team member.,Manish Verma,2025-06-10T05:04:38.195329,True
692,276,FY2021-22,Exceptional,5.0,Demonstrates consistent execution and team work.,Needs to acquire digital skills and safety certifications.,Hardworking and reliable team member.,Deepa Joshi,2025-09-07T05:04:38.195338,True
693,277,FY2023-24,Partially Meets Expectations,2.0,Demonstrates consistent execution and team work.,Needs to acquire digital skills and safety certifications.,Hardworking and reliable team member.,Vikram Singh,2025-01-13T05:04:38.195349,True
694,277,FY2022-23,Exceeds Expectations,4.0,Demonstrates consistent execution and team work.,Needs to acquire digital skills and safety certifications.,Hardworking and reliable team member.,Chandan Choudhury,2026-01-23T05:04:38.195359,True
695,278,FY2021-22,Meets Expectations,3.0,Demonstrates consistent execution and team work.,Needs to acquire digital skills and safety certifications.,Hardworking and reliable team member.,Aditya Mukherjee,2026-02-13T05:04:38.195371,True
696,278,FY2025-26,Exceeds Expectations,4.0,Demonstrates consistent execution and team work.,Needs to acquire digital skills and safety certifications.,Hardworking and reliable team member.,Hari Pandey,2025-06-30T05:04:38.195381,True
697,279,FY2025-26,Exceeds Expectations,4.0,Demonstrates consistent execution and team work.,Needs to acquire digital skills and safety certifications.,Hardworking and reliable team member.,Neha Rao,2025-06-07T05:04:38.195392,True
698,279,FY2022-23,Partially Meets Expectations,2.0,Demonstrates consistent execution and team work.,Needs to acquire digital skills and safety certifications.,Hardworking and reliable team member.,Arjun Yadav,2025-07-22T05:04:38.195401,True
699,279,FY2023-24,Exceptional,5.0,Demonstrates consistent execution and team work.,Needs to acquire digital skills and safety certifications.,Hardworking and reliable team member.,Arjun Gupta,2026-04-26T05:04:38.195410,True
700,280,FY2023-24,Partially Meets Expectations,2.0,Demonstrates consistent execution and team work.,Needs to acquire digital skills and safety certifications.,Hardworking and reliable team member.,Narendra Banerjee,2024-12-15T05:04:38.195421,True
701,280,FY2025-26,Exceeds Expectations,4.0,Demonstrates consistent execution and team work.,Needs to acquire digital skills and safety certifications.,Hardworking and reliable team member.,Pankaj Sinha,2024-08-24T05:04:38.195430,True
702,281,FY2021-22,Exceptional,5.0,Demonstrates consistent execution and team work.,Needs to acquire digital skills and safety certifications.,Hardworking and reliable team member.,Pranav Patel,2026-01-22T05:04:38.195441,True
703,281,FY2022-23,Meets Expectations,3.0,Demonstrates consistent execution and team work.,Needs to acquire digital skills and safety certifications.,Hardworking and reliable team member.,Yash Mitra,2025-06-30T05:04:38.195450,True
704,282,FY2022-23,Meets Expectations,3.0,Demonstrates consistent execution and team work.,Needs to acquire digital skills and safety certifications.,Hardworking and reliable team member.,Narendra Mishra,2025-01-12T05:04:38.195462,True
705,282,FY2024-25,Partially Meets Expectations,2.0,Demonstrates consistent execution and team work.,Needs to acquire digital skills and safety certifications.,Hardworking and reliable team member.,Ramesh Pandey,2025-10-28T05:04:38.195472,True
706,282,FY2021-22,Partially Meets Expectations,2.0,Demonstrates consistent execution and team work.,Needs to acquire digital skills and safety certifications.,Hardworking and reliable team member.,Meera Sharma,2025-02-17T05:04:38.195481,True
707,283,FY2021-22,Exceptional,5.0,Demonstrates consistent execution and team work.,Needs to acquire digital skills and safety certifications.,Hardworking and reliable team member.,Amit Kumar,2026-07-08T05:04:38.195492,True
708,283,FY2025-26,Exceptional,5.0,Demonstrates consistent execution and team work.,Needs to acquire digital skills and safety certifications.,Hardworking and reliable team member.,Jagdish Sen,2025-11-15T05:04:38.195502,True
709,283,FY2024-25,Meets Expectations,3.0,Demonstrates consistent execution and team work.,Needs to acquire digital skills and safety certifications.,Hardworking and reliable team member.,Rajesh Mukherjee,2025-09-09T05:04:38.195511,True
710,284,FY2023-24,Exceeds Expectations,4.0,Demonstrates consistent execution and team work.,Needs to acquire digital skills and safety certifications.,Hardworking and reliable team member.,Ganesh Patel,2025-03-28T05:04:38.195522,True
711,284,FY2024-25,Exceptional,5.0,Demonstrates consistent execution and team work.,Needs to acquire digital skills and safety certifications.,Hardworking and reliable team member.,Amit Sinha,2026-05-09T05:04:38.195531,True
712,284,FY2021-22,Partially Meets Expectations,2.0,Demonstrates consistent execution and team work.,Needs to acquire digital skills and safety certifications.,Hardworking and reliable team member.,Nikhil Choudhury,2026-05-19T05:04:38.195541,True
713,285,FY2021-22,Exceeds Expectations,4.0,Demonstrates consistent execution and team work.,Needs to acquire digital skills and safety certifications.,Hardworking and reliable team member.,Sanjay Roy,2025-02-21T05:04:38.195552,True
714,285,FY2024-25,Exceeds Expectations,4.0,Demonstrates consistent execution and team work.,Needs to acquire digital skills and safety certifications.,Hardworking and reliable team member.,Meera Tripathi,2026-03-20T05:04:38.195562,True
715,286,FY2023-24,Exceptional,5.0,Demonstrates consistent execution and team work.,Needs to acquire digital skills and safety certifications.,Hardworking and reliable team member.,Chandan Mitra,2025-06-04T05:04:38.195574,True
716,286,FY2021-22,Exceptional,5.0,Demonstrates consistent execution and team work.,Needs to acquire digital skills and safety certifications.,Hardworking and reliable team member.,Gopal Mehta,2025-08-17T05:04:38.195584,True
717,287,FY2024-25,Partially Meets Expectations,2.0,Demonstrates consistent execution and team work.,Needs to acquire digital skills and safety certifications.,Hardworking and reliable team member.,Tanvi Tripathi,2025-09-09T05:04:38.195595,True
718,287,FY2022-23,Exceeds Expectations,4.0,Demonstrates consistent execution and team work.,Needs to acquire digital skills and safety certifications.,Hardworking and reliable team member.,Amit Dubey,2026-04-26T05:04:38.195604,True
719,287,FY2021-22,Partially Meets Expectations,2.0,Demonstrates consistent execution and team work.,Needs to acquire digital skills and safety certifications.,Hardworking and reliable team member.,Jyoti Singh,2025-07-15T05:04:38.195613,True
720,288,FY2021-22,Partially Meets Expectations,2.0,Demonstrates consistent execution and team work.,Needs to acquire digital skills and safety certifications.,Hardworking and reliable team member.,Rohan Choudhury,2024-10-21T05:04:38.195626,True
721,288,FY2024-25,Meets Expectations,3.0,Demonstrates consistent execution and team work.,Needs to acquire digital skills and safety certifications.,Hardworking and reliable team member.,Alok Pandey,2024-08-19T05:04:38.195635,True
722,288,FY2023-24,Meets Expectations,3.0,Demonstrates consistent execution and team work.,Needs to acquire digital skills and safety certifications.,Hardworking and reliable team member.,Rohan Pandey,2025-07-06T05:04:38.195644,True
723,289,FY2024-25,Exceptional,5.0,Demonstrates consistent execution and team work.,Needs to acquire digital skills and safety certifications.,Hardworking and reliable team member.,Arjun Gupta,2024-11-28T05:04:38.195655,True
724,289,FY2021-22,Meets Expectations,3.0,Demonstrates consistent execution and team work.,Needs to acquire digital skills and safety certifications.,Hardworking and reliable team member.,Sanjay Nair,2026-04-05T05:04:38.195664,True
725,290,FY2022-23,Exceptional,5.0,Demonstrates consistent execution and team work.,Needs to acquire digital skills and safety certifications.,Hardworking and reliable team member.,Rohan Banerjee,2026-01-14T05:04:38.195676,True
726,290,FY2023-24,Exceeds Expectations,4.0,Demonstrates consistent execution and team work.,Needs to acquire digital skills and safety certifications.,Hardworking and reliable team member.,Pranav Kumar,2026-06-15T05:04:38.195686,True
727,291,FY2021-22,Meets Expectations,3.0,Demonstrates consistent execution and team work.,Needs to acquire digital skills and safety certifications.,Hardworking and reliable team member.,Vikram Sharma,2026-01-19T05:04:38.195697,True
728,291,FY2023-24,Exceptional,5.0,Demonstrates consistent execution and team work.,Needs to acquire digital skills and safety certifications.,Hardworking and reliable team member.,Abhishek Sinha,2026-02-23T05:04:38.195706,True
729,291,FY2022-23,Exceeds Expectations,4.0,Demonstrates consistent execution and team work.,Needs to acquire digital skills and safety certifications.,Hardworking and reliable team member.,Manish Joshi,2025-12-16T05:04:38.195715,True
730,292,FY2025-26,Exceptional,5.0,Demonstrates consistent execution and team work.,Needs to acquire digital skills and safety certifications.,Hardworking and reliable team member.,Chandan Ghosh,2025-03-15T05:04:38.195727,True
731,292,FY2021-22,Exceptional,5.0,Demonstrates consistent execution and team work.,Needs to acquire digital skills and safety certifications.,Hardworking and reliable team member.,Gopal Chatterjee,2025-01-21T05:04:38.195736,True
732,292,FY2024-25,Meets Expectations,3.0,Demonstrates consistent execution and team work.,Needs to acquire digital skills and safety certifications.,Hardworking and reliable team member.,Dinesh Bose,2025-06-20T05:04:38.195745,True
733,293,FY2024-25,Meets Expectations,3.0,Demonstrates consistent execution and team work.,Needs to acquire digital skills and safety certifications.,Hardworking and reliable team member.,Sunita Choudhury,2025-04-01T05:04:38.195756,True
734,293,FY2023-24,Exceeds Expectations,4.0,Demonstrates consistent execution and team work.,Needs to acquire digital skills and safety certifications.,Hardworking and reliable team member.,Alok Patel,2026-06-12T05:04:38.195766,True
735,294,FY2022-23,Meets Expectations,3.0,Demonstrates consistent execution and team work.,Needs to acquire digital skills and safety certifications.,Hardworking and reliable team member.,Ashok Mishra,2025-12-25T05:04:38.195778,True
736,294,FY2025-26,Exceptional,5.0,Demonstrates consistent execution and team work.,Needs to acquire digital skills and safety certifications.,Hardworking and reliable team member.,Vikram Dubey,2026-04-07T05:04:38.195787,True
737,295,FY2021-22,Exceptional,5.0,Demonstrates consistent execution and team work.,Needs to acquire digital skills and safety certifications.,Hardworking and reliable team member.,Jyoti Mitra,2025-09-05T05:04:38.195798,True
738,295,FY2023-24,Exceeds Expectations,4.0,Demonstrates consistent execution and team work.,Needs to acquire digital skills and safety certifications.,Hardworking and reliable team member.,Gopal Sen,2026-07-03T05:04:38.195807,True
739,296,FY2025-26,Partially Meets Expectations,2.0,Demonstrates consistent execution and team work.,Needs to acquire digital skills and safety certifications.,Hardworking and reliable team member.,Manish Das,2024-12-06T05:04:38.195819,True
740,296,FY2024-25,Meets Expectations,3.0,Demonstrates consistent execution and team work.,Needs to acquire digital skills and safety certifications.,Hardworking and reliable team member.,Vijay Verma,2026-01-06T05:04:38.195828,True
741,296,FY2021-22,Partially Meets Expectations,2.0,Demonstrates consistent execution and team work.,Needs to acquire digital skills and safety certifications.,Hardworking and reliable team member.,Meera Ghosh,2024-08-12T05:04:38.195837,True
742,297,FY2024-25,Partially Meets Expectations,2.0,Demonstrates consistent execution and team work.,Needs to acquire digital skills and safety certifications.,Hardworking and reliable team member.,Dinesh Choudhury,2025-11-25T05:04:38.195848,True
743,297,FY2023-24,Exceeds Expectations,4.0,Demonstrates consistent execution and team work.,Needs to acquire digital skills and safety certifications.,Hardworking and reliable team member.,Rahul Nair,2025-09-30T05:04:38.195857,True
744,298,FY2025-26,Exceptional,5.0,Demonstrates consistent execution and team work.,Needs to acquire digital skills and safety certifications.,Hardworking and reliable team member.,Alok Chatterjee,2025-09-28T05:04:38.195868,True
745,298,FY2021-22,Exceeds Expectations,4.0,Demonstrates consistent execution and team work.,Needs to acquire digital skills and safety certifications.,Hardworking and reliable team member.,Ramesh Roy,2025-08-07T05:04:38.195878,True
746,298,FY2023-24,Meets Expectations,3.0,Demonstrates consistent execution and team work.,Needs to acquire digital skills and safety certifications.,Hardworking and reliable team member.,Aditya Chatterjee,2026-07-07T05:04:38.195887,True
747,299,FY2024-25,Meets Expectations,3.0,Demonstrates consistent execution and team work.,Needs to acquire digital skills and safety certifications.,Hardworking and reliable team member.,Amit Gupta,2025-05-21T05:04:38.195898,True
748,299,FY2021-22,Exceptional,5.0,Demonstrates consistent execution and team work.,Needs to acquire digital skills and safety certifications.,Hardworking and reliable team member.,Hari Chatterjee,2025-06-18T05:04:38.195907,True
749,299,FY2022-23,Exceptional,5.0,Demonstrates consistent execution and team work.,Needs to acquire digital skills and safety certifications.,Hardworking and reliable team member.,Gopal Dubey,2025-03-18T05:04:38.195916,True
750,300,FY2021-22,Partially Meets Expectations,2.0,Demonstrates consistent execution and team work.,Needs to acquire digital skills and safety certifications.,Hardworking and reliable team member.,Karan Choudhury,2025-01-11T05:04:38.195927,True
751,300,FY2024-25,Partially Meets Expectations,2.0,Demonstrates consistent execution and team work.,Needs to acquire digital skills and safety certifications.,Hardworking and reliable team member.,Vijay Chatterjee,2025-01-24T05:04:38.195936,True
752,301,FY2021-22,Exceeds Expectations,4.0,Demonstrates consistent execution and team work.,Needs to acquire digital skills and safety certifications.,Hardworking and reliable team member.,Sita Ghosh,2025-05-29T05:04:38.195949,True
753,301,FY2022-23,Exceptional,5.0,Demonstrates consistent execution and team work.,Needs to acquire digital skills and safety certifications.,Hardworking and reliable team member.,Sanjay Dutta,2024-11-05T05:04:38.195958,True
754,301,FY2025-26,Meets Expectations,3.0,Demonstrates consistent execution and team work.,Needs to acquire digital skills and safety certifications.,Hardworking and reliable team member.,Ganesh Choudhury,2025-05-11T05:04:38.195967,True
755,302,FY2023-24,Partially Meets Expectations,2.0,Demonstrates consistent execution and team work.,Needs to acquire digital skills and safety certifications.,Hardworking and reliable team member.,Sanjay Prasad,2025-08-18T05:04:38.195981,True
756,302,FY2022-23,Partially Meets Expectations,2.0,Demonstrates consistent execution and team work.,Needs to acquire digital skills and safety certifications.,Hardworking and reliable team member.,Tanvi Roy,2025-04-01T05:04:38.195990,True
757,303,FY2022-23,Partially Meets Expectations,2.0,Demonstrates consistent execution and team work.,Needs to acquire digital skills and safety certifications.,Hardworking and reliable team member.,Gopal Sen,2025-06-22T05:04:38.196002,True
758,303,FY2025-26,Meets Expectations,3.0,Demonstrates consistent execution and team work.,Needs to acquire digital skills and safety certifications.,Hardworking and reliable team member.,Jyoti Chatterjee,2025-06-06T05:04:38.196011,True
759,304,FY2022-23,Meets Expectations,3.0,Demonstrates consistent execution and team work.,Needs to acquire digital skills and safety certifications.,Hardworking and reliable team member.,Aarav Tripathi,2025-11-14T05:04:38.196022,True
760,304,FY2025-26,Meets Expectations,3.0,Demonstrates consistent execution and team work.,Needs to acquire digital skills and safety certifications.,Hardworking and reliable team member.,Yash Sinha,2025-05-26T05:04:38.196031,True
761,304,FY2023-24,Exceeds Expectations,4.0,Demonstrates consistent execution and team work.,Needs to acquire digital skills and safety certifications.,Hardworking and reliable team member.,Pranav Roy,2025-07-13T05:04:38.196040,True
762,305,FY2024-25,Exceptional,5.0,Demonstrates consistent execution and team work.,Needs to acquire digital skills and safety certifications.,Hardworking and reliable team member.,Hemant Das,2026-04-21T05:04:38.196051,True
763,305,FY2022-23,Exceptional,5.0,Demonstrates consistent execution and team work.,Needs to acquire digital skills and safety certifications.,Hardworking and reliable team member.,Jyoti Verma,2025-03-04T05:04:38.196062,True
764,305,FY2025-26,Exceeds Expectations,4.0,Demonstrates consistent execution and team work.,Needs to acquire digital skills and safety certifications.,Hardworking and reliable team member.,Rajesh Dutta,2024-09-13T05:04:38.196071,True
765,306,FY2025-26,Meets Expectations,3.0,Demonstrates consistent execution and team work.,Needs to acquire digital skills and safety certifications.,Hardworking and reliable team member.,Suresh Sen,2026-07-02T05:04:38.196083,True
766,306,FY2022-23,Exceeds Expectations,4.0,Demonstrates consistent execution and team work.,Needs to acquire digital skills and safety certifications.,Hardworking and reliable team member.,Aniket Sinha,2025-05-10T05:04:38.196093,True
767,307,FY2022-23,Exceptional,5.0,Demonstrates consistent execution and team work.,Needs to acquire digital skills and safety certifications.,Hardworking and reliable team member.,Narendra Bose,2025-07-18T05:04:38.196104,True
768,307,FY2024-25,Meets Expectations,3.0,Demonstrates consistent execution and team work.,Needs to acquire digital skills and safety certifications.,Hardworking and reliable team member.,Pankaj Prasad,2026-06-09T05:04:38.196113,True
769,308,FY2023-24,Exceeds Expectations,4.0,Demonstrates consistent execution and team work.,Needs to acquire digital skills and safety certifications.,Hardworking and reliable team member.,Madhav Patel,2025-10-26T05:04:38.196124,True
770,308,FY2024-25,Exceptional,5.0,Demonstrates consistent execution and team work.,Needs to acquire digital skills and safety certifications.,Hardworking and reliable team member.,Sunita Gupta,2025-02-02T05:04:38.196133,True
771,309,FY2021-22,Exceptional,5.0,Demonstrates consistent execution and team work.,Needs to acquire digital skills and safety certifications.,Hardworking and reliable team member.,Nikhil Patel,2025-04-12T05:04:38.196144,True
772,309,FY2023-24,Exceeds Expectations,4.0,Demonstrates consistent execution and team work.,Needs to acquire digital skills and safety certifications.,Hardworking and reliable team member.,Vikram Prasad,2025-05-15T05:04:38.196153,True
773,309,FY2022-23,Meets Expectations,3.0,Demonstrates consistent execution and team work.,Needs to acquire digital skills and safety certifications.,Hardworking and reliable team member.,Pankaj Ghosh,2026-03-15T05:04:38.196162,True
774,310,FY2024-25,Exceptional,5.0,Demonstrates consistent execution and team work.,Needs to acquire digital skills and safety certifications.,Hardworking and reliable team member.,Rohan Yadav,2025-09-20T05:04:38.196173,True
775,310,FY2023-24,Exceeds Expectations,4.0,Demonstrates consistent execution and team work.,Needs to acquire digital skills and safety certifications.,Hardworking and reliable team member.,Sandeep Banerjee,2025-05-07T05:04:38.196183,True
776,311,FY2021-22,Exceeds Expectations,4.0,Demonstrates consistent execution and team work.,Needs to acquire digital skills and safety certifications.,Hardworking and reliable team member.,Vijay Gupta,2026-01-06T05:04:38.196195,True
777,311,FY2023-24,Exceeds Expectations,4.0,Demonstrates consistent execution and team work.,Needs to acquire digital skills and safety certifications.,Hardworking and reliable team member.,Rajesh Reddy,2025-06-22T05:04:38.196204,True
778,311,FY2024-25,Exceeds Expectations,4.0,Demonstrates consistent execution and team work.,Needs to acquire digital skills and safety certifications.,Hardworking and reliable team member.,Pankaj Mukherjee,2025-02-08T05:04:38.196213,True
779,312,FY2021-22,Partially Meets Expectations,2.0,Demonstrates consistent execution and team work.,Needs to acquire digital skills and safety certifications.,Hardworking and reliable team member.,Narendra Mishra,2025-12-24T05:04:38.196224,True
780,312,FY2023-24,Exceeds Expectations,4.0,Demonstrates consistent execution and team work.,Needs to acquire digital skills and safety certifications.,Hardworking and reliable team member.,Gopal Sinha,2024-11-27T05:04:38.196233,True
781,313,FY2025-26,Exceptional,5.0,Demonstrates consistent execution and team work.,Needs to acquire digital skills and safety certifications.,Hardworking and reliable team member.,Sunita Singh,2025-01-15T05:04:38.196244,True
782,313,FY2023-24,Meets Expectations,3.0,Demonstrates consistent execution and team work.,Needs to acquire digital skills and safety certifications.,Hardworking and reliable team member.,Alok Sharma,2024-08-19T05:04:38.196253,True
783,313,FY2024-25,Exceptional,5.0,Demonstrates consistent execution and team work.,Needs to acquire digital skills and safety certifications.,Hardworking and reliable team member.,Abhishek Nair,2024-10-26T05:04:38.196262,True
784,314,FY2023-24,Meets Expectations,3.0,Demonstrates consistent execution and team work.,Needs to acquire digital skills and safety certifications.,Hardworking and reliable team member.,Manish Reddy,2026-06-10T05:04:38.196275,True
785,314,FY2025-26,Exceptional,5.0,Demonstrates consistent execution and team work.,Needs to acquire digital skills and safety certifications.,Hardworking and reliable team member.,Dev Mitra,2025-04-28T05:04:38.196285,True
786,315,FY2023-24,Exceptional,5.0,Demonstrates consistent execution and team work.,Needs to acquire digital skills and safety certifications.,Hardworking and reliable team member.,Aniket Reddy,2026-04-12T05:04:38.196296,True
787,315,FY2024-25,Meets Expectations,3.0,Demonstrates consistent execution and team work.,Needs to acquire digital skills and safety certifications.,Hardworking and reliable team member.,Hari Sharma,2025-02-20T05:04:38.196305,True
788,316,FY2024-25,Meets Expectations,3.0,Demonstrates consistent execution and team work.,Needs to acquire digital skills and safety certifications.,Hardworking and reliable team member.,Amit Prasad,2025-07-05T05:04:38.196316,True
789,316,FY2023-24,Partially Meets Expectations,2.0,Demonstrates consistent execution and team work.,Needs to acquire digital skills and safety certifications.,Hardworking and reliable team member.,Vijay Singh,2026-05-12T05:04:38.196325,True
790,316,FY2022-23,Exceptional,5.0,Demonstrates consistent execution and team work.,Needs to acquire digital skills and safety certifications.,Hardworking and reliable team member.,Ramesh Sen,2024-12-30T05:04:38.196334,True
791,317,FY2025-26,Meets Expectations,3.0,Demonstrates consistent execution and team work.,Needs to acquire digital skills and safety certifications.,Hardworking and reliable team member.,Madhav Mukherjee,2025-06-20T05:04:38.196345,True
792,317,FY2024-25,Partially Meets Expectations,2.0,Demonstrates consistent execution and team work.,Needs to acquire digital skills and safety certifications.,Hardworking and reliable team member.,Amit Roy,2024-09-11T05:04:38.196354,True
793,317,FY2021-22,Exceeds Expectations,4.0,Demonstrates consistent execution and team work.,Needs to acquire digital skills and safety certifications.,Hardworking and reliable team member.,Hemant Dutta,2025-01-04T05:04:38.196363,True
794,318,FY2024-25,Partially Meets Expectations,2.0,Demonstrates consistent execution and team work.,Needs to acquire digital skills and safety certifications.,Hardworking and reliable team member.,Tanvi Rao,2026-04-22T05:04:38.196374,True
795,318,FY2023-24,Meets Expectations,3.0,Demonstrates consistent execution and team work.,Needs to acquire digital skills and safety certifications.,Hardworking and reliable team member.,Narendra Yadav,2024-10-18T05:04:38.196384,True
796,319,FY2024-25,Partially Meets Expectations,2.0,Demonstrates consistent execution and team work.,Needs to acquire digital skills and safety certifications.,Hardworking and reliable team member.,Ritu Mehta,2025-08-06T05:04:38.196395,True
797,319,FY2021-22,Meets Expectations,3.0,Demonstrates consistent execution and team work.,Needs to acquire digital skills and safety certifications.,Hardworking and reliable team member.,Sunita Tripathi,2024-10-16T05:04:38.196404,True
798,320,FY2022-23,Exceptional,5.0,Demonstrates consistent execution and team work.,Needs to acquire digital skills and safety certifications.,Hardworking and reliable team member.,Deepa Rao,2026-05-05T05:04:38.196415,True
799,320,FY2023-24,Partially Meets Expectations,2.0,Demonstrates consistent execution and team work.,Needs to acquire digital skills and safety certifications.,Hardworking and reliable team member.,Narendra Joshi,2026-04-14T05:04:38.196424,True
800,321,FY2021-22,Exceptional,5.0,Demonstrates consistent execution and team work.,Needs to acquire digital skills and safety certifications.,Hardworking and reliable team member.,Dev Ghosh,2025-01-02T05:04:38.196435,True
801,321,FY2024-25,Meets Expectations,3.0,Demonstrates consistent execution and team work.,Needs to acquire digital skills and safety certifications.,Hardworking and reliable team member.,Hemant Patel,2026-04-13T05:04:38.196444,True
802,321,FY2023-24,Exceeds Expectations,4.0,Demonstrates consistent execution and team work.,Needs to acquire digital skills and safety certifications.,Hardworking and reliable team member.,Arjun Mukherjee,2025-03-28T05:04:38.196453,True
803,322,FY2021-22,Partially Meets Expectations,2.0,Demonstrates consistent execution and team work.,Needs to acquire digital skills and safety certifications.,Hardworking and reliable team member.,Jagdish Patel,2025-03-20T05:04:38.196464,True
804,322,FY2024-25,Meets Expectations,3.0,Demonstrates consistent execution and team work.,Needs to acquire digital skills and safety certifications.,Hardworking and reliable team member.,Meera Pandey,2025-02-02T05:04:38.196473,True
805,322,FY2023-24,Partially Meets Expectations,2.0,Demonstrates consistent execution and team work.,Needs to acquire digital skills and safety certifications.,Hardworking and reliable team member.,Nikhil Joshi,2024-09-20T05:04:38.196484,True
806,323,FY2021-22,Exceeds Expectations,4.0,Demonstrates consistent execution and team work.,Needs to acquire digital skills and safety certifications.,Hardworking and reliable team member.,Kailash Sen,2026-06-02T05:04:38.196495,True
807,323,FY2023-24,Exceptional,5.0,Demonstrates consistent execution and team work.,Needs to acquire digital skills and safety certifications.,Hardworking and reliable team member.,Rahul Mukherjee,2025-12-17T05:04:38.196504,True
808,323,FY2025-26,Partially Meets Expectations,2.0,Demonstrates consistent execution and team work.,Needs to acquire digital skills and safety certifications.,Hardworking and reliable team member.,Aarav Dubey,2026-03-03T05:04:38.196513,True
809,324,FY2021-22,Partially Meets Expectations,2.0,Demonstrates consistent execution and team work.,Needs to acquire digital skills and safety certifications.,Hardworking and reliable team member.,Dev Sharma,2026-02-24T05:04:38.196524,True
810,324,FY2022-23,Meets Expectations,3.0,Demonstrates consistent execution and team work.,Needs to acquire digital skills and safety certifications.,Hardworking and reliable team member.,Ananya Das,2026-04-10T05:04:38.196533,True
811,325,FY2021-22,Exceeds Expectations,4.0,Demonstrates consistent execution and team work.,Needs to acquire digital skills and safety certifications.,Hardworking and reliable team member.,Chandan Banerjee,2026-01-18T05:04:38.196544,True
812,325,FY2025-26,Partially Meets Expectations,2.0,Demonstrates consistent execution and team work.,Needs to acquire digital skills and safety certifications.,Hardworking and reliable team member.,Dev Tripathi,2026-02-22T05:04:38.196553,True
813,326,FY2025-26,Exceeds Expectations,4.0,Demonstrates consistent execution and team work.,Needs to acquire digital skills and safety certifications.,Hardworking and reliable team member.,Ashok Mehta,2025-02-17T05:04:38.196564,True
814,326,FY2022-23,Meets Expectations,3.0,Demonstrates consistent execution and team work.,Needs to acquire digital skills and safety certifications.,Hardworking and reliable team member.,Karan Sinha,2026-03-24T05:04:38.196573,True
815,326,FY2021-22,Meets Expectations,3.0,Demonstrates consistent execution and team work.,Needs to acquire digital skills and safety certifications.,Hardworking and reliable team member.,Alok Banerjee,2024-10-06T05:04:38.196585,True
816,327,FY2021-22,Exceptional,5.0,Demonstrates consistent execution and team work.,Needs to acquire digital skills and safety certifications.,Hardworking and reliable team member.,Kiran Mishra,2025-05-13T05:04:38.196598,True
817,327,FY2025-26,Meets Expectations,3.0,Demonstrates consistent execution and team work.,Needs to acquire digital skills and safety certifications.,Hardworking and reliable team member.,Neha Ghosh,2025-04-01T05:04:38.196607,True
818,328,FY2025-26,Partially Meets Expectations,2.0,Demonstrates consistent execution and team work.,Needs to acquire digital skills and safety certifications.,Hardworking and reliable team member.,Tanvi Mehta,2026-02-20T05:04:38.196618,True
819,328,FY2023-24,Partially Meets Expectations,2.0,Demonstrates consistent execution and team work.,Needs to acquire digital skills and safety certifications.,Hardworking and reliable team member.,Abhishek Nair,2026-06-09T05:04:38.196627,True
820,329,FY2022-23,Partially Meets Expectations,2.0,Demonstrates consistent execution and team work.,Needs to acquire digital skills and safety certifications.,Hardworking and reliable team member.,Tanvi Verma,2025-03-19T05:04:38.196638,True
821,329,FY2023-24,Exceptional,5.0,Demonstrates consistent execution and team work.,Needs to acquire digital skills and safety certifications.,Hardworking and reliable team member.,Sunita Chatterjee,2025-08-28T05:04:38.196647,True
822,329,FY2025-26,Partially Meets Expectations,2.0,Demonstrates consistent execution and team work.,Needs to acquire digital skills and safety certifications.,Hardworking and reliable team member.,Bhaskar Prasad,2026-01-14T05:04:38.196656,True
823,330,FY2021-22,Exceeds Expectations,4.0,Demonstrates consistent execution and team work.,Needs to acquire digital skills and safety certifications.,Hardworking and reliable team member.,Amit Chatterjee,2025-04-13T05:04:38.196667,True
824,330,FY2025-26,Partially Meets Expectations,2.0,Demonstrates consistent execution and team work.,Needs to acquire digital skills and safety certifications.,Hardworking and reliable team member.,Dev Yadav,2026-05-23T05:04:38.196676,True
825,330,FY2022-23,Exceeds Expectations,4.0,Demonstrates consistent execution and team work.,Needs to acquire digital skills and safety certifications.,Hardworking and reliable team member.,Aniket Chatterjee,2024-08-20T05:04:38.196686,True
826,331,FY2024-25,Exceeds Expectations,4.0,Demonstrates consistent execution and team work.,Needs to acquire digital skills and safety certifications.,Hardworking and reliable team member.,Pankaj Chatterjee,2024-10-15T05:04:38.196698,True
827,331,FY2025-26,Exceeds Expectations,4.0,Demonstrates consistent execution and team work.,Needs to acquire digital skills and safety certifications.,Hardworking and reliable team member.,Deepa Ghosh,2025-01-11T05:04:38.196707,True
828,331,FY2023-24,Exceeds Expectations,4.0,Demonstrates consistent execution and team work.,Needs to acquire digital skills and safety certifications.,Hardworking and reliable team member.,Gopal Gupta,2026-04-11T05:04:38.196716,True
829,332,FY2022-23,Meets Expectations,3.0,Demonstrates consistent execution and team work.,Needs to acquire digital skills and safety certifications.,Hardworking and reliable team member.,Pooja Rao,2025-07-02T05:04:38.196727,True
830,332,FY2021-22,Partially Meets Expectations,2.0,Demonstrates consistent execution and team work.,Needs to acquire digital skills and safety certifications.,Hardworking and reliable team member.,Ganesh Banerjee,2026-06-19T05:04:38.196736,True
831,333,FY2021-22,Meets Expectations,3.0,Demonstrates consistent execution and team work.,Needs to acquire digital skills and safety certifications.,Hardworking and reliable team member.,Chandan Choudhury,2025-04-30T05:04:38.196747,True
832,333,FY2022-23,Exceptional,5.0,Demonstrates consistent execution and team work.,Needs to acquire digital skills and safety certifications.,Hardworking and reliable team member.,Sandeep Chatterjee,2026-05-13T05:04:38.196756,True
833,333,FY2023-24,Exceeds Expectations,4.0,Demonstrates consistent execution and team work.,Needs to acquire digital skills and safety certifications.,Hardworking and reliable team member.,Ganesh Mishra,2025-12-03T05:04:38.196765,True
834,334,FY2022-23,Partially Meets Expectations,2.0,Demonstrates consistent execution and team work.,Needs to acquire digital skills and safety certifications.,Hardworking and reliable team member.,Neha Dubey,2025-01-21T05:04:38.196777,True
835,334,FY2023-24,Exceeds Expectations,4.0,Demonstrates consistent execution and team work.,Needs to acquire digital skills and safety certifications.,Hardworking and reliable team member.,Hemant Sen,2025-03-22T05:04:38.196787,True
836,334,FY2025-26,Exceeds Expectations,4.0,Demonstrates consistent execution and team work.,Needs to acquire digital skills and safety certifications.,Hardworking and reliable team member.,Karan Mukherjee,2025-09-07T05:04:38.196797,True
837,335,FY2022-23,Exceptional,5.0,Demonstrates consistent execution and team work.,Needs to acquire digital skills and safety certifications.,Hardworking and reliable team member.,Nikhil Yadav,2026-01-10T05:04:38.196808,True
838,335,FY2023-24,Partially Meets Expectations,2.0,Demonstrates consistent execution and team work.,Needs to acquire digital skills and safety certifications.,Hardworking and reliable team member.,Meera Sinha,2025-08-04T05:04:38.196817,True
839,335,FY2021-22,Meets Expectations,3.0,Demonstrates consistent execution and team work.,Needs to acquire digital skills and safety certifications.,Hardworking and reliable team member.,Rahul Patel,2025-08-23T05:04:38.196826,True
840,336,FY2025-26,Partially Meets Expectations,2.0,Demonstrates consistent execution and team work.,Needs to acquire digital skills and safety certifications.,Hardworking and reliable team member.,Nikhil Choudhury,2026-07-08T05:04:38.196860,True
841,336,FY2022-23,Exceptional,5.0,Demonstrates consistent execution and team work.,Needs to acquire digital skills and safety certifications.,Hardworking and reliable team member.,Neha Sharma,2025-07-11T05:04:38.196885,True
842,337,FY2024-25,Partially Meets Expectations,2.0,Demonstrates consistent execution and team work.,Needs to acquire digital skills and safety certifications.,Hardworking and reliable team member.,Yash Pandey,2025-07-16T05:04:38.196903,True
843,337,FY2025-26,Partially Meets Expectations,2.0,Demonstrates consistent execution and team work.,Needs to acquire digital skills and safety certifications.,Hardworking and reliable team member.,Sanjay Choudhury,2026-02-22T05:04:38.196933,True
844,337,FY2021-22,Exceptional,5.0,Demonstrates consistent execution and team work.,Needs to acquire digital skills and safety certifications.,Hardworking and reliable team member.,Sandeep Das,2025-03-05T05:04:38.196971,True
845,338,FY2025-26,Exceptional,5.0,Demonstrates consistent execution and team work.,Needs to acquire digital skills and safety certifications.,Hardworking and reliable team member.,Ganesh Ghosh,2025-07-28T05:04:38.196991,True
846,338,FY2021-22,Exceeds Expectations,4.0,Demonstrates consistent execution and team work.,Needs to acquire digital skills and safety certifications.,Hardworking and reliable team member.,Rahul Reddy,2025-03-13T05:04:38.197002,True
847,338,FY2023-24,Exceptional,5.0,Demonstrates consistent execution and team work.,Needs to acquire digital skills and safety certifications.,Hardworking and reliable team member.,Ganesh Patel,2026-01-18T05:04:38.197012,True
848,339,FY2021-22,Meets Expectations,3.0,Demonstrates consistent execution and team work.,Needs to acquire digital skills and safety certifications.,Hardworking and reliable team member.,Hemant Yadav,2024-10-12T05:04:38.197026,True
849,339,FY2023-24,Exceeds Expectations,4.0,Demonstrates consistent execution and team work.,Needs to acquire digital skills and safety certifications.,Hardworking and reliable team member.,Jay Reddy,2025-09-11T05:04:38.197036,True
850,339,FY2025-26,Partially Meets Expectations,2.0,Demonstrates consistent execution and team work.,Needs to acquire digital skills and safety certifications.,Hardworking and reliable team member.,Gopal Nair,2025-04-11T05:04:38.197045,True
851,340,FY2022-23,Partially Meets Expectations,2.0,Demonstrates consistent execution and team work.,Needs to acquire digital skills and safety certifications.,Hardworking and reliable team member.,Vijay Mitra,2026-03-23T05:04:38.197057,True
852,340,FY2023-24,Partially Meets Expectations,2.0,Demonstrates consistent execution and team work.,Needs to acquire digital skills and safety certifications.,Hardworking and reliable team member.,Hemant Patel,2026-06-30T05:04:38.197067,True
853,341,FY2021-22,Exceeds Expectations,4.0,Demonstrates consistent execution and team work.,Needs to acquire digital skills and safety certifications.,Hardworking and reliable team member.,Madhav Patel,2026-03-03T05:04:38.197079,True
854,341,FY2022-23,Partially Meets Expectations,2.0,Demonstrates consistent execution and team work.,Needs to acquire digital skills and safety certifications.,Hardworking and reliable team member.,Alok Chatterjee,2024-10-31T05:04:38.197088,True
855,341,FY2023-24,Exceeds Expectations,4.0,Demonstrates consistent execution and team work.,Needs to acquire digital skills and safety certifications.,Hardworking and reliable team member.,Deepa Mishra,2024-11-07T05:04:38.197099,True
856,342,FY2021-22,Meets Expectations,3.0,Demonstrates consistent execution and team work.,Needs to acquire digital skills and safety certifications.,Hardworking and reliable team member.,Dinesh Banerjee,2025-02-16T05:04:38.197111,True
857,342,FY2024-25,Exceeds Expectations,4.0,Demonstrates consistent execution and team work.,Needs to acquire digital skills and safety certifications.,Hardworking and reliable team member.,Manish Joshi,2026-04-20T05:04:38.197121,True
858,342,FY2022-23,Partially Meets Expectations,2.0,Demonstrates consistent execution and team work.,Needs to acquire digital skills and safety certifications.,Hardworking and reliable team member.,Chandan Yadav,2024-11-26T05:04:38.197130,True
859,343,FY2022-23,Partially Meets Expectations,2.0,Demonstrates consistent execution and team work.,Needs to acquire digital skills and safety certifications.,Hardworking and reliable team member.,Abhishek Das,2025-01-17T05:04:38.197142,True
860,343,FY2023-24,Partially Meets Expectations,2.0,Demonstrates consistent execution and team work.,Needs to acquire digital skills and safety certifications.,Hardworking and reliable team member.,Kailash Chatterjee,2026-03-01T05:04:38.197152,True
861,343,FY2025-26,Meets Expectations,3.0,Demonstrates consistent execution and team work.,Needs to acquire digital skills and safety certifications.,Hardworking and reliable team member.,Jyoti Dutta,2024-10-15T05:04:38.197161,True
862,344,FY2023-24,Exceeds Expectations,4.0,Demonstrates consistent execution and team work.,Needs to acquire digital skills and safety certifications.,Hardworking and reliable team member.,Ganesh Nair,2025-11-30T05:04:38.197174,True
863,344,FY2024-25,Meets Expectations,3.0,Demonstrates consistent execution and team work.,Needs to acquire digital skills and safety certifications.,Hardworking and reliable team member.,Bhaskar Das,2026-05-21T05:04:38.197183,True
864,345,FY2022-23,Exceeds Expectations,4.0,Demonstrates consistent execution and team work.,Needs to acquire digital skills and safety certifications.,Hardworking and reliable team member.,Ananya Sinha,2024-12-05T05:04:38.197195,True
865,345,FY2024-25,Partially Meets Expectations,2.0,Demonstrates consistent execution and team work.,Needs to acquire digital skills and safety certifications.,Hardworking and reliable team member.,Narendra Rao,2024-09-17T05:04:38.197207,True
866,346,FY2023-24,Meets Expectations,3.0,Demonstrates consistent execution and team work.,Needs to acquire digital skills and safety certifications.,Hardworking and reliable team member.,Karan Sen,2025-06-30T05:04:38.197219,True
867,346,FY2025-26,Exceeds Expectations,4.0,Demonstrates consistent execution and team work.,Needs to acquire digital skills and safety certifications.,Hardworking and reliable team member.,Jay Yadav,2025-10-21T05:04:38.197228,True
868,347,FY2023-24,Meets Expectations,3.0,Demonstrates consistent execution and team work.,Needs to acquire digital skills and safety certifications.,Hardworking and reliable team member.,Deepa Das,2026-05-18T05:04:38.197239,True
869,347,FY2021-22,Exceptional,5.0,Demonstrates consistent execution and team work.,Needs to acquire digital skills and safety certifications.,Hardworking and reliable team member.,Aarav Gupta,2025-07-18T05:04:38.197249,True
870,348,FY2025-26,Partially Meets Expectations,2.0,Demonstrates consistent execution and team work.,Needs to acquire digital skills and safety certifications.,Hardworking and reliable team member.,Pankaj Choudhury,2026-01-03T05:04:38.197260,True
871,348,FY2022-23,Meets Expectations,3.0,Demonstrates consistent execution and team work.,Needs to acquire digital skills and safety certifications.,Hardworking and reliable team member.,Aniket Roy,2025-09-22T05:04:38.197270,True
872,349,FY2025-26,Partially Meets Expectations,2.0,Demonstrates consistent execution and team work.,Needs to acquire digital skills and safety certifications.,Hardworking and reliable team member.,Kiran Nair,2025-10-11T05:04:38.197281,True
873,349,FY2021-22,Exceeds Expectations,4.0,Demonstrates consistent execution and team work.,Needs to acquire digital skills and safety certifications.,Hardworking and reliable team member.,Pooja Patel,2024-11-01T05:04:38.197290,True
874,350,FY2024-25,Meets Expectations,3.0,Demonstrates consistent execution and team work.,Needs to acquire digital skills and safety certifications.,Hardworking and reliable team member.,Vijay Kumar,2025-11-15T05:04:38.197302,True
875,350,FY2023-24,Exceeds Expectations,4.0,Demonstrates consistent execution and team work.,Needs to acquire digital skills and safety certifications.,Hardworking and reliable team member.,Ananya Choudhury,2026-04-27T05:04:38.197313,True
876,350,FY2021-22,Exceptional,5.0,Demonstrates consistent execution and team work.,Needs to acquire digital skills and safety certifications.,Hardworking and reliable team member.,Sunita Singh,2025-12-28T05:04:38.197323,True
877,351,FY2025-26,Partially Meets Expectations,2.0,Demonstrates consistent execution and team work.,Needs to acquire digital skills and safety certifications.,Hardworking and reliable team member.,Kailash Sharma,2024-10-09T05:04:38.197334,True
878,351,FY2022-23,Exceeds Expectations,4.0,Demonstrates consistent execution and team work.,Needs to acquire digital skills and safety certifications.,Hardworking and reliable team member.,Dev Mehta,2026-02-24T05:04:38.197343,True
879,351,FY2023-24,Exceeds Expectations,4.0,Demonstrates consistent execution and team work.,Needs to acquire digital skills and safety certifications.,Hardworking and reliable team member.,Hemant Dubey,2025-04-01T05:04:38.197353,True
880,352,FY2021-22,Exceptional,5.0,Demonstrates consistent execution and team work.,Needs to acquire digital skills and safety certifications.,Hardworking and reliable team member.,Vikram Sinha,2026-06-13T05:04:38.197366,True
881,352,FY2024-25,Exceptional,5.0,Demonstrates consistent execution and team work.,Needs to acquire digital skills and safety certifications.,Hardworking and reliable team member.,Chandan Kumar,2024-12-15T05:04:38.197375,True
882,353,FY2023-24,Exceeds Expectations,4.0,Demonstrates consistent execution and team work.,Needs to acquire digital skills and safety certifications.,Hardworking and reliable team member.,Manish Joshi,2024-09-13T05:04:38.197386,True
883,353,FY2021-22,Partially Meets Expectations,2.0,Demonstrates consistent execution and team work.,Needs to acquire digital skills and safety certifications.,Hardworking and reliable team member.,Hemant Banerjee,2026-04-02T05:04:38.197397,True
884,353,FY2022-23,Exceeds Expectations,4.0,Demonstrates consistent execution and team work.,Needs to acquire digital skills and safety certifications.,Hardworking and reliable team member.,Sita Roy,2024-12-04T05:04:38.197406,True
885,354,FY2022-23,Partially Meets Expectations,2.0,Demonstrates consistent execution and team work.,Needs to acquire digital skills and safety certifications.,Hardworking and reliable team member.,Amit Bose,2025-10-17T05:04:38.197420,True
886,354,FY2021-22,Meets Expectations,3.0,Demonstrates consistent execution and team work.,Needs to acquire digital skills and safety certifications.,Hardworking and reliable team member.,Deepa Sinha,2026-01-05T05:04:38.197429,True
887,355,FY2022-23,Meets Expectations,3.0,Demonstrates consistent execution and team work.,Needs to acquire digital skills and safety certifications.,Hardworking and reliable team member.,Neha Banerjee,2026-02-24T05:04:38.197440,True
888,355,FY2025-26,Exceptional,5.0,Demonstrates consistent execution and team work.,Needs to acquire digital skills and safety certifications.,Hardworking and reliable team member.,Rohan Roy,2025-05-05T05:04:38.197450,True
889,356,FY2025-26,Exceptional,5.0,Demonstrates consistent execution and team work.,Needs to acquire digital skills and safety certifications.,Hardworking and reliable team member.,Jyoti Bose,2026-05-31T05:04:38.197461,True
890,356,FY2022-23,Partially Meets Expectations,2.0,Demonstrates consistent execution and team work.,Needs to acquire digital skills and safety certifications.,Hardworking and reliable team member.,Madhav Sen,2025-11-16T05:04:38.197471,True
891,357,FY2024-25,Meets Expectations,3.0,Demonstrates consistent execution and team work.,Needs to acquire digital skills and safety certifications.,Hardworking and reliable team member.,Rahul Nair,2024-11-18T05:04:38.197483,True
892,357,FY2022-23,Partially Meets Expectations,2.0,Demonstrates consistent execution and team work.,Needs to acquire digital skills and safety certifications.,Hardworking and reliable team member.,Sita Dubey,2025-05-21T05:04:38.197492,True
893,358,FY2022-23,Partially Meets Expectations,2.0,Demonstrates consistent execution and team work.,Needs to acquire digital skills and safety certifications.,Hardworking and reliable team member.,Aditya Chatterjee,2025-08-21T05:04:38.197504,True
894,358,FY2025-26,Exceeds Expectations,4.0,Demonstrates consistent execution and team work.,Needs to acquire digital skills and safety certifications.,Hardworking and reliable team member.,Aditya Banerjee,2024-09-11T05:04:38.197513,True
895,359,FY2024-25,Partially Meets Expectations,2.0,Demonstrates consistent execution and team work.,Needs to acquire digital skills and safety certifications.,Hardworking and reliable team member.,Sunita Mitra,2025-04-21T05:04:38.197527,True
896,359,FY2021-22,Exceptional,5.0,Demonstrates consistent execution and team work.,Needs to acquire digital skills and safety certifications.,Hardworking and reliable team member.,Ramesh Roy,2026-03-11T05:04:38.197537,True
897,359,FY2023-24,Exceptional,5.0,Demonstrates consistent execution and team work.,Needs to acquire digital skills and safety certifications.,Hardworking and reliable team member.,Jay Chatterjee,2026-02-09T05:04:38.197546,True
898,360,FY2021-22,Partially Meets Expectations,2.0,Demonstrates consistent execution and team work.,Needs to acquire digital skills and safety certifications.,Hardworking and reliable team member.,Abhishek Joshi,2025-12-09T05:04:38.197558,True
899,360,FY2022-23,Exceptional,5.0,Demonstrates consistent execution and team work.,Needs to acquire digital skills and safety certifications.,Hardworking and reliable team member.,Karan Das,2025-12-09T05:04:38.197567,True
900,361,FY2021-22,Exceptional,5.0,Demonstrates consistent execution and team work.,Needs to acquire digital skills and safety certifications.,Hardworking and reliable team member.,Yash Sharma,2024-08-22T05:04:38.197579,True
901,361,FY2022-23,Exceptional,5.0,Demonstrates consistent execution and team work.,Needs to acquire digital skills and safety certifications.,Hardworking and reliable team member.,Madhav Dutta,2026-01-23T05:04:38.197588,True
902,362,FY2021-22,Meets Expectations,3.0,Demonstrates consistent execution and team work.,Needs to acquire digital skills and safety certifications.,Hardworking and reliable team member.,Pooja Banerjee,2024-10-29T05:04:38.197600,True
903,362,FY2022-23,Exceptional,5.0,Demonstrates consistent execution and team work.,Needs to acquire digital skills and safety certifications.,Hardworking and reliable team member.,Narendra Verma,2025-12-24T05:04:38.197609,True
904,363,FY2021-22,Exceeds Expectations,4.0,Demonstrates consistent execution and team work.,Needs to acquire digital skills and safety certifications.,Hardworking and reliable team member.,Alok Bose,2025-02-06T05:04:38.197621,True
905,363,FY2025-26,Exceptional,5.0,Demonstrates consistent execution and team work.,Needs to acquire digital skills and safety certifications.,Hardworking and reliable team member.,Hari Pandey,2024-09-16T05:04:38.197631,True
906,363,FY2023-24,Exceeds Expectations,4.0,Demonstrates consistent execution and team work.,Needs to acquire digital skills and safety certifications.,Hardworking and reliable team member.,Vijay Roy,2026-01-13T05:04:38.197641,True
907,364,FY2022-23,Meets Expectations,3.0,Demonstrates consistent execution and team work.,Needs to acquire digital skills and safety certifications.,Hardworking and reliable team member.,Sanjay Chatterjee,2024-12-17T05:04:38.197653,True
908,364,FY2021-22,Partially Meets Expectations,2.0,Demonstrates consistent execution and team work.,Needs to acquire digital skills and safety certifications.,Hardworking and reliable team member.,Kiran Patel,2025-01-27T05:04:38.197663,True
909,365,FY2023-24,Exceptional,5.0,Demonstrates consistent execution and team work.,Needs to acquire digital skills and safety certifications.,Hardworking and reliable team member.,Tanvi Sharma,2026-03-18T05:04:38.197675,True
910,365,FY2025-26,Exceptional,5.0,Demonstrates consistent execution and team work.,Needs to acquire digital skills and safety certifications.,Hardworking and reliable team member.,Nikhil Yadav,2025-01-19T05:04:38.197685,True
911,366,FY2025-26,Exceptional,5.0,Demonstrates consistent execution and team work.,Needs to acquire digital skills and safety certifications.,Hardworking and reliable team member.,Madhav Kumar,2025-04-05T05:04:38.197698,True
912,366,FY2023-24,Meets Expectations,3.0,Demonstrates consistent execution and team work.,Needs to acquire digital skills and safety certifications.,Hardworking and reliable team member.,Tanvi Sinha,2026-02-20T05:04:38.197708,True
913,366,FY2024-25,Meets Expectations,3.0,Demonstrates consistent execution and team work.,Needs to acquire digital skills and safety certifications.,Hardworking and reliable team member.,Abhishek Chatterjee,2025-06-02T05:04:38.197717,True
914,367,FY2023-24,Exceptional,5.0,Demonstrates consistent execution and team work.,Needs to acquire digital skills and safety certifications.,Hardworking and reliable team member.,Karan Ghosh,2025-03-19T05:04:38.197729,True
915,367,FY2022-23,Exceeds Expectations,4.0,Demonstrates consistent execution and team work.,Needs to acquire digital skills and safety certifications.,Hardworking and reliable team member.,Aniket Banerjee,2025-07-18T05:04:38.197740,True
916,368,FY2023-24,Exceeds Expectations,4.0,Demonstrates consistent execution and team work.,Needs to acquire digital skills and safety certifications.,Hardworking and reliable team member.,Gopal Verma,2025-08-08T05:04:38.197753,True
917,368,FY2022-23,Exceptional,5.0,Demonstrates consistent execution and team work.,Needs to acquire digital skills and safety certifications.,Hardworking and reliable team member.,Jagdish Verma,2026-03-10T05:04:38.197763,True
918,368,FY2025-26,Exceeds Expectations,4.0,Demonstrates consistent execution and team work.,Needs to acquire digital skills and safety certifications.,Hardworking and reliable team member.,Ritu Prasad,2024-11-02T05:04:38.197772,True
919,369,FY2021-22,Meets Expectations,3.0,Demonstrates consistent execution and team work.,Needs to acquire digital skills and safety certifications.,Hardworking and reliable team member.,Sunita Roy,2025-07-15T05:04:38.197784,True
920,369,FY2023-24,Meets Expectations,3.0,Demonstrates consistent execution and team work.,Needs to acquire digital skills and safety certifications.,Hardworking and reliable team member.,Sunita Reddy,2024-10-09T05:04:38.197794,True
921,370,FY2022-23,Partially Meets Expectations,2.0,Demonstrates consistent execution and team work.,Needs to acquire digital skills and safety certifications.,Hardworking and reliable team member.,Karan Sharma,2025-12-22T05:04:38.197805,True
922,370,FY2023-24,Exceeds Expectations,4.0,Demonstrates consistent execution and team work.,Needs to acquire digital skills and safety certifications.,Hardworking and reliable team member.,Bhaskar Bose,2025-04-11T05:04:38.197815,True
923,371,FY2025-26,Exceeds Expectations,4.0,Demonstrates consistent execution and team work.,Needs to acquire digital skills and safety certifications.,Hardworking and reliable team member.,Kailash Reddy,2026-06-24T05:04:38.197826,True
924,371,FY2022-23,Exceptional,5.0,Demonstrates consistent execution and team work.,Needs to acquire digital skills and safety certifications.,Hardworking and reliable team member.,Madhav Chatterjee,2025-05-29T05:04:38.197836,True
925,372,FY2025-26,Meets Expectations,3.0,Demonstrates consistent execution and team work.,Needs to acquire digital skills and safety certifications.,Hardworking and reliable team member.,Dinesh Yadav,2025-03-02T05:04:38.197849,True
926,372,FY2022-23,Exceeds Expectations,4.0,Demonstrates consistent execution and team work.,Needs to acquire digital skills and safety certifications.,Hardworking and reliable team member.,Rajesh Ghosh,2024-10-06T05:04:38.197858,True
927,372,FY2024-25,Exceptional,5.0,Demonstrates consistent execution and team work.,Needs to acquire digital skills and safety certifications.,Hardworking and reliable team member.,Sunita Patel,2025-12-27T05:04:38.197867,True
928,373,FY2022-23,Meets Expectations,3.0,Demonstrates consistent execution and team work.,Needs to acquire digital skills and safety certifications.,Hardworking and reliable team member.,Jagdish Banerjee,2026-03-13T05:04:38.197880,True
929,373,FY2025-26,Exceeds Expectations,4.0,Demonstrates consistent execution and team work.,Needs to acquire digital skills and safety certifications.,Hardworking and reliable team member.,Vikram Chatterjee,2026-03-25T05:04:38.197889,True
930,374,FY2021-22,Meets Expectations,3.0,Demonstrates consistent execution and team work.,Needs to acquire digital skills and safety certifications.,Hardworking and reliable team member.,Dev Reddy,2025-09-17T05:04:38.197900,True
931,374,FY2022-23,Exceeds Expectations,4.0,Demonstrates consistent execution and team work.,Needs to acquire digital skills and safety certifications.,Hardworking and reliable team member.,Aditya Das,2026-03-22T05:04:38.197909,True
932,374,FY2023-24,Exceeds Expectations,4.0,Demonstrates consistent execution and team work.,Needs to acquire digital skills and safety certifications.,Hardworking and reliable team member.,Narendra Rao,2025-06-12T05:04:38.197918,True
933,375,FY2022-23,Exceeds Expectations,4.0,Demonstrates consistent execution and team work.,Needs to acquire digital skills and safety certifications.,Hardworking and reliable team member.,Kiran Choudhury,2025-03-05T05:04:38.197930,True
934,375,FY2023-24,Meets Expectations,3.0,Demonstrates consistent execution and team work.,Needs to acquire digital skills and safety certifications.,Hardworking and reliable team member.,Tanvi Patel,2025-08-23T05:04:38.197939,True
935,375,FY2024-25,Partially Meets Expectations,2.0,Demonstrates consistent execution and team work.,Needs to acquire digital skills and safety certifications.,Hardworking and reliable team member.,Neha Tripathi,2024-12-24T05:04:38.197949,True
936,376,FY2023-24,Partially Meets Expectations,2.0,Demonstrates consistent execution and team work.,Needs to acquire digital skills and safety certifications.,Hardworking and reliable team member.,Alok Patel,2025-02-09T05:04:38.197960,True
937,376,FY2021-22,Partially Meets Expectations,2.0,Demonstrates consistent execution and team work.,Needs to acquire digital skills and safety certifications.,Hardworking and reliable team member.,Nikhil Das,2025-12-22T05:04:38.197970,True
938,377,FY2025-26,Partially Meets Expectations,2.0,Demonstrates consistent execution and team work.,Needs to acquire digital skills and safety certifications.,Hardworking and reliable team member.,Chandan Sharma,2026-04-09T05:04:38.197981,True
939,377,FY2024-25,Partially Meets Expectations,2.0,Demonstrates consistent execution and team work.,Needs to acquire digital skills and safety certifications.,Hardworking and reliable team member.,Deepa Mitra,2025-06-18T05:04:38.197991,True
940,377,FY2023-24,Partially Meets Expectations,2.0,Demonstrates consistent execution and team work.,Needs to acquire digital skills and safety certifications.,Hardworking and reliable team member.,Ramesh Singh,2024-12-05T05:04:38.198000,True
941,378,FY2021-22,Exceeds Expectations,4.0,Demonstrates consistent execution and team work.,Needs to acquire digital skills and safety certifications.,Hardworking and reliable team member.,Kiran Dubey,2026-04-17T05:04:38.198011,True
942,378,FY2023-24,Partially Meets Expectations,2.0,Demonstrates consistent execution and team work.,Needs to acquire digital skills and safety certifications.,Hardworking and reliable team member.,Amit Verma,2025-12-24T05:04:38.198021,True
943,379,FY2025-26,Exceptional,5.0,Demonstrates consistent execution and team work.,Needs to acquire digital skills and safety certifications.,Hardworking and reliable team member.,Sita Singh,2025-04-18T05:04:38.198033,True
944,379,FY2021-22,Exceptional,5.0,Demonstrates consistent execution and team work.,Needs to acquire digital skills and safety certifications.,Hardworking and reliable team member.,Vikram Rao,2025-02-21T05:04:38.198042,True
945,380,FY2025-26,Partially Meets Expectations,2.0,Demonstrates consistent execution and team work.,Needs to acquire digital skills and safety certifications.,Hardworking and reliable team member.,Chandan Mishra,2025-02-06T05:04:38.198055,True
946,380,FY2024-25,Meets Expectations,3.0,Demonstrates consistent execution and team work.,Needs to acquire digital skills and safety certifications.,Hardworking and reliable team member.,Madhav Nair,2024-10-25T05:04:38.198065,True
947,381,FY2024-25,Meets Expectations,3.0,Demonstrates consistent execution and team work.,Needs to acquire digital skills and safety certifications.,Hardworking and reliable team member.,Jay Bose,2025-12-11T05:04:38.198076,True
948,381,FY2025-26,Exceptional,5.0,Demonstrates consistent execution and team work.,Needs to acquire digital skills and safety certifications.,Hardworking and reliable team member.,Ashok Dubey,2025-02-28T05:04:38.198086,True
949,381,FY2021-22,Exceeds Expectations,4.0,Demonstrates consistent execution and team work.,Needs to acquire digital skills and safety certifications.,Hardworking and reliable team member.,Yash Gupta,2026-04-29T05:04:38.198095,True
950,382,FY2025-26,Meets Expectations,3.0,Demonstrates consistent execution and team work.,Needs to acquire digital skills and safety certifications.,Hardworking and reliable team member.,Hari Mitra,2025-04-10T05:04:38.198106,True
951,382,FY2022-23,Meets Expectations,3.0,Demonstrates consistent execution and team work.,Needs to acquire digital skills and safety certifications.,Hardworking and reliable team member.,Deepa Sharma,2025-08-25T05:04:38.198116,True
952,382,FY2023-24,Exceptional,5.0,Demonstrates consistent execution and team work.,Needs to acquire digital skills and safety certifications.,Hardworking and reliable team member.,Pankaj Sharma,2025-05-18T05:04:38.198125,True
953,383,FY2021-22,Partially Meets Expectations,2.0,Demonstrates consistent execution and team work.,Needs to acquire digital skills and safety certifications.,Hardworking and reliable team member.,Dinesh Patel,2026-01-28T05:04:38.198136,True
954,383,FY2022-23,Exceeds Expectations,4.0,Demonstrates consistent execution and team work.,Needs to acquire digital skills and safety certifications.,Hardworking and reliable team member.,Pooja Sen,2026-03-20T05:04:38.198145,True
955,383,FY2024-25,Exceptional,5.0,Demonstrates consistent execution and team work.,Needs to acquire digital skills and safety certifications.,Hardworking and reliable team member.,Jay Rao,2025-08-01T05:04:38.198156,True
956,384,FY2023-24,Partially Meets Expectations,2.0,Demonstrates consistent execution and team work.,Needs to acquire digital skills and safety certifications.,Hardworking and reliable team member.,Sandeep Sharma,2025-01-04T05:04:38.198167,True
957,384,FY2024-25,Exceeds Expectations,4.0,Demonstrates consistent execution and team work.,Needs to acquire digital skills and safety certifications.,Hardworking and reliable team member.,Ashok Mehta,2025-08-26T05:04:38.198177,True
958,384,FY2022-23,Exceeds Expectations,4.0,Demonstrates consistent execution and team work.,Needs to acquire digital skills and safety certifications.,Hardworking and reliable team member.,Manish Das,2025-03-24T05:04:38.198186,True
959,385,FY2022-23,Exceeds Expectations,4.0,Demonstrates consistent execution and team work.,Needs to acquire digital skills and safety certifications.,Hardworking and reliable team member.,Pooja Mukherjee,2025-07-15T05:04:38.198197,True
960,385,FY2024-25,Meets Expectations,3.0,Demonstrates consistent execution and team work.,Needs to acquire digital skills and safety certifications.,Hardworking and reliable team member.,Neha Rao,2025-06-02T05:04:38.198206,True
961,386,FY2023-24,Exceptional,5.0,Demonstrates consistent execution and team work.,Needs to acquire digital skills and safety certifications.,Hardworking and reliable team member.,Manish Reddy,2025-09-05T05:04:38.198217,True
962,386,FY2022-23,Exceptional,5.0,Demonstrates consistent execution and team work.,Needs to acquire digital skills and safety certifications.,Hardworking and reliable team member.,Madhav Choudhury,2026-03-04T05:04:38.198226,True
963,387,FY2025-26,Partially Meets Expectations,2.0,Demonstrates consistent execution and team work.,Needs to acquire digital skills and safety certifications.,Hardworking and reliable team member.,Sanjay Mishra,2024-09-01T05:04:38.198237,True
964,387,FY2024-25,Meets Expectations,3.0,Demonstrates consistent execution and team work.,Needs to acquire digital skills and safety certifications.,Hardworking and reliable team member.,Aarav Yadav,2025-07-13T05:04:38.198246,True
965,388,FY2021-22,Exceptional,5.0,Demonstrates consistent execution and team work.,Needs to acquire digital skills and safety certifications.,Hardworking and reliable team member.,Vikram Bose,2024-09-30T05:04:38.198259,True
966,388,FY2023-24,Meets Expectations,3.0,Demonstrates consistent execution and team work.,Needs to acquire digital skills and safety certifications.,Hardworking and reliable team member.,Manish Dubey,2024-09-07T05:04:38.198268,True
967,388,FY2022-23,Meets Expectations,3.0,Demonstrates consistent execution and team work.,Needs to acquire digital skills and safety certifications.,Hardworking and reliable team member.,Ramesh Tripathi,2025-08-24T05:04:38.198279,True
968,389,FY2021-22,Meets Expectations,3.0,Demonstrates consistent execution and team work.,Needs to acquire digital skills and safety certifications.,Hardworking and reliable team member.,Ganesh Prasad,2025-03-13T05:04:38.198290,True
969,389,FY2024-25,Partially Meets Expectations,2.0,Demonstrates consistent execution and team work.,Needs to acquire digital skills and safety certifications.,Hardworking and reliable team member.,Neha Dutta,2025-10-29T05:04:38.198300,True
970,389,FY2025-26,Meets Expectations,3.0,Demonstrates consistent execution and team work.,Needs to acquire digital skills and safety certifications.,Hardworking and reliable team member.,Manish Prasad,2026-04-12T05:04:38.198309,True
971,390,FY2021-22,Exceeds Expectations,4.0,Demonstrates consistent execution and team work.,Needs to acquire digital skills and safety certifications.,Hardworking and reliable team member.,Karan Sinha,2025-05-13T05:04:38.198319,True
972,390,FY2025-26,Meets Expectations,3.0,Demonstrates consistent execution and team work.,Needs to acquire digital skills and safety certifications.,Hardworking and reliable team member.,Bhaskar Choudhury,2024-10-20T05:04:38.198329,True
973,391,FY2022-23,Exceeds Expectations,4.0,Demonstrates consistent execution and team work.,Needs to acquire digital skills and safety certifications.,Hardworking and reliable team member.,Pankaj Joshi,2024-08-12T05:04:38.198340,True
974,391,FY2023-24,Exceeds Expectations,4.0,Demonstrates consistent execution and team work.,Needs to acquire digital skills and safety certifications.,Hardworking and reliable team member.,Narendra Pandey,2024-10-26T05:04:38.198350,True
975,391,FY2025-26,Exceptional,5.0,Demonstrates consistent execution and team work.,Needs to acquire digital skills and safety certifications.,Hardworking and reliable team member.,Hemant Mukherjee,2025-10-20T05:04:38.198361,True
976,392,FY2021-22,Partially Meets Expectations,2.0,Demonstrates consistent execution and team work.,Needs to acquire digital skills and safety certifications.,Hardworking and reliable team member.,Narendra Mehta,2024-12-12T05:04:38.198373,True
977,392,FY2025-26,Meets Expectations,3.0,Demonstrates consistent execution and team work.,Needs to acquire digital skills and safety certifications.,Hardworking and reliable team member.,Hari Chatterjee,2026-06-27T05:04:38.198383,True
978,393,FY2022-23,Exceptional,5.0,Demonstrates consistent execution and team work.,Needs to acquire digital skills and safety certifications.,Hardworking and reliable team member.,Narendra Pandey,2025-09-10T05:04:38.198394,True
979,393,FY2024-25,Exceptional,5.0,Demonstrates consistent execution and team work.,Needs to acquire digital skills and safety certifications.,Hardworking and reliable team member.,Ananya Yadav,2025-06-14T05:04:38.198403,True
980,393,FY2021-22,Exceptional,5.0,Demonstrates consistent execution and team work.,Needs to acquire digital skills and safety certifications.,Hardworking and reliable team member.,Pankaj Choudhury,2025-10-30T05:04:38.198413,True
981,394,FY2022-23,Partially Meets Expectations,2.0,Demonstrates consistent execution and team work.,Needs to acquire digital skills and safety certifications.,Hardworking and reliable team member.,Aarav Choudhury,2026-02-01T05:04:38.198424,True
982,394,FY2023-24,Meets Expectations,3.0,Demonstrates consistent execution and team work.,Needs to acquire digital skills and safety certifications.,Hardworking and reliable team member.,Vikram Sharma,2026-05-28T05:04:38.198433,True
983,394,FY2021-22,Partially Meets Expectations,2.0,Demonstrates consistent execution and team work.,Needs to acquire digital skills and safety certifications.,Hardworking and reliable team member.,Narendra Nair,2025-03-13T05:04:38.198442,True
984,395,FY2023-24,Partially Meets Expectations,2.0,Demonstrates consistent execution and team work.,Needs to acquire digital skills and safety certifications.,Hardworking and reliable team member.,Rahul Nair,2026-03-23T05:04:38.198454,True
985,395,FY2021-22,Exceeds Expectations,4.0,Demonstrates consistent execution and team work.,Needs to acquire digital skills and safety certifications.,Hardworking and reliable team member.,Yash Chatterjee,2025-10-02T05:04:38.198465,True
986,395,FY2022-23,Meets Expectations,3.0,Demonstrates consistent execution and team work.,Needs to acquire digital skills and safety certifications.,Hardworking and reliable team member.,Jay Tripathi,2025-02-11T05:04:38.198474,True
987,396,FY2025-26,Meets Expectations,3.0,Demonstrates consistent execution and team work.,Needs to acquire digital skills and safety certifications.,Hardworking and reliable team member.,Madhav Gupta,2026-03-05T05:04:38.198485,True
988,396,FY2024-25,Partially Meets Expectations,2.0,Demonstrates consistent execution and team work.,Needs to acquire digital skills and safety certifications.,Hardworking and reliable team member.,Gopal Reddy,2025-11-04T05:04:38.198494,True
989,397,FY2022-23,Partially Meets Expectations,2.0,Demonstrates consistent execution and team work.,Needs to acquire digital skills and safety certifications.,Hardworking and reliable team member.,Vijay Dubey,2025-03-04T05:04:38.198505,True
990,397,FY2025-26,Exceeds Expectations,4.0,Demonstrates consistent execution and team work.,Needs to acquire digital skills and safety certifications.,Hardworking and reliable team member.,Yash Kumar,2025-09-13T05:04:38.198515,True
991,398,FY2024-25,Meets Expectations,3.0,Demonstrates consistent execution and team work.,Needs to acquire digital skills and safety certifications.,Hardworking and reliable team member.,Ananya Mehta,2026-01-23T05:04:38.198526,True
992,398,FY2023-24,Partially Meets Expectations,2.0,Demonstrates consistent execution and team work.,Needs to acquire digital skills and safety certifications.,Hardworking and reliable team member.,Ramesh Mukherjee,2026-06-29T05:04:38.198535,True
993,398,FY2022-23,Exceptional,5.0,Demonstrates consistent execution and team work.,Needs to acquire digital skills and safety certifications.,Hardworking and reliable team member.,Sanjay Prasad,2024-08-21T05:04:38.198544,True
994,399,FY2024-25,Exceeds Expectations,4.0,Demonstrates consistent execution and team work.,Needs to acquire digital skills and safety certifications.,Hardworking and reliable team member.,Hemant Chatterjee,2025-09-08T05:04:38.198555,True
995,399,FY2021-22,Meets Expectations,3.0,Demonstrates consistent execution and team work.,Needs to acquire digital skills and safety certifications.,Hardworking and reliable team member.,Pooja Kumar,2026-06-20T05:04:38.198566,True
996,400,FY2022-23,Exceptional,5.0,Demonstrates consistent execution and team work.,Needs to acquire digital skills and safety certifications.,Hardworking and reliable team member.,Deepa Dubey,2025-02-25T05:04:38.198577,True
997,400,FY2024-25,Meets Expectations,3.0,Demonstrates consistent execution and team work.,Needs to acquire digital skills and safety certifications.,Hardworking and reliable team member.,Rahul Mukherjee,2024-08-31T05:04:38.198586,True
998,400,FY2025-26,Partially Meets Expectations,2.0,Demonstrates consistent execution and team work.,Needs to acquire digital skills and safety certifications.,Hardworking and reliable team member.,Aniket Dubey,2025-03-02T05:04:38.198595,True
999,401,FY2024-25,Exceptional,5.0,Demonstrates consistent execution and team work.,Needs to acquire digital skills and safety certifications.,Hardworking and reliable team member.,Bhaskar Mukherjee,2025-03-17T05:04:38.198607,True
1000,401,FY2025-26,Exceptional,5.0,Demonstrates consistent execution and team work.,Needs to acquire digital skills and safety certifications.,Hardworking and reliable team member.,Neha Choudhury,2025-06-16T05:04:38.198616,True
